What are your favorite foods?,2379
What would happen if the Google database was hacked?,2639
How do I smile when clicking a picture?,3702
How can I reduce hairfall?,4295
How do I study well without getting distracted?,1364
My boyfriend gropes me in his sleep all night. Is this normal?,4252
Why is editorial page of The Hindu so important for UPSC aspirants?,2863
Why do we commemorate Remembrance Day?,2551
How can Vitamin C cause a miscarriage?,38
Who is the most influential queen in history?,435
How can I maintain my peace of mind?,125
How can I apply pan card with initial in surname or last name for reprinting my pan card?,2788
What is the best way to learn discipline?,2305
What algorithm is used by Google Maps?,3776
Do you believe in witchcraft?,915
What are some common syntax errors in writing?,4754
Which is best digital marketing course?,1789
Where can I get free books?,367
How do I delete Facebook messages that I send to others?,868
How do I start a random conversation with a girl I don't know?,1263
What is the best way to increase traffic for a new blog?,2099
How can I deal with depression and low self-esteem?,1084
Does everything happen for a reason?,2734
How common is sleep paralysis?,2940
Would demonetization of 500 and 1000 rupee notes actually help in curbing black money in India?,502
Why is my period 8 days late?,4360
Why are so many questions posted to Quora that are so easily answered by using Google?,237
Where can I meet Aussies in Toronto Canada?,4455
Will war happen between India and Pakistan?,4365
How can Herbalife help me lose weight?,2446
How will a Trump presidency affect the students presently in US or planning to study in US?,4
What can I do to practice my English?,687
Why do we fall for someone whom we can't be a part of their love?,661
Do irregular menstrual periods affect female fertility?,838
What is do after completing BE in electronics and communication?,3621
How can I observe like Sherlock Holmes?,1091
What is the meaning or purpose of life?,2255
How do you fix a shift key that is locked?,4686
What is the best way to improve my spoken English soon?,663
How does one ask a question anonymously?,2623
How can I hack Clash of Clans?,3360
What if India and China settle their disputes and join hands?,4259
What would be your New Year resolutions for 2017?,2921
Does green tea really help in losing weight?,1786
What are the legal pets in India?,1432
How do I gain weight as a teenager?,761
What have you gotten away with?,3907
How should non-believers explain they don't believe to family members?,2051
What are some good dance schools in Hyderabad?,1427
How does one fall in love?,562
What are some other sites like Quora?,4808
Why do people bully others?,1198
Why are my questions not answered on Quora?,1290
What are the 7 wonders of the Chhattisgarh?,4402
Is mathematics good for optional in UPSC?,3808
What you think about schools?,4961
How do I improve my speaking?,3345
How do I delete Quora account?,2764
How do I tell my parent I don't believe in God?,2051
What will be the impact of scrapping of ₹500 and ₹1000 rupee notes on the real estate market?,61
How do you exhale scream?,4610
How can I win in UGC Net Exam in English literature?,536
What can be used as a substitute for cumin?,3482
What can we do after completing BDs?,315
What is the sense of life?,1277
How do I improve my drawing skills and techniques?,989
Why my friend ignores me?,3791
Was Hillary Clinton an effective Secretary of State?,3799
What are the different ways to rank a keyword through Facebook?,1261
Is learning Chinese really difficult?,3054
Will an MS from NUS in electrical engineering provide good job opportunities in India?,1693
Can one hack Facebook with software?,4466
How I get into BCCI?,4947
Who are the best Internet service providers in San Francisco?,1640
How do I lose weight fast?,2074
How do I get more topics?,3880
What is mining engineering?,1985
How can I see who blocked me at Facebook?,255
What is your definition of an introvert?,1668
What happens when you die in a dream?,899
Why does Red keep the keys in season 4 of Orange is the New Black?,42
Has anyone ever died from smoking marijuana?,3335
What is passive transport? What are some examples?,4826
How do I get more money?,2175
How can I deal with unbearable menstrual cramps?,2091
Is death the end of everything or the beginning of nothing?,1027
Which is the best laptop under Rs 60000 for gaming in India?,3917
What are the greatest pieces of art inspired by atheism?,4216
Why is the suicide rate high in Japan?,1856
Which is the best state within India and why?,2776
What is the ligase's function in DNA replication?,4579
How do I learn quickly?,3874
How is the word 'atrocious' used in a sentence?,4932
What are benefits of reading books?,3244
How should I convince my parents for love marriage?,1541
How do you find out if a girl has a boyfriend?,332
How do I answer the question who am I?,2873
Why is India so bad at Olympics?,4811
How do I get funding from investors for my business idea?,3018
Is it possible to post a rhetorical question on Quora?,4409
What is the meaning of time dilation?,1194
How can I Ignore negative thoughts?,708
What is the best option after btech in mechanical engineering?,880
Why do some dogs wag their tail in circles?,1028
What is the best wireless internet service provider in India?,1160
Why wasn't Hope Solo chastised to the same extent as Adrian Peterson and Ray Rice for domestic violence?,3534
How can I learn to read Sütterlinschrift?,4031
What are some of the best examples of hypocrisy in Indian politics?,4592
How can I get back my lost fair skin complexion?,3299
Is planet 9 real or a hype/joke like Nibiru?,2370
Why does Quora always mark my questions as needing improvement?,4099
Why doesn't Spotify work in India?,1220
What is the best keylogging software?,3314
What are some movies that everyone needs to watch at least once in life?,209
Why is the speed of light a constant?,2427
Can you make online friends with other people on Quora?,4543
What kind of fruit do you eat?,4057
How long does meat last in the freezer?,3310
What contribution have Indian mathematicians made to mathematics in general?,4253
What are some good recipes for Chocolate Chip cookies?,1819
What will be the effect on share market after the banning of 500 and 1000 notes?,1094
Daniel Ek: When will Spotify be available for Indian customers?,3030
Impacts of poor study skills to students performance?,3235
How is it like to work in IT company?,1845
What is the scope of psychology?,3189
Where could I find a SD Memory Card data recovery software free of cost?,2509
What are some of the best websites to download movies?,3089
What is your review of Suicide Squad?,2684
How do I delete Quora Account with all answers and questions also removed?,1338
How can I activate a Verizon phone with a call?,1305
What are the top 5 resources for learning Javascript?,2520
Where can I get best fire protection services in Sydney?,1629
How do I learn web development as quickly as possible?,2767
What do you think of the decision by the Indian government to demonetize 500 and 1000 rupee notes?,4260
Can anyone list some sites to study data structures and algorithms from scratch to advanced level? I'll prefer hands on learning rather than videos.,4397
What are the pros and cons of the German Shepherd dog?,112
What are your favorite music and video clips?,3279
Which are the movies with incest themes?,1438
What is the best way to reduce weight fast?,4991
What is white hat SEO?,365
Are the Japanese a genetically admixed people?,3172
In what ways microorganisms are useful?,4346
How can I stop overthinking everything in my relationship?,437
What is the best Harry Potter movie and why? Is it also your favorite? Why or why not?,2602
Do animals talk to each other?,4505
What are your theories about Bermuda Triangle?,123
Is time travel possible? If yes how,2931
Will I be taller even after 21?,4480
Do bad things happen to good people? Or do bad things create good people?,1681
Does Lenovo K3 note supports volte?,1029
How I can speak English fluently?,2181
How do i stop dreaming?,2907
What exactly is a backend developer?,1496
What is paradox?,680
Are any coding languages written in anything other than english?,3605
What's it like to be married to a pornstar?,931
What is parents going to look like in the future?,3298
What are the best hashtags I can use for my clothing brand on instagram?,969
Why do people hate Shahrukh Khan and why do people feel that he is not an Indian?,129
How would it be if Shiva trilogy was made into a TV series?,1953
What are the job opportunities available after doing MS in Biotechnology from a US University?,2860
What makes a smile infectious?,2587
What is the best online coach for medical post-graduate entrance exam preparation?,2851
How should I be a people person?,335
What's the difference between the iPhone 6 and the iPhone 6s?,285
How do I know if my wife cheats?,4585
How is everyone today?,4779
How does a person get over the fear of commitment?,932
Is there a platform where I can download free music?,1119
What are the ways to learn about stock market?,633
What are the most important books ever written?,120
Where can you find out what needs to be improved if your question was marked for needing revision?,2619
How banning 500 and 1000 rupees note will curb the corruption and black money in India?,4089
What should I gift to my teacher?,4065
Open Culture: What are the most liberal countries of the world?,3456
Does critical thinking help to burn calories?,556
Which Best SIP plan in india for investement purpose?,851
How good is the Indian army?,4863
How do I get over someone I just cannot get over?,1167
Why does the Samsung Galaxy Note 7 explode?,4771
I have to masturbate 3 times to feel an orgasm sometimes only 2 times what is wrong with me I went to the doctor and they do not believe me?,2323
Why is it controversial to say that the Earth could be the only planet in the universe with life?,1157
What are the best books to prepare for SSB?,4834
How do I become an attractive girl?,2377
What is the best online high school?,2373
How does the demonetized notes of 500 and 1000 effect the real estate?,444
Smartphones: What is the best phone camera at the moment?,4539
What happens when you die?,4048
How can I ask the right questions in any situation?,3037
How can I unblock my Facebook account on Chrome?,874
Why won't the government announce aliens? Would there be some kind of distress on earth?,894
The Indian government is banning the Rs. 500 & Rs. 1000 notes but it is coming up with the Rs. 2000 note. Will it not cause a generation of black money in the future?,4465
How do I make a profit?,3887
How can I hack another WhatsApp account?,375
How do I download complete YouTube playlist videos without any software?,2481
How can I can concentrate well in studies?,658
How do I maintain my peace of mind?,125
Should I double major in math and economics?,2162
What are examples of a pun?,3146
What is the best planet?,4184
What are some of the examples of presence of mind?,1385
What are the safety precautions on handling shotguns proposed by the NRA in Idaho?,4864
How do Americans feel about the British?,4862
Which are best government jobs for mechanical engineer?,2744
How are MSC Computer Science placements in NIT Trichy?,2031
Which books can change your life?,1896
What are some common examples of solid matter?,415
Is there evidence of the dark matter every time a double slit experiment is performed? Is the dark matter what waves?,3682
Which is the best LG refrigerator repair center in Hyderabad?,1976
What defense is there of Israeli settlements?,793
How do I open a business in USA?,3028
What is something that never fails to make you happy?,3460
Why is Hoopa from Pokemon popular in Thailand?,3892
How do I begin to talk to my crush?,1243
What is the best way to send a fax from Australia to the United States?,566
Is Donald Trump the 666 Antichrist?,1294
Do cranberry supplements help flush meth out of your system?,1289
What is the Gülen movement?,266
How can I master C#?,3555
Is there any pill you can buy to flush meth out of your system for a drug test?,1164
What do teachers think of students who are models?,1487
Can matter travel through multiverses if the multiverse hypothesis is true?,3780
How do we live a meaningful life?,646
Why work is scalar quantity when both displacement and force are vector quantities?,2569
How do I make money on mobile games?,3997
What are the hacks in daily life?,189
What is the best advice your father ever gave you?,819
Which are the famous caves in Chhattisgarh?,1325
Why does Quora believe my name is fake?,4817
How do I prepare for TIFR GS Mathematics entrance examination?,2899
How can I motivate myself to get into study?,1725
What is the craziest conspiracy theory you've heard?,4424
How do you know if you are in love with your crush?,1987
Is it possible that global warming is a hoax?,814
Who designed and invented the human heart?,3126
Do Trump voters care that he has reneged all his campaign promises?,200
What are some great mixers for Southern Comfort?,2625
What are the best ways to prepare for software interviews?,165
What is some of the best poetry you have written?,2804
Why hollow shaft can transmit more torque than solid shaft?,4249
Are there some good English name?,4953
Which SEO tips are required to increase the traffic of a Blogger (blogspot) blog?,1879
What is the best tank in WoT?,1459
How were you first introduced to porn?,142
What is your favourite story by Isaac Asimov?,393
How and where do I promote a startup travel website?,3330
How do I use Reddit efficiently?,2245
Why did Modi scrap Rs 500 & Rs 1000 notes? And what's the reason for the sudden introduction of the 2000 rupee note?,1662
Where can I get best domestic and commercial window cleaning service in Sydney?,4761
How is the word acquiesce used in a sentence?,3714
What is there if you didn't clear TCS Lapp exam.?,2555
What is the scariest paranormal experience you have ever had?,2868
Why will Minerva succeed when many other for-profit universities have been bad investments?,570
What are some human effects on the water cycle?,1332
What new features in iPhone 8 are expected and what storage capacity will be?,3822
What can be my first question for Quora?,972
What would happen if the Earth went into a zero gravity state for 10 seconds?,4074
How can I improve my Math?,3550
How does one fall out of love?,2121
How can I recover my old mail from a Gmail account?,2267
What are the time slots of CAT 2016 exam?,1208
What are the things that are constant in life?,4182
What are scotch eggs and when were they invented?,786
Do you believe in horoscopes?,1337
Where can I buy best quality customized cupcakes in Gold Coast?,92
How do I not sleep in a boring class?,4530
What are some mind-blowing science home tricks that most people don't know about?,4689
What prevented Harry Potter from becoming an Obscurial?,1734
Why can't we store lightning energy?,2260
How should I start preparing for the IAS exam? I am currently studying engineering first year. What are the various books or materials I need to use?,2973
Do anti-virus companies write viruses to create business for themselves?,2745
How can I accurately diagnose and medicate my mental illness?,80
Is having a dry throat related to diabetes?,1111
What are some books that will expand our mind?,3737
What do you think of the new MacBook Pro (2016) USB-C ports?,2415
What is best techniques to do Off Page Seo?,2976
Can I hack Facebook?,495
What does agape mean?,1214
Quora: How do you post a question on Quora?,372
What is a list of the subfields of psychology and what are their distinctions?,2301
Will we be able to gain energy from lightning?,1475
Why do I get so bored of people easily?,3181
How does a minor who is the owner of a LLC appoint a officer capable of creating a Bank account for the LLC?,2499
Have you ever taken revenge? How?,2836
What is the difference between CDMA and GSM?,1396
I am a socially awkward nerd. How can I become more social and mainstream?,4700
How do you control your anger?,4735
How is erectile dysfunction treated?,498
What are the funniest jokes / stories you ever heard?,3450
How do I qualify for the boston marathon?,1889
Does having bad teeth mean you will die young?,815
How do 1080p and 1080i resolution differ?,4050
What would be the best way to quit smoking?,113
Why does temperature decrease when altitude increases?,409
How many diciples did Jesus have?,4115
How much time does Quora take up in your day?,497
Is God present or not?,2611
How do I control my emotions and anger?,923
Was Jesus a Jew?,3331
What is the most intelligent question asked on Quora?,1812
What is that one question or answer on Quora that changed your life?,736
How can one stop masturbation?,2750
Is the MS from NUS have any value in India? (from job point of view),1693
Which are some of the best movies of 2016?,3197
Why are some people afraid of clowns?,4123
How does a long distance relationship work?,336
Why is there so much suffering in the world?,988
What is the secrets of indian army?,1034
What do you think of the move by the govt to scrap 500 & 1000 rupee notes?,1101
What is the best tourist destination in Nigeria and why?,4185
What is white-hat SEO?,365
What are the differences between mass and weight?,2723
What are the causes for the rise of fascism?,4678
What's the function of cell membrane?,3202
Who is the father of math?,2867
What is an interquartile range?,4820
Is there some painless way to suicide?,3035
What is your best guess as to what Donald Trump will attempt to get done in his first 100 days as President?,2125
What is a pantograph used for?,3785
Why is no one answering my questions in Quora?,1450
What are your 10 favorite horror movies?,1861
Where can I get various range of stylish ceramic floor tiles in Sydney?,3341
How to calculate tension in physics?,2077
How do I stop feeling insecure about myself?,603
What was the reaction of people in offices holding black money after the ban of Rs. 500/Rs. 1000 notes?,1650
What are the must watch Indian movies?,4891
Did Japan really try to surrender before the atomic bomb was dropped on Hiroshima?,3784
Is it possible to travel faster than light?,151
Which American restaurant chains can be found in Norway? What do Norwegian people think of them,2769
How can I join Indian army after BBA?,3294
What I can do for corruption free India?,2773
What kind of problems industries are facing at present?,4745
How do I start preparation of ias (in detail)?,4521
How do you buy a car off of Craigslist?,3641
How do people with very few views become Top Writers on Quora?,4450
Why am I so misunderstood?,4595
What is the best age to teach a child how to swim?,345
What should I do to avoid sleeping in class?,3296
Can I get into M.tech program through UPSEE?,1257
How will demonetization help Indian economy?,3529
What are some ways I can make money from home?,2139
Do you believe that everything happens for a reason?,1885
How does recession match with gross domestic product?,3695
What is a microscope's field of view?,2691
How come i get bored so easily?,4136
What are your favourite documentaries? Why?,1538
Who is the father of maths?,2867
How can I improve fluency in English?,3602
How do I ask someone to be my mentor?,582
Why is cricket not popular in the US despite being a part of former British colonies?,924
Why don't children love their parents as much as parents love them?,3023
Why is frictional force is not a conservative force?,2153
Why do you vote for Trump?,3249
What are some ways to lace your shoes?,2191
Is homosexuality natural?,1678
How do I seduce my wife?,3408
What are the best places to visit in Pakistan?,3117
What is the best philosophical book ever?,4462
What's the easiest way to concentrate on studies?,4877
What's the worst thing you have done at work?,2204
Why are people obsessed with intjs and intps on Quora?,1536
What is intensive farming? What are its advantages and disadvantages?,2772
What are ways I can make money online?,2325
Which is the best IAS coaching centres in Hyderabad?,1145
Does DNA change when growing up from baby to adult?,1080
What are the Top mba colleges in india with better placemens?,3608
How can I lose max weight in 14 days?,4387
How does Minerva Schools differ from other for-profit universities in the US?,570
How do I prepare for GRE in 45 days and score 315+?,4235
Why was the 1000 rupee note replaced with a 2000 rupee note?,4752
How can I earn money through a Facebook page?,4131
How do I make life easy?,4581
Do animals understand emotions?,2920
Can Russia defeat USA if war happen between them?,1462
What are the best tablets available for kids in the Indian market?,3481
What is the best phone under 10k in India?,4694
How do I get over things that hurt me?,3585
Why was the jury system abolished in India?,3599
Who will win Punjab assembly election 2017?,4242
How do you delete a question you asked on Quora,648
What are the safety precautions on handling shotguns proposed by the NRA in Kansas?,3055
Can sound waves be polarized just as light waves?,4100
What's it like to study computer science at MIT?,2891
How can I learn oral English well?,4660
How is circumcision being done to girls?,4775
What are the things to be considered while buying a new car?,3511
How can I become a Top Writer on Quora?,3538
How to deal with procrastination?,3228
What's the best European country to start a business in (as a U.S. citizen)?,848
What are your most embarrassing stories?,2890
How can someone hack a Facebook account?,4096
Why am I misunderstood by some people?,4595
How can I write a letter to Mr. Narendra Modi?,2480
Why is there only few magnets?,2085
Why weren't soldiers of Subhash Chandra Bose's Indian National Army integrated into the Indian armed forces after independence? What was the official reason given and what is actual reason?,2835
What is the fastest Internet speed in India?,2002
What's your opinion about the decision on removal of 500 and 1000 rupees currency notes?,2682
Who do you think will win the Super Bowl 51?,4385
Is Brexit likely to happen?,430
Why creativity is important?,64
Does taking more AP classes give you a better chance of getting into a top school?,4373
Who invented the light year?,1794
What would happen if I was working and said to my boss I don't want to get paid?,1087
Is a president needed in a country like India?,844
What do you think of Donald Trump winning the US Presidential election?,2919
Where  can i sell a business idea?,734
Do parents have a favorite kid?,4564
How do I influence my crush?,1243
What's the most important economic concept?,2491
Why did Ecuador cut Julian Assange's Internet access?,1649
Where can I get best services for dusting & window cleaning in Sydney?,4761
What is the importance of culture in our life?,694
Why do people belive in god?,386
If radius of earth is R/4 then number of days in one year will be?,4008
What can I eat every day to be more healthy?,1509
Why do I love her so much?,1771
Which book should be followed for preparation of SSC CGL Tier 2 (Both English and Quant)?,2381
How should I overcome anxiety and depression?,4231
How Can I impress a girl who hate me?,412
What are the safety precautions on handling shotguns proposed by the NRA in California?,2622
Why does Tywin sleep with Shae in A Storm of Swords?,483
When is a good time to teach your children how to swim?,345
Why am I always so tired and sleepy?,4806
A ball is thrown vertically upward direction with an initial velocity 50 km/s. What's the maximum height?,4165
What are the time slots available in CAT 2016?,1208
What are the best places to visit in Nepal?,179
How do I block annoying people on Quora?,3344
What is the difference between Gmail and email?,3962
Which is the best college for biotechnology in India?,4090
How do I find my passion and career?,3588
Why do engineering graduates not get jobs?,727
What should I do to be good programmer?,2523
What are the advantages and disadvantages of Dc series motor?,2743
How can I have more casual sex in India?,2800
Which languages can be used for server-side web development aside from PHP and Java?,4439
Why is Saltwater taffy candy imported in Mongolia?,4642
How hard is to learn new languages?,2697
Which is the best screen recorder for computers?,1545
What Q&A sites can I use besides Quora?,4808
What are the best available smartphones gadgets?,229
How do I teach myself?,2300
How can I recover my Gmail account's password?,4738
What is the difference between human and animal intelligence?,3323
In what aspects is Hillary Clinton better than Trump?,1100
Is sex addiction a reality?,2554
What are the chances of Russia nuking the US?,3238
What is the best way to make new friends in college?,2675
What's the best way to make fast cash?,3309
Is a double major in math and economics worth it?,2162
What are the best online courses for digital marketing?,1922
What can I do to become debt free? Will I ever be debt free?,2284
What are the requirements for selection into MIT?,4312
What is the problem with Zee News channel?,4382
How can one earn money online without investment?,1894
Which is the best earphone under 1000?,1498
How I can speak English fluently?,22
Why do I get bored easily?,4136
What is (Ni) Introverted Intuition?,451
What are the latest off page activities in SEO?,3983
Can I make money online without investing?,1503
How can I view deleted Instagram messages or text?,2257
How can I get free funds for my startup ideas?,1814
How can I hire a professional hacker?,2983
Should I ever care what people think of me?,4922
What's the best vpn in the world?,4970
Is backward time travel possible?,2487
What books should one read?,1099
What evidence would be best to scientifically prove the existence of ghosts?,1933
What are some examples of traditional economies?,4280
What are the major differences between Chinese culture and western cultures?,176
What are some good adverbs?,2215
What are some types of genetic drift? What are some examples?,1442
What is the best alternative to iTunes to transfer data between iPhone and PC without the need of iTunes?,1126
How do you ask a friends mom to spank you?,2719
What are the dumbest questions ever asked on Quora?,4696
What is your favorite music video clip? Why?,3279
Fitness: What can I do to reduce my bulky tummy?,701
Tell a joke that the funniest you have heard?,3450
How do you conquer fear of failure?,3246
How do you make money online?,1437
How should I start learning Python?,730
How do you get a law passed?,4102
What are the similarities and differences between Mac OS and Windows?,2529
How do you stop a puppy from barking all night?,3514
How do I get rid of my acne and get nice skin?,2492
Why does North Korea hate The United States?,4725
What is the best book that has changed your life?,2766
Do you think Indian governments decision to demonetize the 500 and 1000 rupee note is a sudden action?,2785
Is it healthy to eat one chicken every day?,178
How do I get rid of a one week pregnancy?,3891
Would Donald Trump make a good U.S president? Why or why not?,4485
Why does Quora mark my questions as needing improvement/clarification before I have time to give it details? Literally within seconds…,246
How does Quora avoid duplicated questions?,3496
Is it cheaper/better to buy a brand new luxury car and then resell it after 3 years? or lease it for 3 years?,2617
How do you calculate the height of the mountains?,1416
What are the best drama tv show?,1460
How do I delete an Instagram account if I don't know the email or password?,3366
Why some people sweat excessively in their armpit but it has no odorous stinky smell?,702
Are you guys voting for Hillary Clinton or Donald Trump?,4692
How do I raise funds for a startup business idea?,1814
Why do people stand I long queue to meet dadi hirudaya mohini at Brahma kumari centers? Is it right to do so?,1853
How strict would be privacy regulations in Slovakia if it wasn't part of European Union?,4867
How can we optimize a website which has million pages?,1458
What's one popular or rock song that's in 3/4 time?,1639
Why are elections important in a democracy?,4685
How can I create multiple streams of income?,765
How can I Increase the traffic of my blog?,992
Which is the best one liner you ever heard?,967
What programming language should I learn if I want to create games?,2989
Why would someone use Quora when they can Google instead?,4492
What are the pros and cons of attaching tennis balls on walkers?,620
Can we eat meat with dairy products?,537
Why do people consider showing bra straps such a bad thing?,1616
Where is your favorite place you have traveled to?,1534
Which is the best coaching institute for cat preparation in Delhi?,3945
How is the review of ae dil hai mushkil Bollywood movie?,3956
What should I do if your ex contact you? i Still miss her,3183
Why did the indudstrial revolution first started in Britain?,4264
What really happens inside Osho Ashram Pune?,2553
What will happen to EU citizens in UK after brexit?,407
Where can I get designer collection of affordable floor tiles in Sydney?,4614
Have mages been scientifically tested?,307
Is being as a gay a psychological disorder? Can we fix by councelling?,1911
Daniel Ek: When an we expect Spotify in India?,156
Should you tip your Uber driver?,744
When did Quora start and how did it attract users?,363
Why do people choose open carry as opposed to concealed carry?,3803
How does the ban on 500 and 1000 rupee notes helps to identify black money and corruption?,4018
How can I lose weight in a month without doing exercise?,1428
Why do you read books?,4667
How do I potty train my two-month-old Labrador pup?,75
What is the best way to learn vocabulary?,4897
What are the section-wise best books to prepare for CAT?,1265
Earthquake resistant homes?,114
What are the 12 organ systems? Why are they important?,2327
What is the best beginner's book on Python?,2911
How do I approach sponsors for college events?,4758
How did Donald Trump win despite projections that he would fail?,525
What was the craziest dream that you've ever had?,3584
How do I know if I'm a narcissist?,1880
What are the best Final Fantasy games?,1123
What are examples of passive transport?,4826
What are some ways to get involved in the pro-life movement?,3590
Which is the most inspiring movie for you?,1826
How did you first come across porn?,142
Would I be able to hire two private investigators and then get them to follow each other?,53
Do you think life in abroad is better than India?,4888
Is creating satelite blogs and posting SEO-friendly posts considered black-hat SEO technique?,639
Why is English an international language?,3886
How do I stop procrastinating my study?,4648
Who was the first gentleman that started turning students in to cock as punishment?,3281
Why do some of my black friends hate white people?,2349
What's the most successful religion?,1830
What are the most embarassing moment in life?,1336
What would be the effect of Trump's presidency on international Master's students who plan to work in the US after completing the degree?,1512
How can improve my English speaking?,4588
How do I get a man to ask me out?,4036
What is the possibility of time travel becoming a reality?,3220
What are some of the best examples of sarcasm?,1072
What books can I read to learn more about philosophy?,511
What are the best companies for website designing?,3121
What is the Heisenberg uncertainty priciple?,2235
What steps should be taken immediately by our country against Pakistan for 29 th November attack?,860
Can you get pregnant having sex during your period?,2268
Why is saltwater taffy candy imported in Austria?,327
Can hamsters eat honey? Why or why not?,3289
What exactly does the relative humidity of concrete mean?,3353
What can I do to stop my parent from comparing me to my brother?,2079
Did the British come to India to rule or for some other purposes?,3609
Why is Game of Thrones exceptionally popular in the TV series?,3404
What happened to the Flight MH370?,1158
What was a book that changed you?,447
How do Buddhists stay motivated? What practices do they do?,1181
How do I post a question in Quora?,3267
What is EDM?,4916
What do rich people need the most?,4341
What is the easiest way to become a billionaire($)?,62
What are the best phone to buy price range between 10- 12k?,2156
What will happen to corruption money deposited by Indian politicians in Swiss bank after banning 500 and 1000 rupees notes?,1937
Is olive oil good for the face?,4909
Can I use short clips from copyrighted songs in my YouTube videos?,4938
What's the best way to become more mature?,3898
How can I get better grades?,1735
How does one overcome social anxiety without medication or therapy?,3868
What does Dying Light season pass come with?,1631
What is the best fixed income fund?,49
Why are birthday consider so special?,3200
Is first time sex painful to females?,3386
What is the purpose of existance?,3679
What is my IP address?,3876
Why is the Electoral college used instead of the popular vote?,4506
What is it like to be an optical engineer?,3569
How can one earn money on Quora?,2831
What is BEST gaming laptops under 60000 in 2016?,4215
How do I add question details on Quora?,3512
How is the quality of life in Canada compared to Sweden?,3915
How can I delete my Instagram account if I forgotten the email I used?,3507
How can I put on weight?,3407
What is the best programming language for future?,2061
What should i do to overcome depression ?,2667
Why is the sky blue on Earth?,3303
Why do we need to study?,381
Is there any way of knowing if a guy is gay?,1113
Which platform is best for trade in Forex trading?,3430
Which one is better Nikon D5500 or Canon 70D?,1918
How much would it cost to build your own iPhone?,934
What do people of Pakistan think about Indians?,1949
How do I increase our height after 21?,3141
How can I make my penis thicker?,4533
How were the Pentagon Papers reveal? How did it impact the U.S.?,1595
What can I do to make your life better?,2707
How do biotic and abiotic interaction work together to make an ecosystem?,1829
Why do people find it easier to stage simple questions on Quora rather than spending a few minutes on the Internet to find straight answers?,403
Why do Muslims preach secularism when they are in the minority but treat people with other faiths poorly when in the majority?,2168
How can I become a billionaire in mindset?,1284
What do you think about Donald Trump's shocking win in the US presidential elections? Is it good or bad for the US and international communities?,2919
What gift should I get my teacher?,4065
How can I prepare for GATE without coaching?,476
How can I stop my habit of masturbation?,3033
Can frequent masturbation (once in a day) for several months lower the sperm count?,4548
How do I access my Yahoo accounts without still having the old mobile numbers or email associated with them? Request,2052
How does an app work?,2474
What is the scariest paranormal experience you've ever had?,3406
What are the options for tracing your lost mobile in India?,3190
What are some must watch TV shows before you die?,59
What is purpose of life?,2280
Should a person have a right to end their own life if they want to?,3405
What are some new year resolutions for 2017?,892
How do I increase my height after 16?,2991
Should NATO be disbanded? Why?,3049
Is it possible to travel back or forward in time?,340
What is the worst company you have ever worked for?,4698
What are the safety precautions on handling shotguns proposed by the NRA in Utah?,3055
What are some best examples of Presence of mind?,1385
How does popcorn pop?,2943
What is your review of The Neon Demon (2016 movie)?,4149
What are the most effective exercises to reduce belly fat?,1226
What are words you most commonly associate with children?,3153
What are the best Indian art movies to watch?,3536
What are good ways to deal with anxiety?,4540
Does a state police get age relaxation while appearing for CAPF AC exam?,3740
What companies would you recommend to buy a used rental car from?,1486
How do I lighten skin colour?,4845
What are the some of the most interesting secret Santa gift exchange ideas?,4575
Why do people ask Quora questions which can be answered easily by Google?,6
What are the most productive 10 things which can be done using a smartphone?,2207
What can be done to end caste based reservation system in India?,4109
Why do I need a passport to go to Jamaica from Japan?,2957
What are the questions asked by an interviewer in technical interview?,548
Question That Contains Assumptions: Will Barack Obama pardon Hillary Clinton?,2026
What exercise should be done to reduce belly fats?,1226
Which is best book for fluid machinery?,1757
What is one thing you want to do before you die?,2718
How do I make money starting a blog?,784
What is the most painless way to do a suicide?,4453
How do I get into my Instagram if I forgot my email and my Facebook password?,504
What can you learn from MS Dhoni?,2306
Is it possible for the Milky Way collide with the Andromeda? Is that process about to start?,3648
How does currency work?,3214
How do I come out of comfort zone?,2909
How do we kiss for the first time?,2900
Will there be a war between the United States and Russia in 2016?,3209
To what degree will Bernie Sanders supporters vote for Donald Trump in the general election — assuming Hillary is the Democratic nominee?,2687
How can the atomic radius of niobium be determined?,4730
How can I beat procrastination?,4448
What is the best way to implement collection frameworks in Java?,4266
How can we get to know my current Facebook password which I forget?,4183
How can someone lose weight quickly?,3618
What's the meaning of life? (mathematically and logically),4304
Why do people hate Twilight so much?,220
How is this Lewis dot diagram for CLO3 determined?,4167
Where is Top Escorts In Lahore?,4930
Which is your favorite ice cream brand? Which flavor and why?,954
Will Hillary Clinton win this election?,1944
Which is the best programming language to learn in 2017?,2881
Which is the best IT company?,3251
Who will be next CM of Gujarat?,752
How close is a World War III?,4318
What is humanity? What is human rights?,622
What are the characteristics of a Pitbull/Chihuahua mix?,1970
What are the most overrated rock bands of all time and why?,3704
Can you get pregnant 16 days after your period?,4778
Extraterrestrial Life: What is the most undeniable evidence of UFO ever seen?,4160
How can one grow a thick beard at a faster rate?,1600
Which is best movie in history?,3846
Will you feel something if you accidentally without knowing ingested a few specks of weed?,4662
What is the best way to improve my spoken English soon?,2425
Is there proof of extra terrestrial life?,879
Are Greek gods real?,1683
How can I learn computer security?,68
What doe Quora mean?,2106
What is the best digital marketing course available online and offline in India and Why?,799
What are the wildest things you have done?,4551
Can India host the Summer Olympics?,2455
What happens after you send your SAT scores to universities?,3138
What would you do if you were invisible for a day?,3042
How do I start preparation for civil services exams?,1112
Can you substitue brown sugar with white sugar?,3029
What will happen to corruption money deposited by Indian politicians in Swiss bank after banning 500 and 1000 rupees notes?,3464
What is it like to be in a lesbian relationship compared to a straight relationship?,1950
What is a weak entity in DBMS? Why is it called weak?,837
Impacts of poor study skills to studence performance?,3235
How can I break my habit of eating junk food?,2933
What's the best VPN service?,4970
Why do Italians talk with their hands?,2228
How do I choose a journal to publish my paper?,84
What physiological tricks are useful to know?,472
What are parenting trends going to look like in the future?,3298
What would happen if the internet shut down today?,957
Do Christians in Kerala have a Jewish ancestry in them?,1849
What is differences between SSD and hdd?,290
What are some common syntax errors found in writing?,4754
Do we still need reservation in INDIA? Why?,4460
How did Donald trump win the elections?,4166
What is the typical beginner's salary in Germany for a mechanical engineer (Master) from TU?,3620
What is the best programming language one must learn to stay updated today?,652
What is the easiest way of committing suicide?,2114
What thrust should be develope to lift 200 kg of weight?,4702
What is the difference between an API and SDK?,3960
What is the main purpose of jailbreaking an iPhone? How is it done?,937
Why do people on Quora mention their IQ all the time.?,4607
Does age matter in love?,3144
What will you do when you don't know what to do in life?,2536
What is the QuickBooks contact number?,1453
What the science behind hypnosis orgasm?,2287
How do you get into the IIMs?,1405
Is shape of Filipino consciousness is natural?,3440
What is the science behind hypnosis orgasm?,2287
What is the most credible evidence of alien life forms or UFOs ever photographed or filmed?,4160
Is life easy for you?,4805
Are Asperger's syndrome and autism alike?,2895
What is the worst thing that has happened to you for being nice?,2033
What is ideal reading speed?,2759
What do you think about decision by the Indian Government to demonetise 500 and 1000 rupees note?,4260
What is the difference between a comet and an asteroid?,4348
Which is your greatest achievement?,1687
What are some good reasons to get an MBA?,2882
How do seashells multiply?,2048
How do I develop a hotel booking website?,4563
What is the best recipe for Japanese fried rice?,3974
What are the best Doctor Doom stories?,2274
Why India still using its tattered reservation policies?,4460
What are the best places to visit in Kerala for 3 to 4 days?,3595
Is World War III coming?,991
What are examples of diseases that are only caused by bacteria?,4294
Why people don't worship bramha ji? Niether I have seen temples of bramha ji nor festival where people worship bramha ji?,1834
Why does Quora limit my question details to 300 characters?,3502
Which are the best part-time jobs to do in Bangalore?,328
What's the best programming language to learn in 2016?,4343
What sites are the best to watch movies with English subtitles?,4992
What is the poorest country in the world.?,940
Does Apple have any technical reasons to not launch dual sim iPhone?,4599
What is the reason behind the sudden discontinuance of 500 and 1000 notes by PM Modi?,3066
Why do most Quorans ask questions here instead of googling answers?,4627
What is to be done to be a good software developer?,581
What causes a nightmare?,30
What's the best way to get to Machu Picchu from Lima?,2113
I got a 3.8 GPA. Is it enough to get into top universities like Harvard?,67
Is Shell gas good? Why or why not?,1303
Which is the best smartphone to buy below 5k?,2829
Why is there such a high rate of ticket cancellation in the Indian Railways?,4849
What are some tips for travelling cheap?,927
How do I reset a new Gmail password?,4251
Where can I found completely fire resistant and intrusion resistant shutters in Sydney?,3935
What are the name of the books for UGC net English literature?,536
How can I learn to speak English fluently?,4660
How do you write a question on Quora?,3369
Why is Java not considered a pure object-oriented programming language?,2514
What is the weirdest thing that you have ever seen or have happened to you?,1562
Why is it so difficult to create an account on irctc?,3752
How did you get into IIM?,1405
What are the top destination cities in Italy?,3552
How do I make an extra $ 500 a week?,3969
Does it matter whether humanity is evil or not?,40
What's the best programming language to learn in 2016?,3064
Is it possible to get out of friendzoned?,3501
How do I get to speak fluently English?,4915
Can climate change be reversed?,161
Who were responsible for the collapse of Indus Valley Civilization?,573
How did Donald Trump win your vote?,2979
Which is the best book for tensor calculus?,3941
Why is Donald Trump not racist?,4188
How many registered members are on Quora?,3772
What shall I do to become a successful freelancer?,2811
How do we know that nothing can travel faster than the speed of light?,721
What is the average conversion rate of e-commerce sites?,1275
How do I become a CFO of a company?,1888
What Game of Thrones villain would you most like to be at the mercy of?,10
How can a girl know if she is virgin or not?,4840
What is the difference between intranet and ethernet?,3894
How will Donald Trump benefit India?,532
What can we do to fix America's inner cities?,896
What is the difference between an orthodontist and a dentist?,1854
How do I fix my social life?,2762
What are the best horror movies of 2016?,4852
How can you define maturity?,1035
Is it possible to pursue many different things in life?,54
What is the salary of a doctor in India?,366
How do I post a question that was marked as needing improvement?,4958
Is there any proof Donald Trump is racist?,4188
How can you make physics easy to learn?,2
What is the Best martial arts movie to watch?,4200
How can I get over somebody I really love?,3365
Are human beings naturally monogamous?,3617
What is the worst thing that ever happened to you for being nice?,1840
How much control can one have over one's emotions?,4703
What will be the effect of banning 500 and 1000 notes on stock markets in India?,97
Does financial modelling have any scope in India?,731
Is it necessary to go for coaching for GATE preparation?,944
What is the difference between a transgender man and a transgender woman?,637
How should I prepare for npcil?,3976
What should I do to obtain maximum marks in 12th board exams?,2035
Why do I usually get bored of people?,3181
How can I overcome negative thoughts?,708
How can we download movies when torrent is no more available in India?,3091
What is the most important lesson you have learned from life?,187
How do I to make money online?,91
Do guys like skinny girls or girls who are thick?,1727
How can I plan a 3 days/3 nights trip to Goa?,406
Why am I jealous of my peers?,2643
What would today be like if hitler had won WWII?,2016
How can I improve my drawing skills?,989
How can I find my account number of Chase?,4039
What are the best IAS coaching centres in Hyderabad?,2082
How many times can we attempt gate?,3735
What are the latest SEO off page activities?,3983
How do we time travel?,2565
Why did humans come into existence?,414
What is the mitochondria? What function does it have?,3100
Why is brass considered an homogeneous mixture?,2470
Why are Samsung phones catching fire?,3661
What is the worst decision one has ever made in life?,1366
What's the best reverse osmosis system?,1161
Do atheists call Christmas something different?,1057
What is a way to make money online?,1363
Which is the best example of Sarcasm?,1072
How does an app works?,2474
How can I fall in love?,772
Why is Saltwater Taffy candy imported in Portugal?,4277
What are my options after mechanical engineering?,880
Why Modi is putting a ban on 500 and 1000 notes?,3379
Who is God?,4270
How can I write a letter to Mr. Narendra Modi?,122
How can I remove political content from my Quora feed?,4986
Can you change your team on Pokemon Go?,1221
What is the best crossover setting for subwoofer?,3134
Is it possible to make money as a user on Quora?,3046
How can this reservation system can be overthrown from India?,3994
Is the ongoing war in Syria is the start of World War 3?,1901
When did you start masturbating?,2450
What are some of the best smartphones technology gadgets?,4525
How do earthquake resistant buildings work?,114
How can I enjoy my life the most?,889
Why do I love movies so much? Is this strange?,3415
Why do digital cameras have shutter sound?,288
How is the angle of repose calculated?,3015
How did you make friends on Quora?,4543
Is it bad if I tell my boss I don't want to get paid?,1087
Is it possible to get out of friendzoned?,2564
What's the worst thing someone has done to you?,1097
Does green tea help to lose weight?,3707
How do I know if I am a Democrat or Republican?,914
Why do people ask questions on Quora that can easily be answered by Google?,3526
How can I find my dream job?,3352
On Quora how do I change the generic blue profile pic to a photo I want?,2391
What do you feel when you fly?,2647
How can I have good handwriting?,762
Which is the best free animating software?,1491
Who won the second debate?,1163
Which song is the best rap song until now?,1656
How do I apply and receive pan card in 48 hours with new facilities?,4629
How do I erase all my answers and question on Quora?,1959
Does a black hole have mass?,41
What prevents electrons from falling into the nucleus?,4227
What's the best planet?,4184
Which glue is best for repairing a cricket bat?,546
Should I buy a used rental car?,1486
How do I become a film critic? I live in london.,2078
Which is the best website for booking cheap air tickets?,3611
What are the best Hollywood thriller movies?,4741
What is the longest running series in the history of television?,3250
What is the meaning of power?,4012
I want to share my feelings as I can find no one to share with. I'm under deep depression. Will you listen?,2726
Why is 2000 rupee note released earlier than 500 rupee note ?,2630
Which is best gadget?,1276
Which are best inspirational movies?,4875
What is it like working in a call centre?,1489
Why does Facebook Messenger use long polling over WebSockets?,348
How do some questions on Quora have long details?,4892
When did you first realize that you were gay?,4052
Why is salt water taffy candy either imported or unknown outside the USA?,1991
When is it ok to commit suicide?,4999
How do I become a scriptwriter?,1659
How do I know if I have social anxiety?,358
Can you buy a car safely from eBay or Craigslist? How would you go about doing it?,3641
How old is too old for med school? Or law school?,904
What's the best birthday gift a boy can give to his girlfriend?,4788
What are the worst companies that you have ever worked?,1331
What are the differences between Glock 17 and Beretta 92fs?,3883
How do I tell if a guy likes me?,866
What is the QuickBooks technical support phone number in New York?,3751
Are human beings built to be monogamous or is it that we should only be monogamous when we reach a certain age?,3617
What are the uses for celery salt?,4032
How can I improve my startups?,2403
How can changing 500 and 1000 rupee notes end the black money in India?,4355
How much of your company should you give to an investor?,3237
How can I lose weight quickly? Need serious help.,4317
What is the difference between a transgender and a transexual person?,3349
What is purpose of life?,4876
How can I make my hands soft?,4028
How do I prepare for the 10th class ICSE board?,553
What is time dilation?,1194
What is best career option for electronics & instrumentation engineering?,3420
What is the difference between transexual and transgender?,3349
What daily quick exercise can help reduce belly & thigh's Fat?,4139
How can I earn from online?,3665
What is it like to have celebrities as parents?,4552
How can I see the Comedy Nights with Kapil live show?,140
Who is the most corrupt indian politician?,3986
How can I become the best in everything I do?,2047
What are some great ways to build big arms?,3524
What kind of questions does HKU ask in their Skype interview?,4092
What is the Glass-Steagall Act?,3819
Is there any use by doing digital marketing course?,4179
What is/are your New Year resolutions for 2017?,2471
How do I log in my Facebook account if you forgot your password?,1898
Which is the all time best Hollywood movie?,3077
How do you think of Chinese food?,35
How do you prepare a slow-cooked brisket in the oven?,4487
How advanced is India compared to other countries?,3377
What are some of the most amazing places to visit in Europe?,3123
How can I move from the UK to America?,2731
Why are the child rape accusations against Trump being overlooked?,1799
What does it feel like to be married to a woman who is significantly older than you?,1912
What sort of person brings out your fun side or your funny side?,2315
What are the differences between a democracy and a republic?,2397
What is the best bike in India with the best mileage?,4463
What are the benefits of being a Quora user?,4835
Do girls also have fake account in Facebook bearing male names?,1642
What are some tricks to study effectively?,168
How can I get meth out of my system ASAP?,1608
What is the difference between love and pity?,34
Is Honesty is the best policy in today's world?,3677
What are pros and cons of Hillary Clinton?,4908
Is the United States a true democracy or a republic?,2796
Which computer language is the best to learn for the future?,2061
How do I get a job in RBI/SEBI?,4345
What is the best advice for a first time entrepreneur founder/CEO on the first hires?,4019
Which are the best Hollywood thriller movies?,100
What is funniest joke you've ever heard?,635
What have been the economic effects of Brexit?,2549
How much money should a startup raise?,2997
What did you think of the Fantastic Beasts and Where to Find Them movie?,4760
What are your views on the decision of Narendra Modi to discontinue the use of 500 and 1000 currency notes?,2682
Is it stealing if you're stealing from a thief?,509
Why did government released 2000 rupee notes and did not introduce new 1000 rupee notes?,4223
How can I improve my decision making skills?,4621
How can I increase my vocabulary?,4718
What was the worst thing that happened to you for being nice?,4626
At what age did you start masturbating?,2450
Can skipping increase your height?,918
Is it possible to increase the body height after 20?,3766
What is the time table to crack IAS if I start preparing for UPSC in January?,4587
How can I delete an old Facebook account that I forgot it's password?,504
How do I prepare for Net JRF in English literature?,146
Does nutritional yeast have MSG?,1022
Which is the best fixed income fund?,49
What's the funniest highbrow joke you've ever heard?,208
How do I draw my anime character?,795
What will be the impact on real estate by banning 500 and 1000 rupee notes from India?,3900
Applying olive oil on face every night. What are the pros and cons?,4909
What's the best way to get fit?,2171
What is the expected cut off for KVPY SA 2016?,3253
Is it legal for traffic police to stand in the middle of the road to stop vehicles?,508
How can I get a particular Quora user out of my feed?,2842
Will computers be able to have dreams or have any level of subconsciousness in the future?,4338
Are there extraterrestrials among us?,4416
How do you recharge a AA battery?,1753
What’s your favorite food to eat?,2379
What are the best way to learn hacking?,1451
What do you think of Chinese pople?,999
What should I do to concentrate more on my studies?,4956
What should I not do when in India?,1744
What should I gift my husband on our first wedding anniversary?,1962
Are there any other republicans (here) who voted for Hillary Clinton?,471
What are some hacks on booking cheap flight tickets?,834
Which is best university that offers a distant learning program for a MSc in Mathematics?,2818
What is a poll tax?,987
How do I gain access to a private Instagram account?,3753
What are dominant alleles? What are some examples?,4672
What are some facts about restricted stock units?,2610
How does Wikipedia earn money (other than obvious ways like donations)?,3224
How do converting waste lubricant oil to diesel fuel?,2992
How do I recover emails that I deleted forever in Gmail?,4500
What the difference between western culture and Chinese culture?,3801
What are some of your New Year's resolutions for 2017?,2194
What does Shri Narendra Modi as a prime minister expects from the citizens or youth of India?,1908
Are we heading toward World War 3?,4774
Is it necessary to go for coaching for GATE preparation?,660
Are there any socialist countries left?,429
Can a sex reassignment surgery be reversed?,4504
What is a good free animation software?,1491
How can I reset my Gmail password if I don't remember my recovery Email and current password?,3711
What's the first thing you do after you wake up?,2748
Does long distance relationship works?,1584
How do you start making money?,1582
Is there any reward to keep answering Quora questions beside intrinsic motive?,3981
I'm a petite 32-year-old woman who looks very young despite 10 years of work experience. It's a disadvantage in my profession. What are some ways to look/act older and more authoritative?,1382
How can I train my mind to forget someone I love?,1836
How do you make yourself completely come out of your comfort zone?,2210
Is there any part time work that can be done from home?,4458
What is shear stress? Also give any real life example of it,948
How is demonetizing the Rs 500 and 1000 currencies affects Indian economy? How this affect the black money in Swiss accounts?,2296
What happens after the death?,3171
In what sectors is it best to live in Gurgaon?,1420
What are some popular method to do suicide?,4236
What is the best way to learn about investing in the stock market and what stocks to buy?,633
Where should I start coding?,4948
Why is the name of Hashem (G-D) not mentioned in the Megillah of Esther?,4442
Why should we read more books?,1191
What is the best laptop to buy under 25000INR?,2817
What is the best field of engineering?,48
How do I improve on my public speaking skills?,3345
What can I do to overcome anxiety?,1003
What are the reasons behind the poor performance of India in Olympics?,2701
What is an oscilloscope? What are its uses?,4553
How do I get lean?,4934
Does Modi's act of banning old currency will bring a permanent solution to corruption? Corruption will still exist after few years.,3540
Is time travel possible? If yes? How?,3732
Who do you think you were in a past life?,659
How is the word atrocious used in a sentence?,4932
How I start prepare for UGC net English literature latest syllabus?,146
What is the difference between calico and tortoiseshell cats? What are some examples?,3351
Could anyone help me with the best IAS coaching centers in Hyderabad?,1145
What should I do after completing my bcom?,779
What is one decision that changed your life forever?,803
What are the best ways to become the top student in your class?,4477
Is Baking Soda and Bicarbonate Soda the same?,4121
What are some symptoms of eccentric and concentric contractions?,1296
How does surface tension work?,2971
What should I do to be at peace?,1353
What if we submit fake marriage certificate in mnc?,1997
What are the few things that make Indians happy?,1280
What is it like to work for Best Buy?,1645
Why is Saltwater taffy candy imported in Laos?,250
How do I talk to an old friend?,2897
How many marks are required in JEE to get in IIST?,1822
What is your Top 10 books of all times?,3949
What is the biggest transformation you have witnessed in your life?,4027
What is the average price of a liquor license in the state of California?,3350
How can I avoid getting lumps under my jaw line?,4597
How was your KVPY sa 2016?,4744
How much does a uber driver earn in India?,669
What can cause a yellow jelly discharge?,1558
Is it the end of the world October 31?,2892
What are the best job portals for freshers in India?,1231
How can I make anyone feel important?,1978
Why is ice lighter than water?,826
Why was cyrus mistry removed?,4350
Why was Johnny Cash in prison?,4245
Mrs. Clinton: What are your goals/plans for NASA and the space program?,2626
What is the quickest and easiest way to forget someone?,1594
Which are some unknown facts about SRK?,4680
Who has a Wattpad?,2478
Does Lenovo K3 Note support VOLTE ?,4194
How do I lose weight?,2844
What are some good resources for beginner to start learning JavaScript?,2520
Why is salt water taffy candy imported in France?,4082
How can I improve my writing skills and blog style?,522
Why do so many white girls like black guys so much?,4143
Where can I find mock test papers for SSC CGL tier 2?,820
How does it feel when a person has sex for the very first time?,4965
How do I find someone's new Gmail account?,4464
Can I work as a Petroleum Engineer after BS Computer Science + MS Petroleum Engineering?,3860
Daniel Ek: Are there any future plans of releasing Spotify in India?,156
What's your favorite song right now?,3664
What are Your Salad Recipes?,2434
How can I learn to code easily and efficiently in a short amount of time?,418
How will banning the present 500/1000 notes fight black money if it can be exchanged?,4324
Why does Quora limit my question details to 300 characters?,920
What are the best comics featuring Doctor Doom?,2274
What are the biggest regrets of your life?,425
What is the one thing you regret doing in your life?,4531
How do I become an engineer in robotics?,3577
Who suggested Narendra Modi to stop the circulation of Rs 500 and Rs 1000 notes?,3951
What is difference between c++ and java basic not tough?,1948
What is the easiest pain free method of committing suicide?,4236
How does PayU Money earn money despite offering payment discounts?,2436
What is the most emotional picture you've ever seen?,2805
How do I repair my corrupt memory card?,1454
What is the scope or value for an automobile engineer in India?,1448
How do I find the right girl for me?,1929
What are the signs of an ultra smart person playing dumb?,77
How do I prepare for gre?,3469
How do people find me on instagram?,936
Is World War 3 more imminent than expected?,3367
Is it illegal to not report a crime?,1930
How can I think like Sherlock Holmes?,1091
What are the best branches at NIT Jamshedpur?,2665
What are the best stocks to invest for long term right now?,267
What are some epic one liners?,4996
Do you think we are on the verge of World War III?,991
What are the best movies you ever watch?,4715
How do I stop my Pit Bull/English Bulldog mix puppy from humping my furniture?,3201
Could there ever be another Great Depression?,2278
Why do some people bully others? Why some of them have pleasure on bullying others?,1636
What is causing iPhone sales to drop (April 2016)?,1153
Can you share some pictures of the MAMC Campus?,4451
What is the relationship between self esteem and ego?,4364
Do you prefer manga over anime?,2281
Is sex important for relationships?,2584
Is there another way too help with sleep apnea without using a cpap machine?,3769
Which are the best pest control services in Bangalore?,3862
What are skeleton equations and how are they used in chemistry?,4705
How do you know you have a crush?,2713
What is it like being in a car crash?,3096
How can I slowly lose weight?,3358
How does it feel to be lonely?,3266
What is your creative New Year's resolution for 2017?,4650
Which is the best QuickBooks proadvisor tech support number?,878
How did you meet your life partner?,1187
What dog breed would be ideal for a first time owner living in Mumbai with a 9 to 5 job?,4085
Which server-side scripting language should we use in web development today?,2534
What is your most embarrassing moment in public?,474
Java: What is an interface in Java?,3635
What is the cell membrane composed of?,3067
How do capacitors regulate?,796
Why do people believe in a higher power and God?,774
How difficult is PESSAT?,1508
Is there a proven causality between smoking and lung cancer?,2525
What is the best political system?,4917
What are the minimum GPA and GRE requirements of Florida State University?,408
Is a world war going to happen?,3396
How can I use Twitter for business?,46
What are my options for earning money online?,446
What do Indian Politicians lack the most?,1805
How can I increase my presence of mind?,3597
What is the best time for studying? Why?,2286
Is mechanical keyboard really helpful for touch typing?,812
What are some best songs of Enrique Iglesias?,4795
How should I study (give me a study plan) for 1st year mbbs?,1384
How does packet switched network differs from circuit switched network?,1254
Why are you voting for Donald Trump over Hillary Clinton?,4884
What are some side dish ideas and their recipes to serve with stuffed peppers?,2583
How much is the tilt of the earth's axis?,2206
Which unethical tricks people use to save tax in India?,3428
What are some recipes for a Japanese-style fried rice?,3974
Which language should I learn by myself first: Russian or Spanish?,3385
What's the purpose of life? What is life actually about?,25
How can you make stretch marks go away?,3219
How often is it good to masturbate?,2576
How much black money will the government get back after demonetization?,952
What is the best way of remembering things?,2428
Why do so many people ask questions on Quora.com when they could easily find the answers themselves online?,1143
What was your most life changing experience?,3777
Why is pharmacognosy the mother of pharmacy?,3913
How are winds formed?,3053
What is difference between a bushing and a bearing?,4605
How do I survive in a long distance relationship?,1824
What will be the effect of the ban of the 1000rs and 500rs notes on the stock market?,97
Which is the best pmp certification center in Bangalore?,282
What are some examples of disaccharides?,374
Is corn flour the same as corn meal?,3987
What are literary devices and what are some examples?,4963
How do we know whether someone is lying to you?,3297
Is black hole a gateway to another universe with different laws of physics?,1723
Can I use Jio 4G sim in 3G mobile?,735
Can we ever prove that we live or not in simulation?,4331
Why does graphite stick to paper? How does it happen?,2418
How do I increase the height?,918
How can I recover from depression?,705
How do I get better at developing a new skill?,3139
How can I learn faster?,3874
What is the best programming language for Hacking?,3280
Why shouldn’t you commit suicide?,2366
Is Asperger's Syndrome Autism?,2895
How should one improve one's presence of mind?,3187
How can I improve my C programming?,846
Is it important to a boy to have a girlfriend?,3786
Why is the PM not intervening on the Cauvery issue?,3690
What do you think about Modi government banning 500 & 1000 currency note from 9th November?,2785
Is scientology a fraud?,352
Should people over 98 not be allowed to vote?,3598
Which is the best book for chemistry for NEET?,236
How can I be a fast problem solver?,4833
Is Kannada older than Telugu?,4751
Can we map the surface (and the subsurface) of a planet using cosmic rays or very high frequency gamma rays with ground based telescopes?,344
Why do only the union territories of Delhi and Puducherry have chief ministers and not others?,454
How can black money brought out by discontinuing 500 and 1000 notes?,2020
What websites are worth visiting everyday?,585
How much information can human brain store?,2782
How good is Elon Musk in engineering and technologies?,978
What is your best Hollywood movie and why?,1721
Why is it so difficult to lose weight?,3581
What is it like to be a child of a pornstar?,2105
How do you say I love you in Farsi? What are some related words and phrases?,4156
What according to YOU is the purpose of life?,2159
What are some internships for a mechanical engineering student?,3794
How can I stop caring too much about other people's opinions?,4871
What colors are in the Mexican flag and what does the flag mean?,2298
Can I remove photos from my iPhone without removing them from my iCloud storage?,4977
What will shopping malls be like in the future?,364
Why TATA sons replaced Cyrus Mistry to Ratan TATA?,313
What are your favorite documentaries?,1538
What is cavity?,2476
Is Malaysia an Islamic country?,2780
What is the difference between a basis point and a pip (percentage in point)?,3376
Do animals have the same emotions as humans?,530
How does the introduction of new 500 and 2000 denomination currency and stopping old 500 & 1000 denomination currency help/ affect India's economy?,833
How can one write good corporate emails?,4786
What are the things to do to increase sperm count?,4322
Did Trump really rape a 13 year old girl?,1307
Why does Quora always mark my answer as need for improvement?,2032
Are we too dependent on computers?,2970
What is the relationship between linear and angular velocity?,2405
What are your favorite Chinese foods?,3128
What are the pros and cons of Ceasing Rs. 500 and Rs.1000 Currency Notes in India?,4423
Can I earn money online?,3853
What is the scope of NetSuite as an ERP in India? Which companies work on NetSuite?,2482
What can I do to get better grades next quarter?,1735
How do I learn math online?,4413
Which TV series should are worth watching?,1682
How do I find out about a warrent?,4244
How did Venice become a city built on water?,3152
What did the Pentagon Papers reveal?,1595
What skills can you learn in 5 minutes everyday?,4649
Can you die from a broken heart?,1021
Why do some people with PhD's join groups like ISIS?,2414
What would be the overall best flight simulator for a laptop?,717
What are the worst movies ever made?,3392
How can I become famous easily?,3625
What happens if you regularly only get 3 hours of sleep per night?,3673
Will demonetization really help in the growth of the Indian economy?,3529
What are some tips for providing good customer service?,3468
How do you see the PM Modi’s move of banning old 500 and 1000 rupee currency notes?,2614
Couldn't we lose weight just by drinking ice cold water?,2737
What languages does Quora plan to support in the future?,4578
Should I watch the Harry Potter series before watching Fantastic Beast and Where to Find Them?,726
If a war erupts between USA and Russia who will eventually win?,1462
How do I find love in life?,223
What should be the strategy to clear IBPS PO?,501
I am a 13-year-old boy that wants to learn how to program video games. What programming languages should I learn? How do I get started?,3072
What do we need to have the best Halloween?,299
How do I get supply and logistics collaboration free proposal sample?,1550
Are humans truly from another planet?,1928
Who was the greatest warrior in history?,3449
Does the US Navy have a permanent presence on the Great Lakes?,897
Can you lose weight by not eating? Is it safe to do this?,3857
How do videos go viral on the Internet?,1873
What are the safety precautions on handling shotguns proposed by the NRA in Kansas?,4841
What countries allow dogs on buses without a muzzle?,3243
What are the best games for 2016?,3048
How do I get a book published?,4571
Why can someone ask questions with extremely long details on Quora?,4892
Why is the prime minister more powerful in India whereas the president is more powerful in the US?,1707
What American restaurant chains are found in Norway?,2769
Does nutritional yeast contain MSG? Why?,1022
What do you consider when buying a new car?,3511
What should I know before I buy a Linux laptop?,4664
What are the solutions for Temperature Inversion?,2816
Why does Quora keep telling me my question needs improvement?,489
What do you think of abolishing 500 and 1000 Rupee Currency notes by the Indian Government?,426
How do I charge an iPhone?,3700
What are some good lyric prank songs to send your best friends?,132
What's the best way to start a new hobby?,2404
How do I qualify for the boston marathon 2016?,1889
How do I bake a chocolate cake at home using microwave?,4446
What's the best advice your father ever gave you?,819
Which microcontrollers are generally used in the robotics industry?,1310
What shows are similar to Sons of Anarchy?,2169
What's your opinion on Indian Prime Minister Modi's new policy about illegalization of 500 and 1000 currency notes?,2598
What can I do when I'm bored & alone?,4791
What is your New Year resolution?,2579
What is the difference between Ethernet and Intranet?,3894
How can i make money online easily?,1413
What is electrical tape? How is it used?,3412
Why does the earth revolve around the sun?,2362
Why are you feeling happy today?,1663
How should I prepare for BITSAT examination 2017?,4435
What do you upvote?,4529
Will Obama's gang stalking/surveillance program be exposed by the Donald Trump administration?,2711
How can I overcome fear in public speaking?,1906
Will there ever be a cure for diabetes?,1988
What is the most important thing in your life and why?,2758
Who is the best website builder?,3472
Why do we have dreams and usually forget them the next morning?,2202
Why should we believe in astrology or palmistry?,3645
How should one start traveling?,3647
Do you believe that there is God? Why or why not?,2847
How do I stop worrying about what others think of me?,1923
How can an adult male increase his height after 22?,1235
What startups are currently hiring in Bangalore?,3713
What are the basic types of satellites?,4914
What is the best way to do SEO in 2016?,388
Where  can i sell a business idea?,632
What is the syllabus for mechanical GATE 2017?,4630
Which institute provide best SSC and banking coaching in Chandigarh?,281
Which is the best university to do distance MBA in India?,2792
What should I do in college?,3498
What are the best workout songs?,751
What is the best natural food practice for my 50 days old Labrador puppy?,1361
How do I make a unmanned aerial vehicle?,1702
What are some good qualities of an entrepreneur?,3276
What are some good side dishes to serve with stuffed peppers?,2583
What do Greeks think about Italians?,3715
What is a dangling bond?,2170
How can I lose weight ?,4854
Is it the end of the world October 31?,2706
What are the best ways to learn to code in a short amount of time?,418
What are good books for a 9th grader to read?,4721
Why do clouds float in the sky?,3580
Which business is good start up in Hyderabad?,55
Tomorrow is my girlfriend's birthday. I'm far away from her. How can I make her birthday special and give her a surprise?,3639
What are some of the most beautiful places in Pakistan?,3117
How can you recharge regular AA batteries?,1753
How can someone open up a business in USA?,3028
Why do some people on QUORA ask questions that they can easily findout on Google?,4386
Is the global warming climate change things for real or a hoax?,563
What are the differences between biotic factors and abiotic factors?,1014
Who are your favorite female singers?,3320
What are the requirements of modulation?,1238
Are dog shock collars humane? Why or why not?,3247
What animals are native to the country Turkey?,494
What is the best Korean drama?,4976
What are some tips for learning the piano?,3131
What are the United States' greatest achievements?,2142
How long does it take to become a CA?,4644
What are some DIY ways to remove scratches from car?,3687
What would cause an AMP to cut out? How do you fix it?,346
How do I handle fear of change?,4432
How can I plan a bridal shower in another state?,452
How can I lose 25 kg?,2570
Why was Cyrus Mistry removed as the chairman of Tata Sons?,1591
If a person was born blind how would they know their sexual orientation?,2646
How do you move on with a broken heart?,780
How can I restore my hacked Instagram account?,4010
What will you do if you become invisible?,3815
Secrets of Indian army?,1034
How can I increase traffic on blogspot blogger?,1879
I'm a first time CEO of an online startup. What is some advice for me?,4019
How do I start preparation for upsc exams?,2209
What are ways I can make money online?,1182
How can we lose 20 kgs in 2 months?,2019
How can we become rich soon?,2649
Did astronomers really visit moon?,3074
How is Hillary Clinton in real life?,3811
What's the best thing that make you happy?,586
Is it healthy to eat one chicken every day?,1078
What caused the Big Bang?,2308
How do I stop caring about someone who obviously doesn't care about me anymore?,4078
How do you write about yourself?,3218
How do you get a job at an embassy or consulate?,792
What should you do after you vomit?,1770
How are we enabled to see the black colour?,2688
Why does Quora succeed in spite of having some other Q and A websites like Yahoo Answers and Wiki Answers?,975
How do I catch a cheating spouse?,3399
What is your worst birthday memory? Why?,3572
How is life in North Korea?,2129
How do I find entry level developer jobs?,3269
How do I sync Facebook contacts to my Android phone?,4151
Why are people on Quora obsessed with their IQ?,4607
Any instructors who teach on2 salsa in San Francisco?,3728
Is pharmacognosy the mother of pharmacy?,3913
What is the difference between IMAX 3D and normal 3D?,4045
Does global warming exist?,1514
How will replacing 1000 notes with 2000 notes going to stop corruption and black money?,4359
If humans evolved from monkeys then why are monkeys still around?,1525
How do I become mentally stronger?,1240
Does a long distance relationship really work?,3789
Is IMS noida good for BCA?,3397
What do you think of English food?,3452
Why do some people believe that Batman is insane?,2459
Kindly tell me whole process of admission at vits Vellore for biotech.i m a bio student in 12..I don't have math there?,445
How do I earn from Quora?,4339
What was your most favorite sexual experience?,890
What are some good ways to live without money?,4479
How do you improve financial forecasting?,4351
Which is the best QuickBooks Hosting Support Number in New York?,3734
Why did the Hindu terrorists destroy the Muslim Babri Masjib in India?,4625
Could Bernie Sanders still become president?,2310
What is difference between asteroid and comet?,4436
What are the best books about business storytelling?,3760
What will be the impact in the Indian economy of sudden 500 & 1000 rupee notes withdrawal of by the government?,4302
How do I rent an apartment with no US credit history? I'll be leaving Singapore in a few years for America.,3129
Who have the highest iq?,1859
Do Indian girls watch porn videos?,3576
Daniel Ek: When is Spotify coming to india?,1220
Will Instagram Stories outdo Snapchat?,3748
How are distilled water and purified water the same?,852
What was the feeling of Duryodhana when he came to know that Karna was eldest of the Pandavas?,3670
What will President Barack Obama do after the Presidency?,4776
What are some of the most interesting portmanteaus you have heard?,3008
Should I learn C?,2791
How should I start the preparation of IAS exam from my graduation level?,4542
Is there a scientific name for what existed before the Big Bang?,4920
How do I recover deleted direct messages on Instagram?,1529
What are the best hashtags to use as a photographer on instagram?,969
What are the best 10 places to visit in Kerala including any falls?,3595
How can I stop my hair fall?,2959
What were the reasons for Industrial Revolution?,624
How can I learn to speak English fluently?,1820
How I stop my hair fall?,2627
How many names had Arjun?,965
How does baking soda help you pass a drug test?,172
How do I tackle physics in NEET or AIIMS?,2144
Which are the best songs of Enrique Iglesias?,4795
How can I travel with low budget?,601
Where can I find delicious cupcakes at Gold Coast?,92
What are some good resources to learn web scraping with Python?,3916
Why is accounting called as a business language?,3059
What are the greatest achievements of mankind?,2950
What are your views on the ban of Rs 500 and Rs 1000 notes by the Indian Government? Pros cons?,426
Which is most erotic book to read?,1661
What's your favourite sports car?,1017
Why are there still people who believe the world is flat?,1505
How does a freezer and a refrigerator differ?,2620
Can I block someone from following me on Quora?,4567
What is the relation between phase and line voltage?,1423
If we have evolved from ages then why are apes around us?,1259
What are the best companies to work for and why?,1903
What steps must Indians take to make India corruption free?,775
What is normalized score in GATE?,800
How can I increase the traffic on a site?,2084
Can I learn Oracle at home?,2984
What exactly is the Oort Cloud?,2473
Who will win the 2016 presidential election?,353
How do you take the battery off an iPhone 4?,491
How much time do you need to spend on Quora to become a top writer?,3570
What are some good books for a ninth grader to read?,4721
How did Donald Trump become president?,3658
Why do people use Quora when we already have google?,3006
How can I teach myself?,2300
What are the side effects for using Proactiv? How are the side effects treated?,617
What is the superstition regarding your eye twitching? Is there any validity to it?,4255
How is the word ubiquitous used in a sentence?,1128
How do you get money in an emergency?,3205
How can I get meth out of my system in two days?,2948
Which is the best book for learning Python 3 for absolute beginners?,2808
What is the easy way to learn Adobe Lightroom?,2468
How can I raise funding for my startup?,3719
What are the greatest examples of smartest presence of mind?,2122
Are girls really so different from boys?,4169
What is the difference between acting in a play and acting in a film?,1981
What's the PUK for TF64SIMC4?,70
What's a good workout program and a diet for a 14 year old male?,1730
Which are the best TV series to watch?,2730
In what decade will North Korea collapse?,2537
Are there any testosterone boosters that work?,1322
Is sex addiction a reality?,2853
What are the health benefits of Red Bull?,4727
How do you control your anger?,923
Have the Ancient Mayans been scientifically tested?,3858
What is the scope of mechanical engineering for girls?,542
Can jumping and skipping increase height (I'm 16 year old male)?,1024
What are some of the types of computer viruses?,2360
What are best and reliable institutes for gmat in Delhi-NCR?,1623
How do you stop a criminal's attempt to kidnap you and escape unharmed?,154
Are there more movies like Lucy?,2981
How likely is it for a black guy to date an Indian girl?,485
Can any one suggest the best foods for gaining weight?,1177
Give names of some of the best horror movies?,2266
What do you mean by LOVE ?,2903
How should I stop being an introvert?,712
How can changing 500 and 1000 rupee notes end the black money in India?,301
How successful was the Delhi's Odd-even plan?,93
What is the fastest way to lose weight safely?,1973
What is the effect of GST bill on a common man?,3637
How do you set up a VPN?,2824
How can plastic wrap be used for weight loss?,589
What is India's national language?,656
Is coaching necessary for cracking the GATE?,944
How can I not be bored on the job?,2368
Which is best laptop under 40k?,1005
Are you guys voting for Hillary Clinton or Donald Trump?,3355
To what extent is Latin America part of 'the West'?,3242
How long does it take to become a decent web designer?,810
What is the best franchise business?,2801
How should I build hotel booking website?,4563
How does iot work?,3912
What are Accenture's recruitment criteria?,1740
How do I overcome erectile dysfunction due to over masturbation?,498
What are the side effects of masturbating 2 times daily?,4723
Is the lowest sum rule still used in naming organic compounds?,862
Which are the best CPM ad networks?,2502
Why am I so shy? I tried to fix this but failed so many times. How do I fix this?,4000
How do I improve my german grammar?,4646
How do I know whether person is lying?,3297
Which is the best Panasonic service center in Hyderabad?,1474
Which are the best civil services coaching institutes in India?,1476
What book do I start with for GATE preparation?,158
How can I know if my boyfriend is using dating apps?,1068
How Can I prepare for Class 10th Board Examinations ICSE?,553
Why are we worried about others' opinions?,74
Why are humans never satisfied?,3239
How would you describe your philosophy on cooking and food?,4847
How many times should one have sex a day?,840
How do I copy NetBeans' software from one system to another including the icon?,3823
If society reversed gender roles would transgender people be the same people or different people?,378
Superheroes: Who would win in a fight between Batman and the Flash?,4401
How long will the Pokémon GO fever will last?,520
What are the differences between Spanish which is spoken in Spain (by Spaniard) and Spanish which is spoken in Latin America?,3069
Which is the better antivirus: Bitdefender Vs Norton 360?,2086
How can you improve social life in college?,4823
Who is the best prime minister of the india till now?,1510
What is rated mean in electrical machines?,2398
Can humans be nocturnal?,1007
What is the true heart of Marxism?,4106
What is the example of Presence of Mind?,2122
Is there an option for personal chat on Quora?,688
What's the best way to study human anatomy?,2426
Life can be boring. What to do?,342
Can onion juice help for regrowth of hair?,4368
How can I get more traffic to my YouTube videos?,1699
Why does surface tension exist? Why does it work?,2971
How long do ants live?,2246
What is the difference between speed and velocity in physics? What are some examples?,4812
Why were the Jews rebellious during Roman rule?,1572
Is there any concrete irrefutable proof for the existence of alien life which the government is trying to hide?,3922
Can a Hindu girl marry a Muslim boy?,2344
How should I increase my height?,1155
What small things immediately brighten your day?,2600
What is make money online?,3665
Why MS Dhoni left captaincy of limited overs?,3488
Do you think that the new MacBook Pro (2016) is worth it?,3184
How comfortable am I with failure?,2533
How can one stop masturbating for good?,3861
What is the employee discount for Amazon employees?,2522
Is world war 3 likely?,1229
Should I learn to Code at 50?,2167
How do you FaceTime with a Kindle Fire?,3328
Can I deposit 500 & 1000 INR notes in my current account multiple times on each banking day till 30/12/2016?,1169
What is the algorithm used for random number generation?,4410
Where can I get an SD memory card data recovery software free of cost?,2509
Is immortality a gift or a curse?,4177
How should I begin learning Python?,2714
How do I stop worrying about what others think of me?,3094
How does Google's No CAPTCHA reCAPTCHA work?,4117
I lost my Google account information. How can I recover it?,2329
What's the most overrated rock band of all time?,3704
Should I apply concealer or foundation first?,1348
How do biotic and abiotic factors differ?,3093
What is your view/opinion about Kapil Sharma's bribe row against BMC?,4755
What programming language I should learn first?,4901
How do you cause sleep paralysis?,3812
What are the things that an Indian can be proud of?,2223
What are dominant alleles?,4672
How do I quit masturbation?,3773
Is there any way I can get a list of all of my Gmail accounts?,4633
When did the use of paper start in India?,4516
What is an example of genetic drift?,1442
How can I build traffic for my website?,552
What is the recruitment process of Accenture?,1740
What do Trump supporters think of Trump's prospective cabinet?,2126
What is Jeffrey Kearns' opinion on Khan Academy?,1784
Where can I rent a PS4 in Bangalore?,1106
Who or what labs are doing the most advanced research in machine learning?,3921
How can I get rid of acne scars on face?,2395
What is the main difference between electrical and electronics?,2857
What are the best chess books?,1347
What is the best way to get to Machu Picchu from Lima?,2113
How do I stop caring about what people think about me?,4668
What are the ways to find out whether the girl is interested in you or not?,4659
Do trans men have it easier overall than trans women?,4954
Which sites are best for learning algorithms and data structures over video?,673
How do they train astronauts for zero gravity situations? How can zero gravity be created on Earth?,1603
How did you deal with your heartbreak?,4469
Why there is presidential debates in US and not in India?,806
How can eating prunes help during a constipation?,211
What is the best way to learn white hat hacking?,2495
How do you get more followers on Quora?,2277
What is the best age to get married for a woman?,2012
Will there really be any war between India and Pakistan over the Uri attack? What will be its effects?,3763
Which is the best online dating site to use?,2727
Is heat capacity the same as specific heat?,354
Can we travel back in time? If not then why?,4802
Are the forms of CBSE improvement 2017 out?,1619
How do we control our emotions?,4271
How would you turn 1 million into 10 million dollars?,2953
Where can I get best quality wall and floor tiles at very affordable rates in Sydney area?,417
What type of video is good for uploading in youtube?,2669
Is it too late to go to medical school at 24?,253
What are the top science fiction movies ever?,3675
Can array allocate dynamic memory?,2319
How do I replace the old 500 and 1000 rupee black money to new notes which is released by the RBI?,3370
Will India win on Kashmir issue.?,1343
How many requests can a server handle at any given point of time? What are the factors that influence it?,2753
Is it necessary to have sex in relationship?,2584
What is the scope of networking and hardware and degree must?,1466
What is the most delicious dish you've ever eaten and why?,15
Xiaomi Redmi note 4 release date in India?,1447
What is the expected neet 2 cutoff?,1979
What are plate boundaries?,1634
How do I reduce tummy?,701
Did the war in Iraq really happen?,3241
How can you tell if someone is being honest or not?,2644
How can one become a successful freelancer?,2811
What is the field of view on a microscope?,2691
How do I get rid of face pimples?,1733
How do you retrieve deleted direct messages on Instagram?,1529
What will be the effect on share market after the banning of 500 and 1000 notes?,3523
How do I make money with YouTube?,222
What are the easiest ways to earn money online?,2166
How do purified and distilled water differ?,852
Will Donald Trump actually make America great again?,4112
Does green chai tea assist with weight loss?,3767
Where can I buy a rain oil lamp?,4520
How is it like to be feeling alone?,4478
How can I boost my metabolism?,994
What's the worst experience you've had while in a restaurant?,802
Where can I get professional painting experience in North Sydney?,1189
What is marmite made of?,1865
What do you do when you don't want to do anything?,1053
How can I locate my husband's phone location without him knowing?,2417
Can we create free energy?,207
How can I run a 5k without any training?,619
What's the best way to start the new hobby?,2404
What is the flight time from London to Geneva?,1666
Who won the second debate?,1951
What are the best simple ways to loose weight?,2721
Are there any effective testosterone boosters?,1322
What do cricketers say to each other when shaking hands?,3770
Why are some answers collapsed?,2914
How can i find sponsors for my college events in pune?,4758
How will the scrapping of Rs 500 and Rs 1000 notes help in reducing black money and corruption?,2422
Is Twitter dying or will it die soon?,4063
Who would win in a fight between Ben Affleck's Batman versus Vandal Savage (CW Arrow)?,2653
I'm almost 40. Is it too late for me to learn piano?,150
What are the best Black Friday deals and discount coupons?,2608
What is the most likely way America will get itself into a civil war?,3158
How do I get organic traffic on my site?,4140
What should I do to ignore someone?,3418
Adam D'Angelo: Which tank is the best in World of Tanks?,1459
Do you think Donald Trump will make a good U.S. President?,4989
How powerful will the James Webb Space Telescope be?,2566
I have a barren land and it has become a liability. I am willing to rent it to a mobile communication tower company. How can I start my procedure?,3272
What is the use of nested loops?,1076
How could start with open source development?,134
Has Ancient Mesopotamia been scientifically tested?,2859
How do I enjoy the life?,889
How are the conditions inside European Refugee Camps?,216
What are the safety precautions on handling shotguns proposed by the NRA in South Carolina?,2431
What's your best pick-up line?,4544
What year did the letter J come?,119
How can we overcome nostalgia?,1435
What is the most spontaneous thing you have ever done?,442
Why is Saltwater Taffy candy imported in Greece?,148
Is it necessary to do digital marketing course?,1846
How are capitalism and communism different from each other?,2705
What could be the reason why iPhone sales dropped for the first time?,1153
What microcontroller is most used in robotics and engineering?,1310
How do I loose weight fast?,1745
What is the best way to get rid of acne?,1249
How do I start the travel life?,3647
How can i meditate?,1247
What are the best places to visit on a 3 day trip in and around kerala?,1345
What is the simplest way to learn how to code?,4388
Why do some people still think Global warming a myth?,737
What is an e exponential?,2512
What is the function of the shift key on a laptops's keyboard?,2638
Which is the best franchise business?,2801
Which book to use for preparing chemistry for neet?,443
What is a Backlink in SEO?,3721
What are the best colleges for biotechnology in India?,4090
Which is the best service carrier air conditioner service center in hyderabad?,1173
Is there anything in the world that is more pleasurable than sex?,2908
What is the fastest way to learn to speak Spanish fluently?,1803
How can I prove (A × B) − (C × D) = (A − C) × B ∪ A × (B − D)?,1320
Is war with Russia imminent?,4681
How can we improve the education system for high school and college?,379
How was KVPY 2016? How much are are all of you scoring ?,4417
Which universities are best in U.S for Data Science?,4300
What are the natural resources of Vatican City? How are they used?,2444
Is it possible to store the energy of lightning?,20
How can I make money from Quora?,4243
How can I continue to improve my English?,3765
What was there before universe was born?,1200
What are the funniest and most creative ways to propose for marriage?,3076
What are the things to be considered while buying a new laptop?,448
Is time travel possible then after how long time?,4372
What do you do when your father is beating your mother infront of your eyes?,2838
What is your view on the recent demonetization in India?,1041
How to start business on internet?,2685
How do I prepare for NEET in the last 6 months?,1441
Do you think we are on the verge of World War III?,3161
What is the difference between angel investors and VCs?,539
Can a muslim man date a foreign girl?,1219
What and Who is God?,4270
How banning 500 and 1000 rs note will help fight corruption in India?,3591
What are trivial and non-trivial solution?,4204
What would be the number of days in a year if radius of earth becomes R/4?,4008
How can a family member best help a sibling with depression?,3836
How can a person build his/her presence of mind?,3597
When would Sindh and Baluchistan get independence from Pakistan?,3607
I think a vote for Hillary Clinton is a vote for this: 4 more years of Obama + Corruption + ultimate destruction of the U.S. . Do you agree with me?,4212
How will the ban of old 500 and 1000 rs notes help in bringing out the black money?,2479
What is the fastest way to charge an iPhone?,3700
If we evolved from apes then why are there still apes around today?,1259
What is JIRA? What is it used for?,4030
What is difference between creativity and innovation?,4666
How did Donald Trump won the 2016 USA presidential election?,3718
How should I start preparing for UPSC(IAS) exams?,4132
What is civil services exam?,2661
How do I make delicious cup of green tea?,2392
How do you know if you like a guy?,3443
Why do my burps taste like rotten eggs?,2376
What do you think of English foo?,3452
How can I send a fax from Australia to the United States?,566
How can I deactivate my fb account permanently?,4449
What makes a good mum?,4964
What should I do to be a good customer service?,3468
Why are there only few magnets?,2085
What is the biggest mistake you have ever made at work?,4178
Why should I learn Python?,4299
What are the prominent features of usability that your organization considers while purchasing the ERP system?,865
How does a precision rectifier work?,2008
What are the good websites to learn C programming for begineer?,218
What are the funniest jokes / stories you ever heard?,208
Which one is better: Samsung Galaxy s7 edge or iPhone 6s?,2986
How do I set up my VPN?,2824
How can I hack someones whatsapp account?,186
What type of movies do you like?,4408
What is the best way to learn algebra by yourself?,174
How can I impress a teenage girl?,4818
How do I prepare for UGC NET English?,3116
What is the perfect niche to start a blog?,2060
What do you think about the Modi's sudden decision to scrap 500 and 1000 rs denomination?,2028
What skills take less than 5 minutes to learn that everyone should know how to do?,4649
What is that one decision that changed your life forever?,803
Where can I found large collections of ceramic and porcelain wall and floor tiles in Sydney?,2519
What is the easiest way to improve my vocabulary?,956
What factors of industrial revolution?,4256
Was Steve Jobs an inventor or an innovator? ,2439
How do I access my Instagram account?,1877
Why shouldn't I suicide?,2366
How should I get rid of addiction?,3813
What are the element in my life that make it complicated?,4739
How can I get rid from my acnes?,955
Why did Hitler kill Jews people?,1848
Is it possible to install iOS to an Android phone?,506
What is the best way to learn piano?,2841
What are some facts about Mumbai local trains?,4395
How exactly is the proposed GST bill beneficial for our economy?,3564
What are your favorite video games of all time and why?,4147
What is civil service exam?,2661
Why is the purpose of life to be happy?,4876
What is the expected NTSE stage 1 UP cut off?,4645
What should I watch after Death Note?,4047
Is being single or being in a relationship better and why?,3119
Do long distance relationships work?,336
Which is the best earning business in India with less investment?,3671
Is time travel theoretically possible?,3164
Who will win the 2016 presidential elections?,3216
How do I stop male hair loss?,2230
How do you make money online?,3853
What are the best gifts that you have ever received?,3211
How could I gain weight in a healthy way?,2064
What should I do now ? I failed in every aspect of my life !,2189
Who gave dumbledore the wand?,2242
What has life taught you?,618
How do I make a good habit of reading a book?,1646
Do we have any negative marking in PTE?,1778
What is difference between bush and bearing?,4605
What is the best way to ask a girl out on a date?,3188
What can I do when I am bored with surfing internet in office?,4527
How can I improve my writing skills to become a better writer?,4237
What do people do when they are really bored?,3992
What is the best book to read for a teen?,3258
Why were atomic bombs used on japan?,2852
How do I find all of my Gmail accounts?,4514
How often should one masturbate?,2576
Are Near Death Experiences (NDEs) real?,1752
What is the best Mature Linux distro for beginners to advanced users?,1268
What are some mind-blowing futuristic gadgets that exist that most people don't know about?,3910
How do I prepare for NEET 2017 in 6 months?,1441
Which is the best headphone under rs.1500?,2187
Does Quora helps to earn money?,2037
What's the best why to start up a cafe?,468
How do I download movies without torrent?,3091
What is the best way to round to the nearest integer?,2261
Why won't Quora let me delete my question or edit the extra details?,2803
How do you use copyrighted music on youtube?,4938
How do you enlarge a picture without losing quality?,4618
What would be a key to success?,4482
How can I improve my English pronunciation?,413
Which will be the best SEO company in Delhi NCR to optimize my website on Top?,3493
What is a good way to become motivated?,1938
What will the real estate look like now after the 500 and 1000 scraping?,305
What is the amount of black money in India the form of currency?,2183
Do parents really love all their kids equally?,873
Does Islam seem outdated to the present world?,4211
How did Lord Ram die?,2771
What's the worst thing that has happened to you?,3432
How we start preparation for IAS?,4282
What are the differences between human beings and animals?,908
What's the most difficult job situation you have faced & how did you solve it?,3105
Does the new 2000 note has a chip inside for its tracking by GPS?,4483
Do black guys like to date Indian girls?,485
What are the cool adventurous things to do in Hyderabad?,469
How important is sex in a relationship?,1731
How do I get rid of acne and its spots?,2492
Who will win the FIFA World Cup 2018? And why do you think so?,3993
How do I build a self confidence?,1388
What is the quickest possible way to lose weight?,1601
Is it true that the new Rs. 2000 currency notes in India will have a nano GPS chip?,2485
How do I delete my account from this site?,1338
Which is the best food to gain weight?,1177
How did Donald Trump won the 2016 USA presidential election?,2354
How can you calculate pressure under water?,4576
Why do people lose interest in me so quickly?,2925
What are some anime shows similar to One Piece?,3332
What does contributing to open source actually mean?,1315
Which are the best books for KVPY preparations?,1838
Why is Siri not working?,4704
How many times you can have sex in a day?,4217
How can I have charisma?,4268
How do I code downsampling of signals using Octave or MATLAB?,3790
Can u get pregnant the day after your period ends?,1251
What is the salary for engineer?,707
Why do so many people prefer to ask questions on here and wait for an answer rather than type one or two words in a search engine?,875
Taj mahal is tejo mahalaya ancient shiva temple?,2941
What`s the best way to get rid of porn addiction?,1769
How do I create a new shell in a new terminal using C programming (Linux terminal)?,72
Why do people like to buy new phones once the newest model of a phone is out?,1455
How do I find my lost phone using imei number without going to police?,4907
How did you teach your kid not to lie?,569
What makes a person a good problem solver?,3669
What are the best horror movies?,3706
How I become a good teacher?,554
Why the banning of 500 and 1000 rupees notes?,3951
What is the 4th dimension?,4292
How do I become debt free?,2284
What is the best thing to say if someone tells you they are a Trump supporter?,1832
How do I use Twitter as a business source?,46
Are the Illuminati real or just drama?,2798
What do Pakistani people think about the Uri attack on 18th September 2016?,1436
What are the benefits of never drinking coffee?,4858
What does Hilary Clinton aim to achieve in her first 100 days as the POTUS?,4857
How can an employee deal with a bullying boss?,4490
What are the best novels for teenagers?,3795
What is the reason behind the reactance of a capacitor?,326
How do I learn English quickly?,3150
How do I travel with a low budget?,601
What is a local government?,1914
Which is the best health insurance plan for family?,1750
What digital cameras have electronic shutter that can be set to make absolutely no sound or noise?,288
Can you trace a lost mobile in India?,3190
What do we have to learn from Mahabharata?,3463
What is crossing-over in meiosis?,1114
How can I create a typing effect on my website?,710
What will happen to the old notes which will be taken back by the government?,1676
What are some of the things people in their 20s can do to become more intelligent?,2680
What is the best App for downloading films for free?,770
Can a 14 year old guy date a 12 year old girl?,4941
What technology is out there to automatically count rounds?,2862
When were cameras invented? How were they invented?,3699
How is banning 500 and 1000 INR going to help Indian economy?,3143
Is it possible to change eye colour naturally?,3339
How can I join MIT?,4312
What workout clothes did guys wear in the year 1990?,1236
How can I hire a hacker?,2013
Is there positive scientific proof for parallel universes?,2681
What makes you an insightful problem solver?,4833
Do girls like oral sex?,1864
What is the way to watch Comedy Nights with Kapil live on the sets?,140
How do I prepare for business analyst job?,3095
What are the major differences between Chinese and Western culture?,913
Who really is the richest man in the world?,4911
How do I become a great programmer?,4652
How do I find out if I have a warrent?,4244
Do Indian women watch porn?,3576
How do I know whether a person is lying?,1726
Why should anyone buy an iphone?,3446
How do I know if I am Republican or a Democrat?,914
Is mechanical keyboard helpful for Touch Typing?,812
Are these videos on Youtube about fake images of Earth from NASA true or not?,2783
What are some of the best life tips?,1806
How can I hire a hacker?,4981
What are the most useful devices or gadgets you own for your smartphone that maybe other people don't know about?,912
Is perfectness an illusion?,2942
How do I develop good sense of humor?,3487
What is a great introduction to computer science book?,2612
What is the best latest movie?,2007
How important is education?,869
Why does India like the English language? Why is it still the major connecting language in India?,2874
How do I can hack wifi?,431
My Gmail account is not working. I forgot my password. How can I reset my account password?,3437
What are the safety precautions on handling shotguns proposed by the NRA in Massachisetts?,2431
How do I get Instagram messages back when deleted?,3557
What things brighten up your day?,2600
Which branch is the best branch of NIT Jamshedpur?,2665
Does Herbalife Formula 1 help in reducing weight? Is it safe to have it?,2446
Why do I feel like I'm tired of life?,3745
What is the expected KVPY 2016 SA cut off?,1037
How can I find hidden talent inside me?,3473
What is the difference between sex and masturbation when it comes to pleasure?,197
What is the procentual difference between 4% and 3%? What is the formula to calculate?,1085
What is the Best way to learn Oracle HRMS?,1553
So how can I get meth to be flush out of body in 2 hours before a urine drug test?,1064
How do you write a song?,181
Where can I get wonderful flavors on cupcakes in Gold Coast?,440
How do I hack gmail account?,985
Are near death experiences real?,713
What is the best time to visit Kerala and what are the places to visit in a span of 8 days?,2605
Is a brain transplant theoretically possible?,3587
How do I keep motivation to learn a language?,127
Why do we fall for someone whom we can't be with?,661
How do people deal with procrastination?,3228
Do you think Adolf Hitler was a real patriot?,3434
What is the function of DNA ligase in DNA replication?,4579
How can changing 500 and 1000 rupee notes end the black money in India?,1839
How can I buy products online without a credit card?,3991
What defines happiness for you?,389
What are some of the best paid part time jobs that can be done from home?,1679
How do I stop my Yorkie/Corgi mix from chewing my shoes?,551
What makes someone a good kisser?,2546
What is the possibility of time travel becoming a reality?,3732
How do I last longer in sex?,1217
How do know that you are in love?,3691
Who is the next Michael Jackson?,2530
What are the creepiest paranormal experience you have had?,2868
Is it normal I find many user still connected turning off Kali Linux?,3643
Why don't we build cities in the ocean?,3260
How can I prepare for AIPMT without any coaching classes?,2778
What were the underlying causes of WW1?,4985
How much time should you take in answering a Quora Question?,3133
Why did Johnny Cash go to jail?,4245
How do you overcome a fear of flying?,2236
What can I do when I'm 18?,317
How do I improve diet to gain weight? What are other options to gain weight?,3302
In how many ways can we create object in Java?,733
How can I earn money through Quora?,2357
How can I build a new religion?,3903
How can you improve high school education?,379
Why would I believe in God?,2666
What is the best way to study for the PMP in one month?,2577
How do you get cell phone numbers?,278
What are some best test series for IBPS PO?,4541
How do you become a military pilot?,654
What will be the effect in the economy of China if Indians boycott all the Chinese products?,1202
What's it like having many siblings?,4328
Who will win if a war starts between India and Pakistan?,94
What is the best thing we learned from our life?,361
What are the places to visit in Kerala during September last and October 1st?,3528
How do I start writing own compiler?,4221
How will real estate prices be affected in India after banning of 500 and 1000 rupees notes?,1736
How can I have good handwriting?,531
What questions do you ask clients that need a website?,2768
How do I reset my gmail password when I forgot without phone number and recovery mail?,4748
How much does a CT scan for the head cost?,4040
How can someone break into the comic book writing industry?,1872
Why would Donald Trump make a good president?,4192
How do I turn someone down nicely?,909
Which is the best book for SSB?,4834
How can I gain healthy weight and mass?,333
What are the best way of loose the weight?,2269
What books do you enjoy reading?,3804
What are some paranormal experiences you had?,3406
How do i remove belly fat?,1982
Which are the best photo editing apps for Android?,1409
Do you believe in horoscope?,1694
How can the world be brought to peace?,2961
I m bio student how I got admission in vits Vellore in biotechnology and I don't have math in 12?,445
What are the top most SEO Company in Delhi?,4799
What would have happened if Ned Stark was sent to Night’s Watch instead of being executed?,4780
What is the best general C&C?,4792
How can I improve my writing skills and blog style?,4921
How do you learn algebra 1 fast?,174
What's the best way to get German citizenship?,1837
Is college really worth all the stress?,1124
Why doesn't Tesla make cars with a sun-roof with solar panels?,1166
Are humans from another planet?,1928
What Best web design company in USA?,2695
What are the all time best jokes?,1501
Should I study differential equations or linear algebra?,4425
What do you think about the Bermuda Triangle?,123
Which phone is best under 15k?,629
Is it possible that global warming is a hoax?,1514
What are some ways to delete my Facebook account permanently?,4449
Who was the first U.S. President?,4951
What to do when you don't want to do?,1053
What is UPI - Unified Payment Interface?,886
How can I increase the traffic on my website without investing?,4336
What mineral holds the highest electrical charge?,37
Why do answers on Quora get collapsed?,3494
How can I stop worrying about what other people think of me?,3010
What's your secret to success?,1055
What is the easiest way to earn money from online?,1063
What is the best laptop in 20k?,2770
Should IIM and IIT passout work for the betterment of our country rather than going abroad to earn a high salary?,3877
What makes you feel most confident?,1689
How can I gain weight in one month?,2128
How do I advertise my business on Quora?,2645
Can hamsters eat apples?,3289
Is Jio4Gvoice app required on Redmi Note 3 to make Jio calls?,2879
How do I buy a suit online?,3683
How can I stop being so possessive?,56
Do guys prefer skinny girls?,1727
What is solution to Kashmir issue?,3968
How accurately can a mental illness can be diagnosed?,80
How can I improve my pronunciation in English?,1566
Why do many Quora users ask questions they could look up online?,237
Can I donate blood even if I have tattoo?,2432
How do I change my profile pic on Quora?,2391
Why do intelligent young people with bright futures give up everything just to join terrorist groups like ISIS?,2414
How do I get rid of acne and acne…?,2201
How GST will affect Indian economy after it is enacted?,3601
What is the share market?,1571
What are the requirements for admission to stanford?,4291
How do I pass a drug test with baking soda?,1931
How could I gain weight in a healthy way?,333
What would happen to us humans if the earth suddenly stopped spinning?,2365
What is the meaning of corporate company?,4066
Is astrology real or not?,3044
What are crop tops?,1102
What will be the repercussions of banning Rs 500 and Rs 1000 notes on Indian economy?,2116
What is the best way to ignore someone?,3418
How can you recover your Gmail password?,1673
Who do you think would win the 2016 USA Election?,2728
What happened before the Big Bang happened?,1620
What is the best way to discover your strengths and weaknesses?,4262
Can anyone be an entrepreneur? What does it take?,1074
What is the best joke ever heard?,635
What is the QuickBooks Hosting Support Number?,1748
How can I get back in my Facebook without a vaild email or password?,1898
Can people still see questions that are marked as needing improving?,1019
What is a conspiracy theory that turned out to be real?,2951
Why do company issue bonus shares?,300
How can I get rid of a huge house fly?,2678
Which book is the best motivation and self-help book?,4519
How did Donald Trump win the 2016 US Presidential Election?,1701
How are views of blog posts counted on Quora Blogs?,4928
How do I edit my profile?,392
What are the best phone under 10000 rupees?,4694
What is an example of an inclined plane?,4707
What are legal pets in India?,1432
When will I stop thinking about what other people think?,1891
Is there anyway to hide the public activity on GitHub? What is its use?,3387
What do you do when your father is beating your mother in front of your eyes?,2838
Can the UK visa be extended on medical grounds?,2968
What are the possible ways to commit suicide?,1109
How should one change their diet to lose weight?,1868
How do you know if someone is a psychopath?,2396
What do I need to do to get into MIT?,2910
Why do British lawyers and judges wear wigs in the courtroom?,2757
Will Donald Trump’s win in the elections have an impact on Indian students applying for a higher education in the US?,2993
What is your favorite song of all time and why?,3414
What is the difference between Chinese culture and Western culture?,913
Was Rasputin really bad?,3374
Why can't I follow a question on Quora anonymously?,719
Can meditation increase creativity?,559
Does Saudi Arabia have nuclear capabilities?,4586
What can I do to improve my English speaking?,2062
How can I earn money from YouTube?,194
What is the best examples of historical fiction novel?,4800
Does the TV show Preacher have any nudity?,1767
How can I avoid sleeping in a boring class?,4530
What are some functions of the mitochondria?,2606
Where can I get knowledgeable assistance for transfer of property in Sydney?,515
Who will win 2019 elections in India?,2746
Does masturbation causes low sperm count?,4548
What can I do after completing BDS?,315
What are the top 10 websites you visit everyday?,4017
What can I do to make the world a better place?,73
Should homosexuality be legalised in India? Why or why not?,3125
Why did the government of India introduced a 2000 rupee note instead of a new 1000 rupee note?,3336
How to impress girls in school?,4818
What are fast ways to make money?,391
What are some great tricks to save money while shopping online?,4113
Which are the courses on Coursera or other MOOCs to study digital marketing?,1922
Why is Donald Trump's new child rape accusation not being covered by media?,1799
How do I cure math anxiety?,2180
Does drinking green tea for weight loss really help? Does it have any adverse effects on your skin?,4296
How do you treat gunshot wounds?,524
Which is best science fiction movie?,3675
What are the benefits of learning another language?,373
Do people regret their tattoos often? Even if its a good tattoo?,1638
Smart People: What makes someone intelligent? and how can we qualify someone as intelligent?,2692
How do I relieve back pain?,3086
Will India win over Pakistan in Kashmir issue?,1343
How does Quora look to a moderator?,43
I have an MBBS in India and now I want to plan post graduation in Canada. Which are all the exams I have to give?,1904
Can god make mistakes?,4503
Where can I found large collections of ceramic and porcelain wall and floor tiles in Sydney?,4110
Is it OK to work as Petroleum Engineer after BS Computer Science + MS Petroleum Engineering?,3860
What are some legitimate ways to make extra money from home?,2139
How did the universe look like before the Big Bang?,4920
How can anyone increase height?,4150
How can I get peace of mind?,4298
What are the ways to drink green tea for weight loss?,1292
What is normalized score in gate exam?,800
What are the differences between Chinese and western etiquette?,438
How do I hack a victim’s mobile without help?,2594
What programming language should I learn if I want to do a 2D MMORPG game?,311
Why is there suffering in the world?,988
Can you wash boots in a washing machine?,3424
What is the difference between do-follow and no-follow links ?,2990
When is the Winds of Winter coming out?,4201
How much time does it take to learn Android app development from scratch?,86
How does a karate player breaks a slab of ice with a single blow?,4874
What are the best books on business storytelling?,3760
How do I get rid of my acne and get nice skin?,955
What is the best weekend escapade from Pune?,928
Is it this easy is it to commit mental disorder disability fraud for social security money?,4997
Do people find dimples attractive?,1090
What are the best car technology gadgets?,1530
Why are there 12 inches in a foot?,1050
What is currently the best archaeological evidence for the historicity of the biblical King David?,3254
When is the NEET 2017 form going to be out?,4363
What makes a question interesting?,1004
Are perpetual motion machines possible?,3561
What is power dynamics?,4077
How do you avoid procrastination?,1172
Can God make a mistake?,4503
Will there ever be a Buddhist president?,4394
What will be the next move by PM Modi to improve India?,1739
How much is a Facebook like worth?,2581
Are there any must watch TV shows?,59
Why dont Indian Muslims sing National Anthem?,1524
What is Dynamo?,667
What are some substitutes for cumin?,3482
Should I ask a coworker out for drinks?,3265
How will scraping of 500 and 1000 rupees notes help in curbing corruption and black money?,2422
I'm currently stuck with this high-school problem. Can someone help me?,4616
Does Adam D'Angelo take a salary at Quora?,3531
Why did you leave orthodox Judaism?,4199
Where do I start with coding?,4948
Do you think Tim Cook is a good CEO for Apple?,3725
How do delete Quora quesitons?,1104
Will Brexit really happen?,430
How do I recover my Gmail account password without a recovery email or the security question 2?,4748
Is it possible to time travel to past?,1855
What are the reasons that people regret getting their tattoos?,1638
Is it bad for my health to drink 2-3 Red Bulls a week?,4727
Do men love women with a tomboyish look?,4513
Should people over 99 not be allowed to vote?,3506
What are some mind blowing Magic science tricks that most people don't know about?,2081
Can we build cars that run on tap water?,4224
Is the United States truly a democracy?,3433
How can I become a true computer science engineer?,184
Why shouldn't we privatise air india?,1488
How do you train a white Pitbull with brown spots?,240
What is the funniest joke of all time?,45
What are the minimum GPA and  GRE requirements of Florida State University?,408
Why does Red keep the keys in OITNB?,42
What are some things that defied logic?,4622
What are the best books to prepare for NTSE?,2263
Which is the best laptop under 40000 INR?,4782
Is Java 100% Object Oriented Programming Language?,2514
What can I do when I am bored during office time?,4527
How do I prepare IBPS PO exam in one month?,935
How can I understand english?,337
How do I stop caring about someone who obviously doesn't care about me anymore?,3052
How can we improve UK NHS system?,2996
Who is your favourite female singer?,3320
What are some of the best jokes?,1501
I am a female what would a Neanderthal male think of me?,390
How do l improve my communication skills?,2015
I am 19 years old girl and my height is 5'3. How can I increase my height?,1414
Can I kill an attacking wolf with just my bare hands?,3831
How does the credit score range work?,971
What is the best historical fiction novel?,4800
Why do people like to buy new phones once the newest model of phone is out?,1455
Is Textile Engineering Good?,245
Why do people become addicted to pornography?,543
What causes nightmares that seem real?,30
What facts about Mumbai would people not believe unless they came to Mumbai?,1958
Will time travel be possible in future?,2565
Why do cats get scared when you place a cucumber in front of it?,3286
What is a great introduction to computer science book?,1965
Which is the best college for MBA in Delhi?,3222
What are the best programs to make logos for starters?,4498
What is the civil engineering?,1968
Is Hillary Clinton a habitual liar?,4518
Why doesn't Siri work?,4704
What are some of your favorite documentaries and why?,3549
What does semen taste like?,2408
What's the best way to end your own life?,4222
How do I stop my Labrador/Pug mix from humping my pillows?,3201
What are ways to increase video views on Instagram?,3979
Which is the world's richest country and poorest country?,1900
Which is the best Carrier air conditioner service center in Hyderabad?,1173
How do I become an attractive girl?,329
For what purpose are the nuclear bombs?,832
Why don't police or the DEA go after rappers or other artists who talk about doing drugs in their songs?,3431
What do you think about Brexit?,1461
What will happen to America now that Trump is president?,3527
Why is reading a good book better than watching a good series or a good movie?,4014
What Is the cause of earth rotation around Its axis?,741
What do you think of Supreme Court's decision of playing National Anthem in all cinemas?,1641
Could Trump beat Sanders in a general election?,1103
Which is best Hollywood movie ever? Why?,2876
What are some mind blowing Safety wallets that most people don't know about?,4866
What can I do when I'm feeling bored and lonely?,4791
Can betting on horses make me 10 million a year like bill benter?,1685
What is the best website to book plane tickets at a cheap rate?,3611
What does falling in love feel like?,4895
Why are American Saltwater Taffy candies imported in Japan?,2820
What will be the impact on Indian people if the GST bill gets passed?,2616
Will I see if someone blocked me of Facebook?,255
How is life in North Korea? What are the typical lifestyles of different sections of people in North Korea?,2129
Will Hillary win the election?,1944
Who has the most followers on Twitter ?,3827
How does yoga work?,1878
How did you quit/stop smoking?,113
What do astronauts aboard ISS do during a solar storm?,2893
How can I keep my dog from getting fleas?,118
Who is the most inspirational person ever?,3120
What was the Industrial Revolution?,2090
What can I do to improve my English speaking?,395
Could a brain transplant be possible within our lifetime?,3587
Why is Saltwater taffy candy imported in China?,148
What can I learn in 2 minutes that will be useful for the rest of my life?,4983
What are some of the best mock test for the SBI or IBPS bank PO exam?,2524
How can I see who viewed my video on Instagram but didn't like my video?,4371
How do I write the introduction of an essay?,514
How do we make money online?,3756
What the cutest animal in the world?,1107
How do I learn new skill?,3139
Why does Quora mark most of the questions as needing improvement?,4099
What made you vote for Trump?,1766
What is the best advice you ever received?,854
What is license raj (in India)?,2720
Is it possible to gain height after 20?,1000
What is mutual fund all about?,486
Is it fine to have sex before marriage?,3977
Which is best site for freelancing?,2475
Is it healthy to eat bread every day?,1078
What are the differences between CSE and IT/ISE?,945
How is Hillary Clinton in real life? Is she nice and approachable? Is she genuinely kind-hearted?,3811
How did Quora become so successful?,1604
What do you want in life?,2935
How do I reset my Gmail account password?,1673
Why did I get my period 6 days late?,2313
I am a 20 year old male. How can I last longer during sex?,1217
How can I make my penis big and long?,4533
Is the sun alive? Why or why not?,4591
Is there going to be war against Russia?,859
Who will win the U.S.A presedential elections of 2016?,2527
How do you treat a carpenter bee sting?,4524
How can I become more fluent in Chinese?,60
Why do we need reservation in India?,3963
What are some of the best Hollywood movies to watch?,3782
What is spring features?,1444
Should I ever care what people think of me?,488
How often do you drink coffee (-based) drinks?,604
Can we control our feelings and emotions?,1507
Which are some of the best horror movies of all time?,3706
Would like baby. Am 55 Can you help me become fertile? Have no periods,3157
Is infinity a number?,2109
Is there anyway to retrieve my deleted emails from my Gmail account?,754
What is the best method of losing weight?,2024
How do we live a happy life?,4611
Would it be possible from a physical point of view to go faster than the light speed?,4770
What are Sensex and Nifty?,4712
I have the habit of procrastination. is there any possible way I can completely avoid it?,4015
What are the best pickup lines you've ever heard?,1710
Does ansewring on Quora helps you earn money?,2037
How can I hack someone's WhatsApp account?,3159
How do you recognise a manipulative person?,1404
How come there are so many stupid questions on Quora?,4670
What can I do after completing Bcom?,779
Who is better Trump or Clinton?,1162
What are some really good fiction books to read?,3445
How can I overcome the procrastination?,1172
I want to practice building my logic in a more interesting way or where I focus exclusively on logic instead of languages and syntax?,2538
Who will win Super bowl LI?,4385
Should I drop a year after engineering for GATE preparation or join Infosys as a fresher?,949
Is Telugu older than Kannada?,4751
What was it like to meet Richard Feynman?,757
What was the most important decision of your life and how would your life look if you chose differently?,4574
Is it possible to crack the JEE Mains and Advanced 2016 if I start preparing now?,773
How would Trump presidency affect Indian students in the US?,2993
What's the most haunted experience you have ever had?,3259
Which individual in all of history killed the most people?,3245
Who are successful women?,3626
How do i meet suresh raina?,265
What is the best way to be more interesting?,3217
How does it feel to tongue kiss a women passionately?,4732
Why has Dhoni left the captaincy from ODI and T20?,2591
How do you wear a promise ring?,1378
How can I get rid of my bad habits?,3248
Where can I get best festival DJ services in Sydney?,888
Where can I found different flavours for cupcakes at Gold Coast?,3179
How does remote play for PlayStation Vita work?,1406
How can I find my all Gmail accounts?,1947
What are some interesting things that defy logic?,4622
How do we should live?,742
Why do so many people hate Hillary Clinton?,3742
Why do dogs eat feces?,3111
How can I meet Modi?,1255
What type of holidays are luxurious and why?,2152
What is it like going from a same sex school to a co-education school?,2049
What was your scariest nightmare?,4488
Is there any possibility to increase height after 21?,4480
What is the best food in Pune?,776
I forgot my Facebook password and email password. How can I log into Facebook?,1842
What's the procedure for an Indian to do higher study (MS) in the US?,593
What is the most important programming language for getting a good job in any company?,3890
What is it that we as Indians are collectively doing wrong?,1048
What causes people to judge a person by the way they look?,841
What is the best sex experience you have ever had?,3277
What does NAFTA stand for?,2880
How often do you use Quora?,3961
How would one start getting involved in politics?,4815
Is being a single better than relationship?,3119
How do I control my emotion and feeling?,4271
What are the best places to travel to in Europe?,3123
What were the main and most important political causes of World War 1?,2975
What is the use of public activity on GitHub? Is there anyway to hide it?,3387
Which are the best government jobs for mechanical engineers?,4565
What are the 6 mother sauces? What are some recipes using them?,630
Where can we get class 12 economics lecture?,4356
What are some alternatives ways to lose 30 pounds in 1 month?,3115
What are the best ways to make money from a mobile game?,3997
How do I impress my Would-be Mother-in-law?,801
What is the salary of indian president?,1535
Where can I get professional photo booths service in Sydney?,226
What is the best way to make Scotch eggs?,2930
What can I do to stop worrying what others think?,1561
How can I get rid of acne and its effect?,900
How is views on answers in Quora calculated?,3938
What are the responsibilities of Texas Rangers and how do they interact with other law enforcement agencies?,621
Should I worry about what people think about me?,1891
What would happen if the anonymous features in Quora were removed and all identities were revealed?,2388
What are your Top 10 bollywood songs?,4572
How do I make friends in college? I went to clubs but no one talked to me.,2917
Is it bad to eat eggs everyday for breakfast,1371
How do I remember names?,4497
What is the best platform for mechanical engineering to get attractive salary package in future?,4157
Who are the most underrated actors and actresses in Bollywood?,1115
How can I be a narcissist?,3856
Which angel investors are on Quora?,2559
My question was marked as needing improvement! What does it mean? How do you mark other questions for improvement?,2511
Are trending topics in Quora location specific?,577
What advice would you give to your younger self?,1397
How can I develop a habit for reading?,3730
What should I know to get into GSoC?,2588
Why do some people on QUORA ask questions that they can easily findout on Google?,3186
How did Donald Trump win the election?,1701
What is it like living in North Korea?,4013
What is the most funny joke you have ever heard?,410
How do suppressors work on a Remington 770 riffle?,3175
If a war breaks out between India and Pakistan who would win?,946
What makes us good human?,2000
What does home country mean?,4836
What are the chances of ww3?,349
Are there any good horror movies in 2016?,534
Who is a psychopath and who is a sociopath?,3685
How do trans genders live in India? What is their style of life? Do they have customs like all us of do?,1916
Why is Saltwater taffy candy imported in Australia?,327
~SPOILER~ Were you surprised that the Force Awakens was mostly a remake of a New Hope?,4768
How does it feel for a wife to be elder than the husband?,4011
Does science have any proof that parallel universes exist?,2681
If Hillary Clinton can no longer serve as the Democratic nominee how would her successor be chosen?,65
How do I improve my English speaking?,3843
What's the best experience of your life? Why?,2944
Where can I learn to sing online?,3017
How can I get a chance to meet Mr. Narendra Modi?,383
What are some interesting things about animals?,1311
What are the best places to learn iOS development in swift?,3099
What are the best hashtags for Instagram likes?,664
Can Donald Trump keep his campaign promises?,461
When & how did Switzerland become so rich?,2010
Can excessive amounts of Vitamin C cause me to have a miscarriage?,38
What kind of things are we going to see with the James Webb Space Telescope (JWST)?,2566
How is marmite made?,1865
How would Trump presidency affect Indian students in the US?,188
How are Quora views counted?,3166
How could someone effectively ruin their own life?,2715
What exactly is the standard model?,1463
What's the importance of GST bill in India?,4376
What happens to a question on Quora if it is marked as needing further improvement?,979
Is Amazon better than Flipkart in India?,3755
What are renewable resources? What are some examples?,4404
Is it possible to sustain life in other planets?,3329
What do Muslims think about Christmas? Are there any Muslims who celebrate it?,3305
Who is going to win the presidential election?,1751
What are your resolutions for 2017? And why?,2194
Where can I found different cupcake flavors in Gold Coast?,2004
How old is the oldest religion?,4491
What are some tips for learning arm vibrato on violin?,3738
What is currency chest?,4087
What's going to happen to EU citizens in the UK if the UK leaves the European Union after a 2016 referendum?,407
Will bulletproof coffee help me burn more fat?,2589
Can someone proofread my admissions essay?,4995
Does Donald Trump have any chance of winning the forthcoming election?,321
What are the best places to visit in Kerala for 3 to 4 days?,3284
Which is the best phone to buy under Rs.1500?,983
Are ethics bullshit?,479
Why do we love movies so much?,3415
How does the HP OfficeJet 4620 Airprint compare to the HP DesignJet T730 36-in Printer?,3911
Why should I learn Python instead of Java?,4299
How do you potty train a 4 months Pitbull?,75
What is best way to crack the Civil Services Exam?,4369
Would any women out there date a man 3-4 inches shorter than you without heels?,1881
What do you want to accomplish before you die?,2718
What should I do if someone has posted porn video under my name?,268
How can I put some weight?,3407
How do you know if you are a psychopath?,1777
How can I log in Facebook without password?,1842
What is the most valuable programming language for the future to learn?,3866
How do I copy NetBeans' software from one system to another?,3823
What are the features of ARRI Alexa Mini?,1470
What is the national festival of India?,3301
How introducing 2000 Rs notes which is of higher denomination than the current highest denomination 1000 Rs notes will reduce the black money?,3841
What does Quora  mean?,2106
How do you start a bakery?,1133
What are some differences between a Mac and a PC? What are some similarities?,4097
What should I do if my girlfriend is not a virgin?,4004
What are the best chatting websites?,3283
Where can I get affordable DJ for Birthday party in Sydney?,1354
How do I repair a cracked Apple iPad screen?,2615
What are some tips for beginner investors?,4390
What are some of the Nostradamus predictions which actually occurred in history?,1521
Can a girl get pregnant after her last day of periods?,3583
What are the advantages and disadvantages of federal goverment?,4507
How do I tell if I have a cavity?,4939
Who won the 2nd presidential Debate?,2342
What is the best laptop under 30k for students?,2025
How do I apply for a PAN card?,2517
How do I gain emotional intelligence and control my emotions?,690
What is the best gift you've received?,1729
How do I increase the height?,2057
What made Hillary to lose presidential election?,2130
What is jayalalitha's health issue?,699
How do I ask my bestfriends mom to spank me?,2719
Is it possible to travel back or forward in time?,2367
What can I do to lose 20 pounds?,2844
Can mathematics prove the existence or non-existence of God?,1355
What is the function of the shift button on a laptop's keyboard?,2638
Why will Donald Trump be a good president?,4485
What is the best way to get traffic on your website?,3409
What are ways to lose belly fat?,1359
Which is your favourite painting and why?,4663
Why is the symbol for Java a mug of coffee?,2813
What are the advantages of intensive cultivation?,2772
What mineral can hold the greatest electrical charge?,37
Why has Quora flagged this question as needing improvement?,4882
When was the hardest period in your life and how did you get through?,499
It is hard to learn to play the violin?,4814
Is Jamie Azor Ahai?,3293
How does a facebook account get hacked?,675
Is it possible to see the pictures you've deleted on Instagram?,1401
Why do people ask questions on Quora instead of Googling it?,3186
How do I reduce fat and increase muscle mass at the same time?,2190
How successful was odd even plan?,93
Which are the top 50 business schools in India?,2380
How Green tea is useful for reducing fat?,1786
How many stars are on the American flag?,4489
Can I view a private Instagram?,625
Do you think that the new MacBook Pro (2016) is worth it?,2185
How do I get meth out of my system from smoking it instantly?,1064
What's so bad about women showing their bra straps?,1616
What do you think about decision by the Indian Government to demonetise 500 and 1000 rupees note?,943
A student multiplied a number by 3/5 instead of 5/3.what is the percentage error?,1615
How will work and jobs change in the next 10-20 years?,561
Examples of IAS toppers who got less than 60% in graduation?,4898
How does it feel to see upvotes to your answer on Quora?,89
Which laptop is best to buy within the range of 30000rs?,3810
What do you think of the design of the new ₹500 and ₹2000 notes?,3256
How do I lace open laced shoes?,2191
Can someone see if you have viewed public Instagram?,3113
Why do my colored friends hate white people?,2349
What are the best Cyanide & Happiness comics?,517
What are the advantages and disadvantages of a DC series motor and its application?,2743
How can I learn English in short time?,3150
How does the quality of life in Canada compare to Sweden?,3915
What happens to questions marked as needing improvement? Are they inhibited from being seen as other questions are?,1019
What is ecological footprint?,2401
How does sex feels like?,3486
How does sex for the first time feel like?,3746
Is the dark web safe to browse?,2716
What are some easy ways to make done extra money online?,758
What is the most important book you have ever read?,120
Is civil war likely after the US presidential election?,170
What are some songs that just make you happy?,428
What is the best niche to start a blog?,2060
How do girl feel after losing virginity?,2628
How does the demonetized notes of 500 and 1000 effect the real estate?,3282
How do we know the difference between pasteurized milk and sterilized milk?,1779
How could America improve inner cities?,896
Was the White House built by slaves?,856
Should porn websites will be banned from India?,700
How do I learn Spanish as soon as possible? What is the best way to learn?,2510
What thrust should be develop to lift 200 kg of weight?,4702
What are the best way to become a cyber security expert?,1952
How do I increase my height?,4405
Why Santa Claus is an old man but not an old woman?,3215
Can long distance relationships work out?,3789
How do I get over a broken love relationship?,1370
Is it the right time to associate car with uber in pune?,678
How can you tell if you're a narcissist?,3778
How much doctors visit cost?,1047
How can we earn money online in india?,740
How can I meet PM modi?,1255
What are the best countries to visit?,4452
Why do people stand in a queue to meet dadis?,1853
How can we learn c programming?,218
How do you know if you've fallen for someone?,1146
How do you treat sleep apnea without CPAP?,3769
Are Near Death Experiences Proved?,713
How do trans gender's live in India? What is their style of life? Do they have customs like all us of do?,1916
Where can I get quality assistance in Sydney for any property transaction?,3909
What are some of the examples of presence of mind?,1381
Is it possible for a puppy to die from parasitic worms? How can this be prevented?,4883
How do I recover deleted Facebook messages?,341
What are good online high schools and how do they work?,2373
What are the common mistakes people make that ruin their lives?,4219
Why is it taking so long for Pokémon GO to be available in India?,3381
What startup companies are hiring in Bangalore?,3713
What is the best way to stop being scared?,2443
What are some of the straight to the point example of getting out of the comfort zone?,2909
How do get out of Quora?,228
Why is division by zero undefined?,544
How do you decide when you're ready to tell a significant other you love them?,1783
Besides hanging yourself what are other ways people commit suicide?,4665
What is the hardest musical instrument?,3389
How much does it cost to develop app like Zomato?,402
What are pros and cons of Hillary Clinton?,296
Can I become a CA?,3470
How safe is Kanniyakumari?,2148
What do you think the cutoff of KVPY 2016 SA would be?,2293
How can we improve our vocabulary which books should we read?,3592
What are some good over ear headphones under 2000?,3002
What do I do to reduce my anxiety?,1003
What would be a realistic plan to lose weight?,4418
How can I improve English speaking skill?,2425
Is there any way to recover an e-mail in Gmail after it's deleted from the trash?,2011
Can we create a time machine?,583
What factors influence longevity?,3940
What is/are your New Year resolutions for 2017?,892
How do I use Facebook in China?,1802
What do you fear most about getting old?,1674
What are the best headphones with a mic for an iPhone?,4308
How can I learn programming from scratch?,1135
What is the most convincing proof for extra terrestrials?,3932
How do I stop caring about what people think about me?,1298
How do I improve my startups?,2403
Why do people bother to ask questions on Quora they could just google to get the answer?,4737
Why does understanding death philosophical?,108
How do you know if you are in love with someone?,1628
How do I do to get fuller face?,204
How does someone knows they have social anxiety?,358
How did Donald Trump win your vote?,4832
What is depth of field?,2449
How can I hack Clash of Clans for unlimited gems?,3360
Do you put a top coat on matte nail polish?,1992
Where from and how should I start preparing for the UPSC?,1754
Where does dreams come from?,1279
What was your life changing experience?,3777
Where can I find best quality DJ for festival in Sydney?,1443
Why did Hillary Clinton loose the 2016 Presidential election?,2130
What is your favorite video game of all time?,4147
Why should people be kind?,1282
What does it mean to love someone?,2903
Which is the best book to study TENSOR for general relativity from basic?,3941
Why is gay marriage considered legal?,2316
How do I prepare cost accounting on a CA final?,4148
How should you train a Dachshund/Lab mix puppy?,3663
What are the advantages of GST for the Indian economy?,3039
Which is the best honeymoon destination in kerala?,607
What does Donald Trump's nomination reflect about the people of the United States/Americans?,1040
What are the best one word answers on Quora?,4596
What is the function of the mitochondria?,4181
Why is Quora blocking my name saying it doesn't conform?,4817
What are some uses of technology on a daily basis?,4152
Why is diversity good?,1062
Wordplay: What are some of the best portmanteaus you've heard? (English),3008
What are the top 5 things I should definitely not do when I am on a flight?,398
What are the pros and cons of Linux Mint vs Ubuntu?,4383
Why do climate change deniers deny climate change?,4189
What's it like to be a firefighter?,152
What is the legislative branch responsible for?,4742
Which is the best phone iPhone 6s plus or 7?,2119
What are the safety precautions on handling shotguns proposed by the NRA in Illinois?,1023
How can I understand machine learning?,2573
What should I do to concentrate more on my studies?,3315
How can I treat a carpenter bee sting?,4524
How do shock collars hurt dogs if not used properly?,3247
What are your New Year's resolutions for 2017?,4412
How do I stop using heroin?,1749
How do I become passionate about studies?,2394
What is the scope for hardware and networking?,1466
What political orientation does India follow?,1792
Which are the best books for basic electronics?,4984
What are good universities for M.S. in Data Science?,4300
How exactly does banning Rs 500 and Rs 1000 notes curb the problem of black money?,4324
What are some jokes /memes on Narendra Modi?,2104
Is there a way to develop photographic memory?,3439
Does DNA change during the life?,1080
How do terrorist organisations get money?,2445
How can I find cheap discount coupon online?,2299
Is time traveling possible in future?,3079
Why has english become the international language?,3886
Which is the best gaming laptop under Rs 60000?,28
What are creative and new activities to be made in fun day event in medical school?,2528
How can a mechanical engineer graduate from India get into NASA and become an astronaut?,2420
What are the best books for cat section wise?,1265
Why do dogs wag their tails when they are happy?,1028
Who are some of great coders from Tamil Nadu?,256
Why do some people like the smell of gasoline?,3788
What should you engrave on promise rings?,2346
What is best career option?,4641
What is our purpose in being here?,919
How can I make my Snapchat score increase faster?,4053
Is there any formula for finding nth prime number?,901
How can I make good money drawing cartoons?,1001
Whey is the sky blue?,3303
Why does M.S Dhoni left captaincy for ODI and T20?,2225
What is your favourite meal and why?,518
Is it true that the new Rs. 2000 currency notes in India will have a nano GPS chip?,567
Will North Korea collapse?,2537
How we can learn C language easily? Any recommended book which I should go through?,2463
Which is best laptop below 40k?,4740
What must I do to have good handwriting?,1966
What are the best places to nap on Stanford's campus?,2108
Does green tea really reduces weight?,1292
What is the best way to avoid procrastination?,4015
What are some mind-blowing Car tools that exist that most people don't know about?,2464
How do you make money online?,1413
Which Instagram hashtag is best to attract more followers?,664
What is the best love story book ever?,2465
How can you stop grinding your teeth in your sleep?,4288
What the meaning of this all life?,99
What is the most efficient way to make money?,3309
What is the best way to eat your food?,2441
What is Jordan?,3546
Is Donald Trump fact free?,3466
What should I do if my Shepherd/Retriever mixed puppy is chewing my shoes?,2412
What are some good beaches to visit in Kerala?,460
What is an inanimate object?,1045
How would I retrieve my Yahoo account without access to my alternate email or phone number?,2052
What should you do if you want to lose a lot of weight?,3739
Why does North Korea hate The United States of America?,4725
Why do some people still think the Earth is flat?,1493
What are some cool python scripts?,1539
How is the presidency of Donald Trump going to affect India's IT industry?,4635
Was the US election rigged?,233
What are the best school life hacks?,1647
What are some best ways to earn money online?,3230
How did you celebrate this Diwali?,4043
What is the main reason for Trump running for president?,2839
What makes people smarter than the others?,1262
How do I train White Pitbulls?,1618
How did Hillary Clinton win the popular vote but Donald Trump win the election?,3032
How do you deal with a passive aggressive supervisor who is bullying you at work?,4490
What is the difference between a comet and an asteroid?,167
Is it true that Leonardo da Vinci is German?,3594
What is vision?,2351
Where can I find best quality DJ for festival in Sydney?,888
Can Donald Trump overturn gay marriage?,4275
What are the most beautiful French songs?,716
Who do you think will win the 2016 Presidential Election?,2728
What can an introvert do to become an extrovert & vice-versa?,895
How does Quora quickly mark questions as needing improvement?,246
How can one earn money with a Facebook page?,3519
Why did Hillary Clinton think it was necessary to use a private server to conduct her personal and government communications?,725
How do you measure elasticity of demand?,2755
How do you get money during an emergency?,3205
What is the best SIP Plan in India?,851
What are some of the best places to visit for solo travel in India?,4075
How do I overcome social anxiety in public places?,1067
How do you make profit?,3887
What are 2 things that you would tell to your younger 18 year old self?,1397
Why does love exist?,4422
How can we change India's education system?,4584
What should I do to make money online in India?,758
What is the difference between assessment and evaluation?,427
What has been the best movie of 2016?,3110
What happens if you die in a dream?,899
How do I deal with people who speak mean things behind my back?,4159
Is it possible that Russia and the US will fight a proxy war in Syria?,3775
What are the subtle ways to show my guy friend that I like him?,1614
What are some of the most misheard song lyrics of all time?,521
How do you treat inflammation of the mouth with small ulcers?,3060
Why are Syrian refugees going to Europe?,1810
What is the best feeling that you have ever had in your life?,1955
What are the best coaching institutes for GMAT in NCR?,1036
How do I tie a tie differently?,1999
What are the safety precautions on handling shotguns proposed by the NRA in the entire U.S. including it’s territories and possessions?,1563
What is the shopping mall of the future?,364
Why do many deny white privilege?,2390
What Is your New year resolutions in 2017?,1714
What are the functions of the rough endoplasmic reticulum in plant cells?,3384
What is your new year resolution?,2756
Where can I get quality support to make a successful property transaction process in Sydney?,4285
How do I build self esteem?,3850
What is the best way to love kids?,4789
How did the Bantu migration occur?,2787
Why does Ernest W. Adams always disable comments?,4035
What is the specific heat of ice?,2651
Can we travel back in time or to the future?,2244
What are some ideas for projects in data structures using C/C++?,1943
How do you find good questions on Quora?,1515
Can you FaceTime from China?,4924
Which are the most communal regions in India?,4843
What is your opinion on comedian Kapil Sharma's bribe row against BMC?,4755
Why was my question marked as needs improvement?,1746
How can I get a complete list of all my gmail accounts?,2586
What are scotch eggs and what are their origins?,786
What happens to the soul after death by suicide?,2361
I want to learn singing. How do I start?,280
What is your best sexual experience?,890
What is the best thing about having an elder brother?,1346
What are three types of thematic maps? How do they differ?,3321
How do I get rid of severe dandruff?,477
Daniel Ek: Are there any future plans of releasing Spotify in India?,4940
Shouldn't we have debates between NaMo and RaGa similar to the US presidential debates?,806
How do I learn to read Sütterlinschrift?,4031
When do you upvote?,2934
How do I fight loneliness?,4890
How is the job life in RBI?,3000
Why and how were central banks first created?,4943
How do I score good marks in mathematics (9 cbse)?,347
How can I improve my communication and verbal skills?,2866
What is one conspiracy theory you believe in?,4349
Which is the best camera quality Phone?,2775
What are your favorite hobbies?,1809
How do I gain weight in a healthy way?,3317
What factors affect the demand for crude oil?,4899
What is the best book ever made?,19
What is the difference between chart and graph?,3659
How do I delete a question from Quora?,572
Why did the Industrial Revolution start in Britain?,4264
How can I learn math?,2124
I want to improve my English?,2045
How good is the casting for Spider-man Homecoming?,3140
What will happen to the gas giants when the Sun becomes a red giant?,3628
Red pill makes you fluent in every human language. Blue pill makes you master of every musical instrument. Which do you choose?,2490
Why is Tokyo so big?,2294
How can I start making money by starting a blog?,784
Is coaching necessary to crack JEE Advanced?,681
Which is the best gaming laptop under 60k INR?,28
What is a good way to make money in high school?,3717
Can I make money online?,2071
What is the best IT field for freshers?,376
How do we account for transgender people if gender is socially constructed?,378
Which are the best books to read about the Indian army or the Indian defence forces?,4676
Why is the Indian government not serious on controlling population?,4105
How did you learn to stop hating yourself?,2865
How Donald Trump's victory will impact India's IT industry?,4635
What can make Physics easy to learn?,2
What are the best laptops under Rs. 50000?,2960
Why did the British come to India?,3609
Do superhumans exist?,1983
Any specific ideas for mechanical final year project?,3762
How do you tell a friend or colleague they they have body odor without offending them?,2218
Can a person donate blood after getting a tattoo?,2432
What is overfitting?,1358
How can I stop worrying about what other people think?,1923
Reservation should be abolished?,1301
Can you please let me know the password of your email-id? I need it for checking some things. INTERVIEW ANSWER TO THIS QUESTION,1253
How do I improve my communication skills in one month?,2866
Why should you brush your teeth twice a day?,3073
How do I know if a guy has a crush on me or not?,3045
Are any UFO sightings real?,2157
Which is the best joke you have ever heard?,3375
What one has to do for becoming career counselor?,711
How do we use technology on a daily basis?,4152
Why do I wake up with swollen lips?,3151
What is the purpose of life according to YOU?,2280
How can I log in Facebook without password?,261
Is it true that people with tatoos should not donate blood?,2330
How much would an iPhone cost if was manufactured in the USA?,4213
What's the fastest tank ever to be made?,1924
Can using birth control cause complications in future pregnancies?,3483
What is the intuitive explanation of Extreme Gradient Boosting?,2717
What's the best Linux operating System distro for beginners?,1268
All my questions on Quora need improvement. What is the best way to ask a question on Quora?,294
What are the safety precautions on handling shotguns proposed by the NRA in Vermont?,4841
Why is my period 11 days late and how probable is it that I'm pregnant?,2774
Does tea have caffeine?,4009
Did the Cold War end?,4080
What is the future of photography in India?,4894
How many all time views do you have on your Quora answers (not questions) stats?,864
How do I stop being a pushover?,2118
What are the best dialogues in Bollywood?,4068
What daily diet should I follow to gain weight?,4870
What should the purpose of your life?,2159
What websites do you use everyday?,585
Voltage sensitive self balancing bridge?,4456
What would be a realistic plan to lose weight?,777
What are the best places to visit in Kerala?,1345
Why don't I get nightmares?,827
What should I do to stay motivated and happy?,4127
Why sex is important in life?,2885
What can we learn from Deepika Padukone (Bollywood actress)?,4797
How did you meet your current significant other?,1344
What is the difference between training and fighting gloves?,2400
What is the best path I should take to improve my English?,2045
How can I be more ambitious?,1482
How can I create inner peace?,4108
Why do people believe in God and how can they say he/she exists?,774
What is a hair transplant?,4631
Is the soul immortal?,275
Why is there a sign limit on Quora for questions?,920
How do I create a strong password?,380
What type of movies do you like to watch?,4408
Why are there so many Muslims in our Bollywood industry?,575
What could be Narendra Modi's next move after demonetization?,182
How can you make friends with people?,2567
What was the best gift I should give to my gf on her birthday?,4788
Is Clinton likely to win the election?,2256
What can I do to get a job at Microsoft?,339
Can I deposit 500 & 1000 INR notes in my savings account multiple times on each banking day till 30/12/2016?,1169
What are the best car gadgets and tools?,1530
How do I get a good score in GRE?,3469
What is the Crush Card Virus card in Yu-Gi-Oh?,3136
How will Donald Trump end gang stalking?,2711
What do you think you were in a past life and why?,659
What is regarded as the best music album?,330
Whats is depth of field?,2449
How can I improve my English writing skills in an effective way?,4361
What does Hillary Clinton plan on doing during her first 100 days in office if elected?,4857
How long do the effects of weed last?,4821
What can I do to improve my question on Quora?,294
Are vacuum fluctuations an energy in a vacuum? Are these virtual particles? How do we know there is this energy if they didn't exist? Do they really exist?,1804
How do I block someone in Quora?,3344
How do clouds float?,3580
1,298
What are the best programming languages to learn today?,813
How should I get started with programming?,3839
Which is the best short story related to Indian mythology you have come across?,4937
If war occurs between India and Pakistan what will be its effect on the rest of country?,540
Do white girls find Indian guys attractive?,2338
I'm 21 years old and I want to become a politician. What should I do?,4728
What do you like about China?,929
Is Emma Watson a blonde?,2034
What is the meaning of life? Whats our purpose on Earth?,2240
Is the world gonna end on October 31 2016?,2706
What is the interquartile range?,4820
How do I recover deleted files from Android internal memory?,2694
What is the best way to increase blood circulation?,3504
What are the puzzles asked in an interview?,3311
What does it really mean to be a Stoic?,4517
Why doesn't Indian government do something about the beggars?,4853
Can I start my BPO without experience?,3461
What are the health risks of drinking too much water?,2059
What would happen if the earth stopped rotating in a span 5 years? Would be be able to adapt or would we die?,2365
Why are Indians obsessed with God and religion?,845
Why have I always felt so tired my whole life?,2208
What are some examples of warm blooded and cold blooded animals?,4716
Would Donald Trump make a good U.S president? Why or why not?,4192
Do you think time travel is possible?,2402
How much black money will be controlled by banning Rs 500 and Rs 1000 note?,1776
Movie Review: What is your review of Aamir Khan's Dangal (2016 movie)?,356
What factors led to the Industrial Revolution? How did the Industrial Revolution affect the U.S.?,4256
What are the safety precautions on handling shotguns proposed by the NRA in Rhode Island?,1893
How can you tell if you are a narcissist?,1755
Can I get shorter?,1375
What happens to your soul after suicide?,2361
Why do people on Quora ask silly questions about the facts which can be googled very easily?,755
Who would win in a fight: Captain America or Batman?,3656
What is the secret of self discipline?,2027
How do I recover my Hotmail password?,399
How do I root htc desire 826?,1703
What are the differences between Navy SEALs and US Marine Corps?,4058
How can I get a green card?,580
Which countries are the most famous?,2087
Can World War 3 ever take place?,210
How do you delete a question on Quora?,1104
How does the finance credit score work?,971
Why do vets sell Science Diet?,4334
How can webstudy csr funding online?,3061
Should people over 99 not be allowed to vote?,4643
Which fruit is the best for weight loss?,4569
What are the applications of collection framework in Java?,4266
Is it good to work in PMC as fresher civil engineer?,1010
What are some ways you can get into Johns Hopkins University?,884
Which one is the most embarrassing moment of your lift?,1590
What's are the meaning of life?,99
How do I control my emotion and sadness?,1006
What are some applications of the intermediate value theorem?,4767
What is your political affiliation and why?,745
Why is the total energy of the universe zero?,1798
How do I improve my overall native English language?,4220
What should I do after a BTech in CSE?,1980
What is the definition of soulmate for you?,3787
What is the best programming language for beginners to learn?,2069
Have the Ancient Mayans been scientifically tested?,2295
Is it normal to fall out of love?,2531
How did Donald trump win the elections?,816
What are the best ways to spend time around a Chennai railway station for a period of one day?,2041
Which is the best anime to watch?,3612
What are puns? What are examples of puns?,3146
What is the best diet to gain weight?,3302
What's the most viewed question on Quora?,3101
Was Carmex lip balm made to be addicting?,1309
What is the ideal computer to run CINEMA 4D?,2637
What are some good earphones for under $60?,4734
How do I stop my Yorkie/Corgi mix from chewing my shoes?,3553
What are the safety precautions on handling shotguns proposed by the NRA in the entire U.S. including it’s territories and possessions? 1,1563
What is the best career option for an electrical engineer who is interested in coding?,2541
What is Hillary Clinton's foreign policy outlook with regard to India?,1557
What are some examples of curable STD's?,4733
Why do wheelchairs have a camber angle to their wheels?,2272
Does Lipton green tea Assist in weight loss?,925
What is your review of the 2016 MacBook Pro?,704
How do I add answer wiki on Quora?,4093
How do I know if my spouse is my soulmate?,334
How do I improve presence of mind?,2021
How can you speak and learn fluent English like Karan Johar?,4267
Does Gary Johnson have a chance?,4688
What is open market operation?,1056
What is the best way to learn about stock market?,1431
When is Trump going to sue the women who accused him of sexual assault?,2127
Which are the best websites to download cracked game?,3191
What are examples of diseases caused by bacteria?,4294
What is the difference between amateur (ham) radio and CB radio?,623
Is a perpetual motion machine theoretically possible?,3689
Which Linux distro is most stable? ,3939
Why are police officers so aggressive and abuse their authority?,4038
How does one ejaculate without achieving orgasm?,843
Can we really hack Facebook?,495
What are the safety precautions on handling shotguns proposed by the NRA in New Hampshire?,4658
How much money can I make 5 days a week playing poker?,4083
Why are so many Quora users posting questions that are readily answered on Google?,6
What are your views on Modi governments decision to demonetize 500 and 1000 rupee notes? How will this affect economy?,147
How will replacing 1000 notes with 2000 notes going to stop corruption and black money?,3287
How is Donald Trump going to make America great again?,4112
Loopholes of the new policy to withdraw 500 and 1000 currency notes?,2949
What roles does greenhouse gases play in the current climate change?,3797
Why is salt water taffy candy unknown in Japan?,3889
How much does it cost to create your own website?,4532
Which is the best book for teens?,3258
How is career launcher online program for RBI Grade B?,14
What are some tips for success in medical school?,2430
Should I include other skills in my resume when applying to a developer job?,3565
How is corn meal the same as corn flour?,3987
How did Donald Trump win despite projections that he would fail?,665
How do I gain weight?,3317
What do you think about the ban on 500 and 1000 denomination notes in India?,722
What are some best business ideas with minimum investment?,507
How India can respond to the Uri terror attack?,1817
What is the scope of doing interior designing in India?,3268
What is the difference between a front-end developer and back-end developer?,4950
What does it feel like to be lonely?,3266
How do blind people discover their sexual orientation?,2646
Where does the New Testament support the concept of tithing?,3347
What are the best Gate exam Books for mechanical engineering?,3636
Which is the weirdest dream you’ve ever had?,3584
How can I lose 20 pounds in 3 weeks without feeling inconvenienced or jeopardizing my health?,1664
Were there any substantive differences between the space shuttles?,778
What do you think of the decision by the Indian Government to replace 1000 notes with 2000 notes?,3395
Which is the best photo editing app for android?,1409
Who was that first gentleman that started turning students in to cock as punishment?,3281
What are some of the most technical questions asked in an interview?,548
What practical steps can Indian government take to control the booming population?,4749
What should I eat to gain weight?,2807
What is the best way to learn piano for adult?,2841
Why does Arvind Kejriwal always comment against Modi?,1159
Is Sudafed or the generic psuedaphedrine good for a runny nose?,2058
How does it feel to meet your gf/bf in long distance relationship?,4972
How do I know my talents?,4719
Why can't you anonymously follow a question on Quora?,719
I am an introvert. How can I control my emotions in a better way?,3016
How does a karate expert break a slab of ice?,4874
What is the origin of saying bless you when someone sneezes?,1134
Can dictatorships be better than democracy? Please name some advantages.,4470
What is the best program to make a logo?,4498
What is internship programme for mechanical engineering students?,3794
Is Demonitization going to help Indian economy?,1741
What are some tips for self study?,1227
What steps must a person as an administrator and as a citizen take to tackle corruption in India?,2773
How can I lose weight effectively?,2570
Can I earn money on Quora?,69
How do I study online without getting distracted or sidetracked?,3391
What are the safety precautions on handling shotguns proposed by the NRA in Alaska?,3878
Is ice lighter than water?,826
My girlfriend is not talking to me. What should I do?,304
What's it like going from a same sex school to a co-education school?,2049
Is WWE Wrestling acted?,4071
Why is Saltwater taffy candy imported in South Korea?,4277
How can I get rid of man boobs?,224
How do I tell if a girl has a boyfriend?,332
How can I modify apk files?,4389
How can anyone learn how to draw?,4257
How would demonetizing 500 and 1000 rupee notes and introducing new 2000 rupee notes help curb black money and corruption?,4710
Which is the best Mutual Fund in India?,883
How do I write anonymous answers on Quora?,3998
Why do people do MBA after engineering?,674
Who would win an all out war between Pakistan and India if no other country got involved?,1383
What is remainder?,4816
How tough is the PESSAT?,1508
Is the US at risk of some type of uprising after the election?,170
How can I Increase the traffic of my blog?,3182
What is awesome? Why?,1719
How should I know my purpose of life?,2117
How do you memorize faster for my exam tomorrow?,2249
What happens after you die? (Human Being),3171
How do I seduce girls?,2096
Who do you think won the second 2016 Presidential debate?,1951
What are the culture differences between Chinese and Western?,3801
Will Donald Trump deport all Muslims from Us?,3589
Do vampire exist?,4146
How much should one believe in astrology and palmistry? Why?,3645
What are the laws involved in child birth on an international flight?,2724
What is a remainder?,4816
What do you plan to gift your sister this Raksha Bandhan?,3796
Does milk flush the meth out of your system?,3490
What are the best b schools in India?,2380
Why are so many people denying climate change?,2550
What happened before the Big Bang happened?,3698
How do you exactly start a business?,3757
What are some adventurous activities to do in Singapore?,4889
What is a good first programming language to learn?,3064
Which is the best gift that you have ever received?,420
What are examples of curable STD's?,4733
How does Wikipedia earn money?,3224
What is your favorite anime and why?,3334
How did Overwatch become so successful so quickly?,2149
Who views Instagram?,3207
What books are worth reading in early 20s?,157
How can I become fluent in chinese?,60
What was your first sexual experience like?,3
What is a really good animated movie?,4358
What are the best books which tells us the importance of numbers?,2195
How do I know my EPF account number?,3020
How can there be negative decibels?,2472
Was Rasputin evil?,3374
How do I get into an Ivy League school as a foreigner?,1763
Why would Ryan Lochte lie about getting robbed by cops?,653
How/Why do electrons repulse each other?,1188
What is your opinion about Narendra modis banning on 500 and 1000?,1546
What is Atal Pension Yojana? What are its benefits?,1149
Why do we say god bless you when we sneeze?,1329
I want to start my career as a photographer at age of 25. Is it too late?,205
Could Donald Trump be a plant?,3356
What's your favorite song right now?,3414
What are some of best jobs in the world?,4850
How do I find affordable safety switch installation service in Sydney?,4813
How do I forget someone whom I once loved and cared for deeply?,4278
What type of questions are asked in a UPSC interview?,4609
How can I make use of my knowledge to contribute to code in Github?,2309
What are the best ways to enjoy your own company?,2151
What is local government unit?,1914
How do you carrier unlock an iPhone?,651
How can I actually grow tall?,2601
How do I get rid of mosquitoes bites quickly?,482
What are the adaptations of a Joshua tree?,3667
How do I remove light scratches from car?,1717
What is the Syria civil war?,627
How will black money and corruption be stopped by banning 500 and 1000 notes?,4710
Is REC (Rural Electrification Corporation) a good stock to invest at the current market price of 135-138?,1841
How can I get admitted to MIT?,3145
What should I do to get my body lean?,4934
What do you upvote?,2934
How do I use condom safely?,3204
What are some of the most surreal questions asked on Quora?,241
How do I post a question here?,4153
How do I get more traffic to my site?,2875
How do I recover from moderate depression?,705
Is it possible to determine a persons location by the cell phone number? Why?,2725
What are the Black Hat SEO techniques?,3509
How can I improve at playing chess?,3087
What is the best laptop under 30k for students?,1596
How do I make money starting a blog?,1258
Is water virtually incompressible?,2786
What's the easiest way to make money online?,3623
I want to share my feelings as I can find no one to share with. I'm in deep depression. Will you listen?,2726
How do I improve my English language?,4588
What is the most innovative advertisement you have seen?,4512
What are all the languages used in web development?,3720
How do I get a boyfriend here?,1866
Which are the weirdest websites on the internet?,3869
Does eating prunes help with constipation?,211
Is Star Wars overrated?,4342
What are some mind blowing bike inventions technology that most people don't know about?,2703
Does Rahul Gandhi have any chance to become next PM of India after Modi?,166
What is the best programming language nowadays?,3180
Do you believe that everything is predestined and happens for a reason?,2734
Can we stop global warming?,541
Can wizards and witches in Harry Potter use Magic without a wand?,2794
Which are the sweetest languages in the world?,2956
What are the best new products or gadgets that most people don't know about?,1483
Are the US and Russia fighting a proxy war in Syria? (please see details),3775
What are the common withdrawal symptoms of marijuana?,1870
Is 25 too old for med school?,904
How can I get my fair complexion back?,3299
What are you struggling with in your life?,720
What are the benefits of a joint family?,882
Who has most followers on Quora Right now?,2312
Where can I get best qualities outdoor tiles in Sydney?,2224
What's the best age for girls to get married?,2012
How do I get rid of mosquito bite marks?,482
What is the best way to have casual sex in India?,2800
Which is the best korean drama of all time?,4976
Where can I rent PS4 games in Bangalore?,1106
How can I make an Opinion Blog on Quora?,1513
How do you get deleted Instagram chats?,2257
What is the list of legit wholesale suppliers of the Apple iPhone 6s worldwide who accept payments through WU?,2146
Which is the best mobile below 15000?,2304
Who are the celebrities who are on Quora?,4777
What are the admission requirements for Stanford University?,4291
How are international students from Hong Kong going to be affected after Donald Trump becomes president?,1356
What's the most important concept in economics?,2491
Why is 12 inches equivalent to 1 foot?,1050
How do I get rid of my distractions?,2486
Can you share few pictures of the MAMC campus?,4451
Is there any way to recover e-mails that were deleted from a Gmail account?,4905
Why can't anything travel faster than the speed of light?,721
Which is the best institute to learn digital marketing (job oriented) in India?,973
What can be done to reduce the pollution of India?,276
How can I make friends from different countries online?,3885
What are the coolest things you can do on a computer?,475
Why am I able to stand the smell of my own feces but not others?,4228
Why is the sum of all numbers to infinity -1/12?,3610
What is a conjecture? What are some examples?,1394
Why has apple stopped innovating?,1692
How can I improve my pronunciation of English words?,4344
How does it feel to be a pornstar?,2763
What is the point of answering questions on Quora?,2353
How do I get start plant nursery?,549
What kind of people should we avoid?,2258
Do you think there's life on other planets?,3975
Why are there no ISIS attacks on Israel?,1684
How is it to work with Satya Nadella?,1130
How did the Indian Army succeed in the surgical operation in Pakistan?,3931
What are some parameters to know that one is lying?,4353
What are black-hat SEO techniques?,3509
How many mark should a student obtain in JEE to get a seat in IIST?,1822
Which are best places to visit in GOA during vacations?,2797
Why do I always feel alone?,1206
What are the best universities in Germany for a Master's in computer science?,870
Who are the best salsa dance teachers in San Francisco?,3728
How can you increase your tolerance for pain?,695
What is your best hollywood movie?,1768
What are the major Development of Chhattisgarh?,2056
How do I speed up my laptop?,4978
Can India and China ever become friends?,4259
What is the taste of semen?,753
What email service is best for privacy?,4623
Are Spanish and Italian mutually intelligible?,3380
What should be the first programming language I learn?,2861
How can we earn money online without investment?,1077
What can cause the Google Play store to not open? How are such probelms fixed?,1497
How can i start learning programming and coding from scratch?,1135
What Is your New year resolutions in 2017?,3837
Will there be a nuclear war between India and Pakistan?,32
How do I lose weight without doing exercise?,1428
What can you teach me?,3547
What is average package of Band 6 in HSBC India?,1568
Is Edward Snowden a hero?,4865
What are some of the things you dislike about American brands and products?,2285
What is a loop?,2137
What are some tips for learning python?,2714
How do I lose weight?,1833
How do I find someone's Gmail account?,4464
Do you think Hillary Clinton will be president?,2467
What are some best sources to learn programming?,1585
What are the best things to learn in life?,361
What are some DIY ways to remove scratches from car?,1717
How do you make easy money online?,4822
How will abolishing Rs. 500 and Rs. 1000 notes affect the real estate businesses in India?,305
What's the best puppy food for my 8 week old dachshund?,1361
Why do folks ask questions on Quora that a Google search could answer faster and more accurately?,2248
Where can I get an exceptionally affordable price in Sydney for property transaction?,960
Why did Arnab Goswami resign as the Editor-in-Chief of Times Now?,467
Why does the Indian education system suck?,453
What is your favorite anime character? And why?,190
What is better than Quora for Q & A?,2279
EMTs and Paramedics: How does one treat a gunshot wound?,524
What do you think of the Government's move of banning old Rs. 500 & Rs. 1000 notes?,4261
What are exclamatory sentences? What are some examples?,2556
How can someone overcome servere social anxiety?,4054
Daniel Ek: Why spotify is not available in India for free?,1592
What makes me smarter than other people?,1262
How can I meet Suresh Raina?,265
Music Recommendations: What are some lesser known songs that you like a lot?,1569
What are the best and quickest ways to reduce stress?,4510
How hard is it to become Top Question Writer on Quora?,3538
Will I improve my memory power?,1895
Why can't matter be created or destroyed?,4305
What is the best place to learn the Spanish language?,1677
How did Portugal become and stay independent of Spain? What are the cultural narratives in Portuguese and Spanish histories?,432
Does drinking too much water damaging to your body?,2059
How is daily life in North Korea?,671
How do I choose best taxi service in Udaipur? How can I find that?,835
How do I have to apply to work at Google?,1256
What are some good entrepreneurial/startup ideas?,3809
Why am I so shy?,4000
How can I reduce my Belly and tummy fat?,1285
What should I do after bcom?,4162
How did you make money fast?,1374
How can I hack a WhatsApp account?,375
How can discontinuing 500 and 1000 rupee will help to control black money?,2963
What are the best educational apps?,1581
Is Law School worth attending?,2072
Do you believe that everything is predestined and happens for a reason?,1885
Do cricket players really drink tea on a tea break?,135
Do I take protein shake before or after the gym?,3038
What will be the result of banning 500 and 1000 rupees note in India?,599
How do I lose weight in 1 months?,2790
What is your bucket list?,141
Have you encountered an alien? What happened?,397
What is the Wow! signal?,3477
What do you think of the decision by the Indian Government to replace 1000 notes with 2000 notes?,1869
How can you tell if you have a tooth cavity?,4939
What are the best educational apps for Android tablets?,3701
What is the best app to download YouTube videos and why is it the best?,2043
How is the life of a jobless student after the completion of their engineering degree?,1291
How can one stop masturbation?,3861
Which is better: Amazon or eBay?,1349
How do I study for gre?,4590
What would happen to earth if the sun exploded?,3972
What are the best opening moves in chess?,545
Is dating actually fun?,1796
Which server-side scripting language should we use in web development today?,4439
Why is my dog eating dirt and sand?,3899
What are the easy ways to earn money online?,4116
What does Candidate Currently Unavailable status mean in accenture portal?,1244
How can I start making money by starting a blog?,4034
What's the right age to lose virginity?,980
How can you compare and contrast base and acid?,387
How do introverts enjoy life?,1334
How do I find a job in Mumbai?,670
How can I view deleted Instagram dms?,52
What are the pros and con of choosing to become a doctor?,4443
What is the most probable cutoff of KVPY SA 2016?,4744
How do you get a book published?,4571
Did Trump win the election?,1471
Is AppleCare worth paying for?,3873
Why did Trump win the Presidency?,4094
What is the best way to fix a washing machine that won't spin?,1825
How can I cure vitiligo?,1724
What does rated ratings of a electrical machine mean?,2398
Why do some people ask simple direct science questions in Quora when there are sufficient resources available in internet?,3749
What are the safety precautions on handling shotguns proposed by the NRA in Rhode Island?,939
Is Aakash kurukshetra better for medical preparation?,4868
What can I do to stop hair fall?,2627
How do I repair a damaged memory card?,1454
Why do some answers collapse in Quora?,2914
How does it feel to be shot?,3999
Who would you vote for: Donald Trump or Hillary Clinton?,4692
Why do some police officers abuse their authority?,4038
Where is the best place to retire in the U.S.?,4994
Is there any proof of the existence of aliens? Has anyone seen aliens?,1555
Named few movies what should anyone watch in their lifetime?,2250
How is demonetizing the Rs 500 and 1000 currencies affects Indian economy? How this affect the black money in Swiss accounts?,4022
How was your KVPY SX 2016?,4417
How can you prevent a bathroom mirror from fogging up during a hot shower?,1494
What are your views on India banning 500 and 1000 notes? In what way it will affect Indian economy?,4476
How long have you been without masturbation?,2729
What do Chinese people think of Donald Trump's victory?,4655
I'm 18. How can I make money online?,1063
How much money is enough to travel Japan?,2120
Why doesn't Indian government treat poor Indians as Indian people?,4853
What are some of the strangest websites on the Internet?,3869
Do Anti-Virus companies create Virus to stay in buisness?,2745
What 's your favorite book?,2198
Where is starch digested? How is it digested?,1795
How do I stop caring about what others think?,3094
Why are people unhappy?,1576
What age is considered too old to get a PhD?,4955
Why do ISIS fighters cover their faces?,1228
What you want to do in your life?,4284
Don't you think Modi will repeal decision to ban 500 and 1000 notes as it will cause high inconvenience?,4042
What is a good way to get over depression?,4426
How did the Australian term sheila originate?,615
Is Aakash kurukshetra better for medical preparation.?,4868
Can anyone teach me Spanish?,3959
What is the power of dreams?,1306
What are the greatest lessons you have learnt in life?,1168
What are some of the best gaming laptops under rs 60000 that are available in india?,3917
Should people over 92 not be allowed to vote?,3506
What programming language shoud I learn?,3866
How do I get more topic diversity in my Quora feed?,3880
What was the best advice you've ever received?,854
What's your impression of Chinese people as a foreign person?,3731
Why does my 5-month-old Boxer puppy bark all night? How can this be stopped?,3514
Am I justified in being afraid to bring a child into the world?,2843
What exactly happened in Bangalore on the midnight of new year eve?,2375
How do I become a big programmer?,4652
How do I overcome my pornography addiction?,4560
What are some best books to prepare for IBPS PO?,2864
What are plate boundaries? What are some types?,1634
How can I get a job in Dubai if I am living in U.S?,2273
What does manipulation mean?,5
What is the difference between HDD and SSD in layman's terms?,290
Which are best mobile phones to buy under 15000?,2304
What is faster the speed of light or the speed of sight?,4226
Is Game of thrones really about Climate Change?,3833
What is your review of Baar Baar Dekho (2016 movie)?,4974
How do I astral travel?,2998
What is the most probable cutoff of KVPY SA 2016?,2161
Why does my pee smell like fish?,3954
Why do some people sweat excessively in their armpits?,702
What are some luxury resorts near Jaipur?,2177
Which is the best smartphone within 15k?,4240
Why do English lawyers use wigs and continue to do so to this day?,2757
What does it feel like to be in a lesbian relationship compared to a straight one?,1950
What is the easiest citizenship to obtain and how?,1212
How can I find work experience in Investment banking in London?,836
Is mental illness is a choice?,1452
Are there some good English names?,4953
How may I contribute to the world of open source?,1352
What's a great workout program and diet for a 14 year old male?,1730
What are some special cares when you have a dry throat and a runny nose?,3978
Are most blind people completely blind?,357
What is the quickest way to get meth out your system?,1289
What are some really good and famous romantic comedy movies?,318
Which is the best coaching center for SSC and Banking in Chandigarh?,297
Are human too dependent on computers?,2970
Is there any pill you can buy to flush meth out of your system for a drug test?,1608
What are good ways to learn how to improve web development?,2767
What are the things that the people around you do that annoy you the most?,1843
Who is the laziest person on earth?,4945
What are some good places to learn mountaineering in India?,160
What is the most Stable Linux distro?,3939
What is the best way to earn money through online?,3230
Does plants feel pain like all the other living species?,4736
What happens if dictatorship is continuing in the present days?,231
What is wrong with the public education system?,1818
Why do many people call Hillary Clinton a crooked liar? What did she lie about?,3924
What are the subfields of psychology?,2301
Does youtube pay to YouTube channels?,1570
What are the various ways through which one can earn money online?,2253
Why don't North Koreans revolt against the communist regime?,4765
What are the hacks in daily life?,1705
What are some ways to delete my Yahoo Mail account?,557
What proof is there of life after death?,4273
What can I do to improve my English speaking?,1815
What are the best books that one should must read?,1607
What is the best way to prepare to IELTS?,271
How do capitalism and communism differ from each other?,2705
When was your first sex experience?,4333
What is the best book on optimization?,2233
Does green chai tea assist with weight loss?,4296
How is replacing 1000 rs notes with 2000 rs notes going to make black money hoarding a lot harder?,679
What causes nuclear reactions in the Sun?,526
Why has Ernest W. Adams disabled comments on his answers?,4035
How can I ask good questions?,2670
How do I increase breast size and shape naturally?,2789
What is a good prank lyric text to text to a friend?,4163
Is it true that each Royal Enfield's tanks are handpainted?,3373
Why the hell does Quora mark all my questions as needed improvement?,2097
What is the significance of the colors in the Mexican flag?,2298
Is AppleCare worth it?,3873
What makes Pokémon GO so popular?,3442
What do you think about banning 500 and 1000 rupee notes in India?,2334
How do you treat canker sores or mouth ulcers?,3160
What is the traditional British food?,2103
How can I get rid of bed bugs?,3863
Is there a way to buy stuff online without credit card?,3991
What's the procedure for an Indian student to get admitted into a MS program in the US?,593
How do I develop discipline?,2305
Who has the highest IQ?,1859
What are the problems in the agricultural sector of India?,2799
How do I become more ambitious?,1482
Can I delete photos once I upload them to iCloud Drive?,4279
How much money one can make by trading stock?,4600
Why is Overwatch so popular?,2149
Have you watched Joey TV Show after watching F.R.I.E.N.D.S.?,696
Will Google acquire Twitter?,500
How do you know if someone is a psychopath or a sociopath?,2396
How can I recover my hacked Instagram account?,4010
Does allopathy approve masterbation?,1665
Why is Saltwater taffy candy imported in Australia?,4081
How do I change my interests on Quora?,4433
Why do men get so attracted to women's breasts?,3322
What are the best ways to overcome boredom?,1369
Can anyone increase their height at the age of 21 or 21+?,926
How can we communicate effectively with our chlidren?,3005
What will be the top 10 Bollywood songs of all time?,3741
What type of luxury holidays are there?,2152
Why do people drive slow in the fast lane?,1300
Who is going to be the next Michael Jackson?,2530
What's the difference between piece dyed and yarn dyed fabric? Is one better than the other?,4059
What is a good song to lyric prank your best friend?,132
What is a pantograph? What is it used for?,3785
How can I reset my Gmail password if I don't remember my recovery Email and current password?,4880
What are advantages and disadvantages of studying abroad?,962
Why do Islamist terrorists cover their faces?,1228
What are my options for recovering my Google account?,2203
Will religion ever die out?,2022
What are pressure groups? How do they affect policies in India?,1882
England v. Wales - who will win?,657
How do I improve my English language?,4923
How do I get rid of my math anxiety?,2180
What should I do about this girl I like?,2662
What should I do if my washing machine won't spin?,1825
How is the job situation in New Zealand for computer science graduates?,292
How imminent is world war III?,1698
Why are people addicted to pornography?,543
Is university really worth it?,1124
What is a goood answer to 'Why should I not hire you?',808
What was the most important decision you made in your life?,4574
How do you write a beautiful introduction to an essay?,514
What are some examples of mineral resources found in Nigeria?,4049
I can't seem to ask anything anymore. Why does Quora keep marking all my questions as needing improvement?,3747
How can I kill myself?,2945
Is there a more pleasurable feeling than sex and orgasm?,2908
How can we stop racism?,1527
How do I watch Amazon Instant Video on my iPad?,3927
Is time travel theoretically possible?,4372
How do I prevent my dog from chewing cushions?,551
What should be the first question to ask on Quora?,972
What should be done to get rid of dandruff?,477
What's your New Year 2017 resolution?,4377
Why are European people taller than Asian people?,3888
If God is real could he make a rock that is too heavy for him to lift?,2322
What are the best options for hair loss?,3062
My face has gained a lot of fat .How do I reduce it?,1098
Do cricketers actually drink tea during tea break?,135
What happens after you die? (Human Being),1963
What are the good ways to find Best Lawn Mower?,4699
How do I get over the depression that is caused by low self esteem?,1467
What are some good books for learning about electronics?,2314
Which exercise type help you to increase your height?,1059
How can I grow tall?,2601
Why do I keep getting fleas from my dogs?,118
What are the best games for couples to play?,787
It is possible to hack whatsapp messages?,3575
Why did you have children?,1136
What is the best app for photo and video editing?,1117
How do I deal with anxieties?,4540
Who is your favorite mathematician? Why?,4234
How can I increase traffic to my site and what are some suggestions on how to get more of it?,3409
Where can I find a working Nintendo 3DS emulator?,3011
What is the significance of the human genome project?,1481
What are the best security apps for smartphone?,3696
How funny was the TV Show Joey after F.R.I.E.N.D.S.?,696
Can a Secret Service agent's political views interfere with their duty?,555
Will India get a gold medal in Rio Olympic?,2134
Do psychopaths find babies cute?,254
How easy is life?,4805
Will all website hosting providers be banned without net neutrality?,3535
How can I improve my c programming skills?,846
How will black money and corruption be stopped by banning 500 and 1000 notes?,2020
Who are the Tuskegee Airmen?,3295
Why does sleep paralysis happens?,3812
Who would win a *conventional* war between Iran and Pakistan right now?,433
What is the use of chromatography in forensic science?,1884
Has anyone's mom ever caught them masturbating?,1456
Is CA really tough?,1314
What is the best password manager?,2221
How do popcorn kernels pop?,2943
How can you find what your cell phone number is?,644
Why has an Indian born person never received the Fields medal?,781
What do I do to increase my height?,3058
What's the best way to reupholster my car interior myself?,2683
How does a kiln work?,763
What is a GDP?,273
Why do Americans often drive slowly in the left lane?,2339
What are some good psychological hacks?,829
Why are there so many anti-Israel/Jewish questions on Quora?,1273
What is the main purpose of jailbreaking?,937
Is adjusted gross income before taxes?,2150
What is the best way to improve our communication skills?,3826
Would be the black hole another universe similar to ours?,3616
Why should I answer in Quora?,2053
What is your favourite thing to talk about with your friends?,3236
Is there places on earth that haven't been discovered yet?,3025
What is the best app for Berlin public transportation?,568
What went wrong with agriculture sector in india?,2799
How is starch digested?,1795
What is turnaround time and response time?,4896
What are the benefits of being on Quora?,4835
What is the difference between scripting languages and object oriented programming languages?,4769
Why does he want to have sex with me not her?,2290
What is the evidence of purported surgical strikes by India on Pakistan?,3931
Why Modi govt did not release new 1000 rupee note instead released 2000 rupee note?,4223
What does it mean to be stoic?,4517
Is Narendra Modi Donald Trump of India?,4021
What are some of the best romantic movies in English?,29
Corruption the root cause of all evils?,3223
How do turnaround time and response time differ?,4896
How can one get a job in Dubai?,2273
Why am I always sleepy?,3884
What would be the best firearm and caliber for concealed carry?,3097
How do I delete my Google+ account?,4119
What's the best plan to lose weight?,930
What are some cool assasin names? Why?,2999
What are some example of inventions from the Bronze Age that are still used today?,1660
How do you calculate pressure under water?,4576
Can I get pregnant if I have sex while I have my period?,2268
If Hillary Clinton could not continue her Presidential campaign how would the Democratic Party choose a new candidate?,65
Who are the Quorans on Wattpad?,2478
What are some CV worthy online Digital Marketing courses?,1599
How can you improve high school education?,4214
Where can I find audiobooks for free?,1613
What is the best website to book plane tickets at a cheap rate?,4807
How do I write a effective cover letter for a job as a software engineer?,1415
How can i make money online easily?,2503
What is your resolution for 2017?,3567
What would be your New Year resolutions for 2017?,2179
What is the exact meaning of life?,248
How can I speed up my Internet connection?,642
How do you balance the deamnds of being a parent with running a business?,877
Is Urjit Patel is right person for RBI Governor?,199
Is the demand to Shut Down JNU justified?,2196
When will the moon won't be longer a satellite of the earth?,4206
What are some of your best experiences on Quora?,2696
Why is my puppy vomiting white foam?,291
What is the best hilarious joke you have ever heard?,3948
How force is a vector but energy is a scalar quantity?,2569
Is it true that Japan surrendered before the atomic bombs were dropped by Truman?,3784
Why do some people today still believe that the Earth is flat? What evidence has convinced them that this is so?,1391
What is your failure story?,2501
What is a black hole? How can we understand it?,1602
What were some of the most important causes behind World War 1?,2174
Is there a possibility that the planets in the solar system will fall into the sun eventually?,3825
Is it necessary to attain a digital marketing courses?,4179
What is the best book for electrical machines?,3324
Which are the best universities in the USA for doing a MS in Computer Science?,1299
Which is the best camera phone?,2775
Why did Modi ban 500 and 1000 rupees notes and not 100 rupee notes?,4756
Is anyone about to uninstall Quora and stop using it? Why?,3106
Does anyone still use Google+?,4172
Why do some dogs like to eat poo?,3111
What would happen if India and Pakistan reunites like Berlin?,3102
What is the best way to make money on Quora?,4243
What are some of the most mind-blowing facts about Bengaluru?,235
Lip Balm: Is Carmex addictive?,1309
How do I reach destination peace?,1353
Would Bruce Lee at his peak be able to contend with today's top MMA fighters?,855
How can you delete your Yahoo mail account?,1026
What is it like to be a Computer Science Major at MIT?,2891
What should I do if my dog ate my cough drops?,4135
What are the best female strong characters in films?,90
What is the difference between email and Gmail?,3962
Since Google is restricted in China what can I do to be able to use Gmail in China?,2994
What is meant by lean manufacturing?,3014
How much has your salary increased from your first job?,1548
How real is astrology?,3044
What is the importance of cultural heritage for architects.?,1368
What are some of the best anime shows?,2199
Which are the best places in Goa to visit alone?,2797
Do we have proof for extra terrestial life?,879
Who is the most beautiful woman you ever saw?,4942
How do I tell if a girl I sit next to likes me?,2493
Which exercises can boost you enough to lose 30 pounds in 1 month?,2629
What is the benefit to Quora?,457
How does invalidating the current Rs. 500 and Rs. 1000 currency notes help in weeding out black money?,1852
What do you think of the decision by the Indian Government to demonetize 500 and 1000 rupee notes?,3541
Why is Quora full of liberals?,4684
Are the application forms of NEET out?,4363
How can I efficiently lose weight?,777
Where can I get best services in property transactions across the Sydney?,4170
What is a left or right inclination in indian politics?,3995
Should I drink protein shakes before or after working out?,3038
What makes a girl to fall in love with a boy?,1886
What is a polytropic process?,3559
What are the best pick-up lines?,4544
Why were the polls so inaccurate in the 2016 election?,2624
Why were the polling results and predictions for the US 2016 presidential election so inaccurate/wrong?,1851
What's the best programmnig language for begginers?,1598
How does the GST bill benefit the common man in India?,3232
What are the best books to practice for JEE mains only?,519
Why wasnt Hope Solo chastised to the same extent as Adrian Peterson and Ray Rice?,3534
What is the best laptop under Rs.50000 in India?,2960
Can I not use Facebook Workplace without a unique domain email address?,1477
What's your favorite anime? And why?,1433
What will President Obama do when he leaves office?,4776
What is a narcissistic personality disorder?,21
What are the advantages and disadvantages of limited liability company?,4122
Is there any use by doing digital marketing course?,1846
What are the must do things on Goa for my solo trip this January?,2562
Is modi government doing anything to remove caste based reservation?,4315
Is there really the existence of Aliens and is there any proof available realted to them?,1555
Is it too late for me at the age of 25 thinking to start a career in photography?,205
What happens to a question on Quora if it is marked as needing further improvement?,503
Should Hillary Clinton be president?,2467
What is the scariest or creepiest movie you have ever seen?,423
How can learn English?,1387
How can I improve my writing skills for writing a book?,522
How do I plan a 7 day trip to Goa that covers the most beautiful places?,1875
How do you delete a question you asked on Quora,3824
What are your views on Modi governments decision to demonetize 500 and 1000 rupee notes? How will this affect economy?,4327
How do I convert numpy arrays to MATLAB arrays?,1671
What's the point of getting married?,3586
How can I earn 8 ball pool cash?,2802
What does soulmate means?,3787
How do I get to standford with a poor GPA?,3849
How do i get traffic for website?,88
How much does it cost to run a website?,4532
Can I upload my photos to icloud on my phone and delete them from my phone safely?,4279
Which are the best and cheapest universities in the USA for doing an MS in computer science?,1299
Where is the best institute for Teradata Online Training?,782
Is there a website dedicated to customer complaints?,3132
Why do Muslims ardently support secularism when they are in minority but fiercely oppose it when in majority?,2168
How would you falsify the Theory of evolution to an Engineer?,4248
How can I change my profile name in Facebook?,3872
Where can I get best property transaction support in Sydney?,3909
Can I use a Reliance Jio 4G SIM in a 3G phone?,3838
How do I enhance my story writing skills?,3338
Why are the Texas Rangers important to law enforcement today?,621
How do you find your passion and purpose in life?,2117
How does having sex feel for the first time?,1079
Are dynamic allocations of array allowed in C?,436
What are the main uses of a computer network?,528
Will Modi win in 2019?,82
Can you treat pneumonia with Albuterol?,2460
What would be required for Gary Johnson to win?,1232
What are restricted stock units? What are some examples?,2610
How do I prepare for software interviews?,165
What do you think about school?,4961
How do fridges and freezers differ?,2620
How do I become a fast problem-solver?,3613
Which is the best book in electrical machine?,3324
What is your favorite saying and why?,564
How do you get O blood type? How is blood type O different from other blood types?,1379
How do I get to be a people person?,335
How do you find out if your boyfriend actually loves you?,4332
What was the best book that changed your life?,2766
How did the universe look like before the Big Bang?,3508
What is it taking so long for Pokemon Go to release in India?,3381
How do I give a rimjob?,1502
What are the best songs to listen to while running/working out?,1690
What should I do for upsc initial preparation?,4310
I have a picture of Arabic text. Can anyone translate this to English?,1009
What should I do to improve my spoken English?,3895
Is it possible to lose weight without doing exercise?,2063
How would you make 1 million dollars into 10 million dollars?,2953
How do you spy on Facebook without a target phone?,4620
What are the best romantic comedy movies?,318
Why did humans come to existence?,414
What are some activities to develop fine motor skills in a child?,4846
What's the best programming language to learn in 2016?,2690
How do you overcome Writer's Block?,3413
Which are the best workout songs?,751
Why do I care so much about what other people think of me?,4922
What are some of the best contemporary books?,2406
Why has Tokyo grown to be a such large city?,2294
Why do some people prefer to live with small family?,50
What scares you about getting old?,1674
Can we sex during pregnancy?,3521
What is the major difference between a scripting language like PHP and a programming language like Python?,4769
How do you increase your pain tolerance?,695
What's the difference between Cantonese and Mandarin?,823
How do I deal with my social anxiety?,1178
How will the scrapping of Rs 500 and Rs 1000 notes help in reducing black money and corruption?,3591
Will Muslim population overcome Hindu population in India in future?,938
How does it feel for a woman to squirt?,2558
What iPhone headphones have the best mic?,4308
Who is the best and most inspirational politician in India?,3436
How can India become cashless?,1127
What is similar to 4Shared?,159
Can bamboo be used instead of steel in concrete?,3893
When will oil prices be up to $60?,4682
Will religion ever die?,2022
What it takes to be a successful entrepreneur?,1074
How soon is world war III?,1229
What is wrong with Indian engineering education system?,1813
What are reason for india's poor performance in olympic games?,2701
How can I start learning Git and Github?,2585
What are the important differences between a hardware firewall and a software firewall?,4819
How do I get over my porn addiction?,3726
How do I end my own life?,4222
What is the difference between a psychopath and high functioning sociopath?,3685
How does the declaration that Rs 500 and Rs 1000 notes would not be accepted as valid transactions affect real estate in India?,3900
How can I become a billionaire?,106
How do you get so many views on Quora?,3013
How can I increase traffic to my website using social media?,992
Where do terrorist organisations get money to buy modern weapons and carry out terrorist activities?,2445
How can I get free gems Clash of Clans?,87
Which is best site for logical puzzles?,4639
Which cell phone should I buy under 12k?,2156
How can I follow people in Quora?,3034
What is the meaning of the song “Love Yourself” by Justin Bieber?,1934
What is Hillary Clinton's greatest achievement as a Secretary of State?,382
What motivated you to become vegetarian?,4881
How much does it cost to develop an Android app in India?,550
Why do people bother to ask questions on Quora they could just google to get the answer?,3107
Until what age does a boy's height increase?,3275
India is a multilingual country. Then why do we have past instances to make Hindi as the sole official language? Is that to impose their language?,1605
Is it possible to grow muscle after 35?,3578
How do I speak English fluently at an interview?,1820
What is the standard model all about?,1463
Where do dreams come from?,1279
Are Spanish and Italian mutually or asymmetrically intelligible languages?,3380
Will Hillary Clinton go to jail?,3364
What contributions to mathematics have been made by Indian mathematicians?,4253
Can we use Jio 4G sim to 3G handsets?,3838
How do I make friend?,2567
What is a paradox?,680
What would the world be like today if Hitler won WWII?,3792
How could Donald Trump get Mexico to pay for a border wall?,3080
What are top 5 games that every PC gamer should play?,4374
Why do evil things happen to good people?,4536
What can I do to increase my running stamina and strength?,4549
Is speed of light is faster then speed of sight?,4226
Should I buy a new iPhone or wait for the new one?,2676
How does the HP OfficeJet 4620 Airprint compare to the HP LaserJet Enterprise M506x?,463
What will be the impact on property prices due to the scrapping of Rs 500 and Rs 1000 notes?,3807
Is there any actual proof of aliens?,4638
Where I can find cheap but branded cloths in Bangalore?,693
Why are Indians referred many times in the Friends TV series?,2332
What is the animal with the shortest spine?,4072
How can I find my path and my dream job?,3352
How can I continue to improve my English?,687
How do I stop negative self-talk and judging people?,2318
What will be the pros and cons of the replacement of 500 and 1000 currency notes by the Indian govt.?,2888
How can i learn web programming in one month?,917
How did you make money fast?,2634
What do you think about RBI's new move of banning 500 and 1000 notes?,2334
What questions are asked in Google Interviews?,1190
What is the best option to respond to Pakistan after Uri attack?,747
How do I get a lean body?,1141
How can we become rich soon?,1772
What are some adaptations of a Joshua tree?,3667
What is the difference between asteroids and comets?,4436
What is the best way to learn astronomy?,959
Why is Italian leather better than other types of leathers?,1867
How can I increase a new website organic search traffic?,1995
What can India do in Syria?,950
What's the meaning of the Triune God?,1335
What are some epic series like game of thrones?,2222
What are the recommended books to crack the KVPY 2015?,1838
What are the best Pokemon hacks?,857
How does it feel to meet your gf in long distance relationship?,4972
Why did you choose to have children?,1136
What are the best ways to improve my English because I'm not good in English?,1566
How can one stop caring about what people say or think about them?,3680
Which email service is the best for privacy and not collecting information about me?,4623
Which chemistry objective book is good for NEET 2017?,443
Is it healthy to eat a whole avocado every day?,143
What motivated you to become vegan/vegetarian?,4881
Do you regret a tattoo? What were you thinking when you got it?,4281
Why was Trump elected President?,3658
What is the scope of digital marketing in India for an MBA marketing student?,2409
How does gravity affect time in Interstellar?,2889
What are some of the best luxury resorts in Jaipur?,2177
I have 50 lac and want to start a new business? Which business can I start in Mumbai on large scale?,689
Can you die from a lack of sleep?,2964
How do I gain access to my gmail when I don't have access to the phone number or recovery email?,4198
How do I get addmision in MIT?,2635
Can India become a Muslim majority state in near future?,938
Why do some people use Quora when a dictionary or Google could be used instead?,4041
What is the most embarrassing moment in front of your crush?,2890
What is mutual fund all about?,260
Is World War 3 more imminent than expected?,210
Can Height be increased after 18 or 19 years of age?,1414
So how can I get meth to be flush out of body in 2 hours before a urine drug test?,3490
Which book is best for study of gre?,3003
What is the best way to remove lint from sweater?,3118
How will scraping of 500 and 1000 rupees notes help in curbing corruption and black money?,4114
What is the best way to know how sincere someone loves you?,3162
What are some fun games to play at a co-ed baby shower?,1630
What is the US presidential election process?,4902
How do you improve your writing skills?,2386
Is it necessary to take a coaching class to prepare for the JEE Advanced?,681
How US presidential election takes place?,4902
What are some of the best mobile gadgets?,3967
A report on the procedure of purchasing and selling shares through DEMAT Account?,3262
Why is the government abruptly banning the 500 Rupees and the 1000 rupees currency notes in India?,1852
How we could see black colour which has no wavelength?,2688
I am 22 year old and I want to become successful politician. What should I do?,4728
What is the definition of real programmer?,858
Given a long enough exposure time can cheap cameras outperform expensive ones?,2219
Which porn site is the best?,4326
What can I eat every day to be more healthy?,143
Do most Americans support and will vote for Donald Trump?,4968
How can I get an .edu email (without being in school)?,1156
Why should I not hire you?,4929
What can I learn in 2 minutes that can be useful to rest of my life?,4983
What are the best online resources to learn the German language?,3953
How can I get internship & what's the requirements?,1764
How do I invest in share market?,4687
What makes a good programmer great?,169
How effective is scrapping 500 and 1000 rupee notes? Will it reduce black money?,3287
When a question on Quora is marked as 'needing improvement does that make it invisible?,2631
How do I create an e-commerce website?,293
Can we kill herpes virus once it is out of nerve cell I attached a pic of the description of the question please read and answer?,2545
How can I solve a rubic cube 3x3x3?,3453
What is the difference between hardware firewall and sofware firewall?,4819
What is the best way to increase traffic for a new blog?,1250
Do introverts enjoy their life?,1334
How many times can you have sex in a day?,4217
Can Gary Johnson win?,2886
Is there any way to get taller if I have already crossed 20?,3834
How do I fight loneliness alone?,4890
Is there a way I could learn to play the piano?,1909
What is the easiest way to commite suicide?,811
How can I improve quick decision making skills?,4621
Why is 500 and 1000 rupee notes discontinued?,3379
Can anyone teach me basic Spanish?,3959
The decision of Indian Government to demonetize ₹500 and ₹1000 notes? Is Right or wrong?,1869
What does Sauron look like?,4825
What will happen if two black holes collide?,1278
What is the expected cut off NTSE stage 1 up 2016?,4645
How did RBI know that Urjit Patel would be RBI governor 6 months before and start printing the 2000 rupee notes with his signature on them?,3225
Is the United States a Republic or a Democracy?,2796
How do I stop feeling insecure?,603
What is the best way to become an engineer in robotics?,3577
What are uses of structures in C?,1917
To whom are we the human beings slaves?,2042
What are some of the products made from crude oil?,12
What are the best was to lose weight?,2269
What's your resolution for year 2016?,258
Where can I get fantastic value in Sydney for floor tiles?,417
What are the best thriller movie in Hollywood?,100
How can an introvert convert into Extrovert?,4225
Why is accounting called ‘the language of business’?,3059
How does the Laravel authentication work?,1643
Who won the debate between Hillary Clinton and Donald Trump on 9/26/2016?,2407
Should I wait for the iPhone 7/7s or buy the iPhone 6s/+?,2676
How did the 2016 US election polls get it so wrong?,2624
What would happen if none of the candidates received 270 electoral votes?,2385
How do you see the PM Modi’s move of banning old 500 and 1000 rupee currency notes?,4261
What is the brief comparison of KMC in Manipal and Mangalore?,126
How can I become a Top Writer on Quora?,4594
Forgot my Facebook password and email password. How can I log into Facebook?,3001
How do I get meth out of my system in 3 days?,4993
What is the best joke you've ever heard? Please keep it clean.,2689
What are some benefits of the GST Bill?,4378
How can I make confident and correct decisions?,3920
What is inside the bullet?,1469
How do I train White Pitbulls?,240
What is the best gift you ever received?,420
How can I locate a person using a cell phone number?,2725
How do you compare and contrast acids and bases?,1742
Is there something that can travel faster than light?,3743
Why does urine smell like fish?,3954
Does ghost really exist?,1587
What do you think will be the effect of Modi Government's decision of invalidating the RS 500 and RS 1000 notes?,2932
What are the top 10 Bollywood songs?,4572
What are some of your favorite books?,2198
Can a girl get pregnant after her last day of periods?,996
Should I watch Ae dil hai mushkil?,3956
Why is Saltwater Taffy candy imported in Portugal?,4003
How did Donald Trump become president?,525
What are some of the best part time jobs to do from home?,3252
What is the best way to prepare for the GRE in 45 days to score above 315?,4235
How do Jews view the book of Revelation in The New Testament?,2383
Who is the richest country in the world?,940
Which is the best crash course coaching institute for CA-CPT in delhi?,4624
Do you regret getting a tattoo?,4281
What is the difference between drama and play?,1800
Why is perpetual motion not possible?,3561
Which is your absolute favorite quote?,1606
How do I make the most out of my college experience at a public state university?,3156
How can I concentrate in my daily studies?,4910
What are some signs an introvert guy likes you more than a friend?,1632
How can I soundproof a room for music?,1171
Is yoga exercise really beneficial?,2825
What is best seo services provider company in Delhi?,3966
What can we learn from the Mahabharata?,3463
How can I become comfortable being alone?,1230
How did you meet your lover?,1187
What is the best film of 2016?,1449
When was the last year that America was great according to the Trump campaign?,1224
How do Michael Jordan grow taller?,4810
How do smart and successful people control their emotions?,4340
Who is the better candidate for being the President of the United States of America: Hillary Clinton or Donald Trump?,3423
Differences between Archaeology and Anthropology?,3503
How will a Trump presidency affect the students presently in US or planning to study in US?,2231
What is it like to work at a call centre?,1489
What are the easy ways to earn money online?,325
Which is better Apple Ios or Android?,3063
What can keep my cat from having sex when it's in heat?,2411
Where is best place to retire in US?,4994
What is the one book that changed you?,447
What does it mean when your crush asks for a picture?,1480
How do I unsubscribe and delete my Quora account?,2764
How are pantheism and panentheism similar?,4714
Is it good to have sex before a marriage?,3929
What is the hardest skateboarding trick ever performed?,2597
What are your New Year's resolutions for 2017?,85
What is the President's salary in India?,1535
How I will become successful in my life?,2017
How Did You Ultimately Decide Which Career Path To Take?,1617
How can I view a private Instagram?,625
Why has the Indian government introduced Rs 2000 which is more favourable for the blackmoney holders in the future?,4873
Why do you need to find similar websites?,2655
How do I recover my Gmail password?,2200
What are going to be the rammifications of the Indian government's decision affecting invalid ₹500/₹1000 currency notes?,496
What are the qualities of a good software developer?,3842
How should I deal with dominating friends?,867
What will be the effect of recent demonetization of rs500 and rs 1000 notes on the real estate or property business?,668
What are the application of binary search trees?,350
Which is the animal with the shortest spine?,4072
Are there any legitimate reasons why one would vote for Donald Trump?,2603
Do I need a strong math background to be good at programming?,2650
Can I restore my deleted emails from a Gmail account?,4500
What would you do if given the power to become invisible?,3815
What do you feel is the purpose of life?,202
Why are people so scared of clowns?,4123
How can I detect spyware on my iPhone?,2355
What is the expected cutoff for KVPY 2016 SA -stream 2016?,4671
What is sustainable development?,523
What will prevent the fake currency makers across the border to print the new Rs.500 and Rs.2000 notes?,3401
Is energy in vacuum real? How do we know that this energy that can be borrowed and returned immediately is real if virtual particles didn't exist then?,4615
What are the easiest ways to earn money online?,1850
What do you think of PM's decision on the banning of 500 and 100 rupee notes?,1095
What are the most productive things one can do with a smartphone?,2207
What is it like to be married to a pornstar?,931
How do I get supply and logistics collaboration free sample proposal?,1550
What are good topics for research?,3996
How can I get AIR 1 in the IIT-JEE exam?,4258
What happened to MH370?,1158
Can India defeat China in war?,3085
What would the world have been today if Hitler had won the World war 2?,2016
Which exercise type help you to increase your height?,4276
How can I increase our website conversion rate?,4848
Can you get a Scooby Doo collar for your dog?,2292
What should I do if I care too much about others opinion?,4871
How should I prepare right from first year to crack Google Summer Of Code?,692
Why is nobody answering my questions in Quora?,1290
How do I stop thinking about my ex gf?,4496
What is the fastest way to lose weight successfully?,1762
How do you stop a criminal's attempt to kidnap you so you escape unharmed?,154
What is illuminati? What does it do?,1621
What's your stand on the recent Supreme Court's order about national anthem in cinema halls?,1457
How much money can I make 5 days a week playing poker?,2916
How can I improve my spoken English?,1578
How one should become an entrepreneur? What are the steps he/she needs to take?,2239
How do you deal with people who talk behind your back?,4159
What TV series do you watch and why?,1682
What is the best QuickBooks support number in Arkansas?,3751
Where can I get free books to read or download?,367
Who won the 2nd U.S. Presidential Debate?,2342
How do I get rid of fat?,1195
How do I add a photo to a Quora answer?,1612
Is there any way I can earn money online without any kind of investment?,1894
How do I grow taller? Some tips?,2928
What has worked for you to help relieve chronic pain?,394
Do aliens walk among us?,4416
What's the meaning of the Trinity?,1335
Which is the best college to do an MBA in Delhi?,3222
What are the safety precautions on handling shotguns proposed by the NRA in Vermont?,4440
How can I increase traffic to a story blog?,4336
What is the average package for band 6 in hsbc india?,1568
I got 143 marks in Jee Main Examination . Which colleges I can get admission through this score?,1542
When is it too late to learn the piano?,150
How's everyone doing?,4779
What does flying feel like?,2647
How do concentric and eccentric contraction compare and contrast?,98
Are the new 2016 MacBook Pros worth the upgrade?,3021
How do I stop the habit of masturbating?,3033
Have you ever encountered any supernatural phenomenon in your life?,4534
What's the best programming language to learn in 2016?,4837
What are some good places to visit in Kerala on tour?,460
What is the heat capacity of ice? How is this determined?,2651
What are some possible solutions if I forgot my iCloud password?,2068
Under what conditions may a real gas exhibit ideal behavior?,4468
How can I flush meth out of my blood?,4133
What are the puzzles asked in interview?,3311
What's the future of photography in India?,4894
What motivates people with technical experience to answer questions on Quora?,2353
About the country－Japan?,3759
When will the best time for having sex?,242
What site can you see old deleted Instagram pictures?,1401
What is the best time table for a student of maths and science of class 11th?,3627
What do you think is the best way of learning a piano?,3131
Why do people ask questions on Quora instead of Googling it?,2580
Will Rs. 2000 currency note really come with A GPS chip? Or it is just a rumor?,1013
Which is the best school management software in India?,4379
What's it like being an optical engineer?,3569
What does the phrase sometimes there's a line in between mean?,1648
What are the best ways to learn C#?,3555
How long does an ant typically live?,2246
Who is your favorite Mathematician and why?,4234
What is the importance of culture heritage for architects?,1368
Does penis size matter for girl or stamina?,951
What is the best time to book a Caribbean trip?,1092
What is the most illegal thing you have done and got away with?,4508
What job can a foreigner have in South Korea?,638
Why would anyone vote for Hillary Clinton?,1971
Is asparagus bad for dogs? Why?,3343
What gives you hope for humanity?,592
What are some unusual hobbies that you have?,2894
How do I improve my writing skills?,2386
How are Quora views counted? I can see two answers written at the same time and one has far more views than the other.,3938
Why does RBI release 2000 note first instead of 500 note?,2630
How do I add photos to my questions in Quora?,2574
What is the best way to flirt with girls?,4773
Which are best government jobs for mechanical engineer?,4565
How do I post a question that was marked as needing improvement?,164
How can you find all of your Gmail accounts?,3537
I feel tired and drowsy always what might be the reason?,2208
what do people think of Chinese people?,999
How do I stop being addicted to porn?,201
How can I make myself feel beautiful?,2423
How can I show my guy best friend that I like him?,1614
Which is the best chess book?,1347
Why did you choose The Adventures of Huckleberry Finn to read as your first novel?,1052
What are common legal problems among web startups?,4851
What is sampling in research methodology? What are some examples?,2440
What's your favorite poem?,1222
What is my puk code?,70
Where can you get a Scooby Doo dog coll?,2292
Why allopathy approve masterbation?,1665
How do we know that 1 second is 1 second?,1919
What is the difference between Chinese and western culture?,176
Interviewing: What are the ways to face interview?,4657
What are good Romanian songs?,2854
What can we learn from Mr. Trump's victory?,4691
What can keep my cats from mating while they're in heat?,2411
Why do so many people on Quora feel the need to state their IQ?,1030
What would happen to the sun if liquid iron is poured over it?,3652
Where should I start learning C?,2145
What is Amelia Earhart known for?,2858
How does one know when a stock is overvalued or undervalued?,4101
What are some great Whiskey mixers?,1140
What should one do to get cured if anxiety?,2777
Why do people still believe in flat earth?,2066
What are some of the best evidence that we really did land on the moon?,3074
What is the best Tor browser app for iPhone?,3851
Do People flirt using Quora?,1389
Which are the best online courses on digital marketing in India?,2409
How can you enlarge a photograph to a poster size without losing quality?,4618
Which are the places with communal discord in India?,4843
What are the benefits of GST bill for common peoples?,4376
What is the best answer I can write for this question in college? Comment on the appropriateness of the title of the story 'A Midsummer Night's Dream.,3402
What is proper long distance running form?,2184
What are some new year resolutions for 2017?,2579
Does vitamin C cause miscarriages?,1411
How will Trump’s presidency affect international students in the US?,4927
Has anyone applied for a review of AWA score in GRE?,3522
Why isn't Election Day a national holiday?,2664
Why is reading a book considered by some to be better than watching a movie?,4014
Does dreams have any meaning?,1511
What are the safety precautions on handling shotguns proposed by the NRA in Arizona?,2254
What skills do all successful salespeople have in common?,791
What is the easiest business to start?,4419
How can I smile naturally for a picture?,3702
Can you offer me any advice on how to lose weight?,1833
Is sex addiction a real condition?,2554
What will be the impact on Indian people if the GST bill gets passed?,3637
How hard is it to learn to play the violin?,4814
What is something you believe to be true that no one else does?,4323
Why did people think that Donald Trump will be a good president and voted for him?,767
What is the most unnatural thing that has happened you?,1780
Did Trump win the election?,321
What are some of your favorite books?,1179
In which order should one watch all the marvel movies (and TV shows) in order to understand the timeline well?,809
Should people over 95 not be allowed to vote?,2378
Should reservation be removed from India?,1301
What is the best black Friday deal for this year?,1407
Why is Quora useful and successful?,1604
What are the pros and cons of arranged marriages?,4869
How do I read someone's WhatsApp messages without any access to their mobile phone?,3855
How do I know if my online girlfriend truly loves me?,272
How do you know you have a crush on someone?,2713
What are the safety precautions on handling shotguns proposed by the NRA in Kansas?,4658
Why would Ryan Lochte lie about getting robbed at Rio 2016?,653
How do I prepare for tcs interviews?,2850
What do Pakistani residents think of Uri attack?,529
What is the difference between a scripting language and others?,4556
How do I concentrate on my studies?,4956
What made you become a better person?,3548
Which test series is the best for GATE computer science stream?,76
What is the best field for earning money after completing a B.Tech in mechanical engineering?,4936
What are the best earphones under 60$?,4734
How come there are no depictions of the massacres Islam inflicted on India?,411
What are the best answers for Why you want to leave your current company?,2693
What rock bands are the most overrated?,4859
Why are dimples hot on girls?,3427
Why do we hate our sisters?,244
How many Mechanical Engineers graduate from India per year?,191
Is Hillary Clinton going to go to jail?,3364
What's the difference between a VC and an Angel Investor?,539
How do I stop my parents from comparing me to my brother?,2079
How is first time sex experience?,3746
How can I travel time?,2367
What can I do for part time job at home?,4683
What is the cure for racism?,1527
Is time travel to 2010 possible?,4073
Difference between a throw-away prototype and an evolutionary prototype in software development?,3964
Do I need Java on my computer?,677
Which engineering stream has the most scope?,1858
What was the greatest lesson you learned in the corporate world?,4124
When should I use who and when should I use whom?,2575
What mind blowing technologies exist in 2016 that most people don't know about?,3910
Interview Question: tell us one reason why we shouldn't hire you?,4929
How can I improve my memory power?,1895
What is the best way to be motivated?,1938
How do i lose weight?,1526
How do concentric and eccentric contraction compare and contrast?,1296
Why do my friends ignore me?,3791
What are some shows like Bates Motel?,3327
Digital Marketing colleges in India?,1667
How do protein shakes help me lose weight?,1218
How can we learn faster?,3065
Can people see I watched their videos while stalking them on instagram?,4515
How many all time views do you have on your Quora questions (not answers) stats?,864
How can we increase our sperm count?,4322
What is the very first thing of your life that you remember?,3400
What are the modern day reasons for preserving tenure for Professors at Universities?,3933
How do you know if your partner is cheating on you?,3340
What is the worst mistake you ever made at work?,4178
Is it likely to get pregnant during day 3 of my period with unprotected sex?,4944
What are the minimum requirements to enter MIT?,149
What are the effects of demonitization of 500 and 1000 rupees notes on real estate sector?,61
What motivated you to work hard?,2080
Who would win in a fight between Batman and The Flash. How and why?,4401
How can I go to Ivy League school?,1763
Why are hematomas caused when drawing blood,2453
Why are dimples such a cherished trait?,1090
What are some of the best horror novels?,1186
Which moment in your life changed you completely?,723
Why does my dog eat sand?,3899
How many types of meditation are there?,3971
How much black money is recovered till now?,952
How to prepare for CA Final exams?,3723
How does the LinkedIn acquisition help Microsoft achieve its mission?,1417
Which PSUs visit IIM campus for placements?,1400
What are the best Smartphones tech gadgets?,641
How do I create a new Terminal and new shell in Linux using C programming?,72
How do you sync your iPod to iTunes?,3057
What are government jobs for mechanical engineer?,2744
What are some haunted/spooky places in Delhi?,3212
What were the causes for World War 1?,289
How can I get a list of my Gmail accounts?,993
What is the best amplifier for a home theater?,3758
What is the weirdest question you have come across on Quora?,2050
What is your best 2016 movie?,238
Is it possible for a mobile phone to explode?,714
What do you need to start your own private equity firm?,192
When will Pokémon GO release in India?,2855
Are Hillary Clinton supporters unaware that her administration would be 4 more years of Obama?,4212
How do we increase concentration?,1688
What makes us happy?,3362
Will this gap year affect my personal interviews in IIMs?,1148
What does it take to become an entrepreneur?,2239
What is it like to feel truly alone?,4478
How do I block certain people on Quora?,4809
What is the algorithm or technique used by Google Inc. to come up with Google Maps?,3776
What are some unknown facts about srk?,4680
How do I rid myself of my paranoia?,1402
What are some of the best smartphones technology gadgets?,229
Why am I so alone and have no friends?,2182
Why would someone use Quora when they can Google instead?,3518
What are some good restaurants in Silicon Valley?,750
How do you wash boots in a washing machine?,3424
What is a psychology?,628
What is it like to be third-wheeled in a polyamorous relationship?,484
How do I lose weight fast?,1745
How can I consult a good free online astrologer?,243
How does it feel to have your first sex?,4965
What might happen now that President-elect Donald Trump has won the election? What will be the impact?,4580
How can I get German nationality?,1837
What are the qualities of a good leader?,81
How can a girl get out of the friend zone?,2564
What are the best laptops under Rs. 50000?,933
How much a business analyst earn?,3603
How can I face an interview?,4657
What is your take on Urjit Patel as the new RBI governor?,199
What is the ideal reading speed?,2759
Are chatbots the new apps?,729
What has been your most embarrassing moment in front of a stranger?,474
How should I stop masturbating?,1184
What is your review of The Neon Demon?,4149
What does cricketers say to each other when shaking hands at the end of the match?,3770
What would happen if the sun exploded?,3972
What are some of the best investment strategies?,3447
Can math prove the existence of God?,1355
How do I overcome my panic attack issues?,2872
What is the best work in the Philippines?,847
I am a very I insecure person. How can I build self esteem and confidence?,3850
What are some interesting topics to research?,3996
What are the uses of celery salt?,4032
Has Apple stopped innovating?,1692
What are the best self-help books you've ever read?,130
How can I get over methadone?,4321
How is Dabba trading done?,3419
What is the best way to prepare for IELTS?,271
What are the easiest ways to earn money online?,3520
Are Royal Enfield Tanks hand painted?,3373
How much money should I raise?,96
What are some things Indians should be proud of?,2223
What's 1 popular or rock song that's in 3/4 time?,1639
Who is the first American President?,4951
Is it illegal to sell oregano if you tell the buyer that it is weed?,2243
Do most people make noise during sex?,1738
Why is salt water taffy candy unknown in Japan?,4642
What is your review of Hidden Figures (2016 movie)?,4046
How can I hack WhatsApp messages?,3575
What are some of the weirdest questions you have seen on Quora?,2050
How would demonetizing 500 and 1000 rupee notes and introducing new 2000 rupee notes help curb black money and corruption?,4987
How can I find my passion career?,3588
How can improve my English speaking?,1175
Which is the best romantic movie?,1313
How can microorganisms be used?,4346
How do I get rid of acne naturally?,2201
How can I start civil service exam preparation from scratch?,196
How is IP branch of SGSITS in terms of scope & placements?,3467
What is the Syria civil war all about?,627
What's your idea about islam?,1860
Which are the best lyrics in Bollywood?,1936
What is the first programming language I should learn?,2861
How can I improve in English?,3090
Was giving Nobel Prize to Malala a complete joke?,1544
How do I get the crown on Musical.ly?,3879
Why do climate change deniers deny climate change?,2550
Is it true that the new 2000 rupees notes have a GPS chips?,2877
Which religion is oldest religion in the earth?,4491
What are the best ways to lose a lot of weight as quickly as possible?,1762
What are some signs that an introvert boy loves you?,1632
How do you know if a person is lying?,1726
Is Donald Trump fit to be the President of the United States? Why or why not?,1654
How do currency's work?,3214
How do we recover deleted files on Android?,2694
What is the easiest way to hack Facebook account?,4466
Is time travel possible in next 5 years?,3079
What are the effects of pressure groups in India?,1882
What technology is out there to automatically count bullets?,2862
How safe is it to travel to Kanyakumari alone?,2148
What is the best martial art for self defence?,1635
What are the reasons that people dislike Hillary Clinton?,63
What is the hardest skateboarding trick ever performed in the world?,2597
Where can I get designer collection of affordable floor tiles in Sydney?,4110
What was the best sexual experience you've ever had?,3277
How should I go about getting funding for my idea?,3018
What are the hardest time you've seen and how did you get out of it?,499
What are some questions that I may be asked in a Google interview?,1190
Why do trans men often look more convincing than trans women?,4954
Why is Santa Claus a man?,3215
Can height increase after 25?,1430
What's your opinion about the decision on removal of 500 and 1000 rupees currency notes?,3516
How can I make everyone happy?,2163
I have no idea how to console my friend who is rejected from the job he applied. Could you give me some ideas about what I should encourage him?,3821
What are the best hacks that we can use it in our daily life?,1705
How do I take control on masturbation?,2750
How do you stop video game addiction?,1862
How can you increase your stamina before running?,4549
What is the reason why vets recommend science diet?,4334
How do you deal best with heartbreak?,4469
What is dangling bond?,2170
How do I design for my Mobile app?,2826
How do I concentrate better in my studies?,658
What materials did you learn data structures and algorithms from?,3479
What are the best online courses for digital marketing?,1599
How does it feel to be homosexual in India?,230
How do I recover from the effects of growing up as an unloved child?,4971
What do Trump supporters think about his recent cabinet appointments?,963
How do I stop procrastination?,1120
How can I get text records from metro pcs account?,600
Do animals kiss?,51
What are the best monitors to use for dual display with a MacBook Pro?,3500
What are prons and cons of banning and replacing ₹500 and ₹1000 Notes in India?,4423
How can I stop being absent minded?,2067
How can I earn money on internet?,325
Do I have to have seen any other Star Wars movies to understand Rogue One: A Star Wars Story?,853
How do I enhance my English?,4366
What are the best institute in India for CFA?,2076
What are the best ways to make correct decisions?,3920
Could stars be considered alive?,4591
Does superhuman exist?,1983
What anime would you suggest I watch after watching death note?,4047
How will this recently introduced Demonetisation improve Indian economy?,1741
What is an easy way make money online?,2009
How the nano GPS chips (NGC) in Indian 2000 Rupees notes works? Can’t people deactivate it?,2485
What are the best earphones under 1k?,1498
What is the best reverse osmosis system?,1161
How do I get confidence to talk to girls?,4757
Who are better drivers woman or man?,1472
Do you desire to be great or to do something great?,4550
What are the resolutions you are going to take for the upcoming New year 2017?,4650
Was skateboarding ever in the Olympics?,2154
What are some common examples of thematic maps?,3321
How can I increase my breast size naturally if I'm a B cup?,2789
How do I send another person a message on Quora?,239
What are the best 10 books on human psychology?,2618
What can I do after my MBBs?,1272
Why do some people ask questions on Quora that could easily be answered by using a search engine?,3865
What are the best drop shipping niche?,4537
How do I track that my email was opened by the recipient?,2526
Is Amazon better than eBay?,1349
How can I speak fluent english and get confident?,3383
Adam D'Angelo: How many registered members are there in Quora to date?,3772
How can I find my hidden talents?,3473
How does packet switched network differ from circuit switched network?,1254
What is the standard deviation? Why is it used?,4337
What are the books that I need to study to crack NEET 2017?,1241
How does anyone get rid from any addiction?,3026
How old is senior citizen?,3304
What are the job opportunities available after doing a MS in the US in biotechnology or a biological sciences related stream?,2860
Is the world going to end in Halloween 2016?,2892
What makes a question interesting to answer?,1004
What are the features of spring framework?,1444
What defines happiness?,389
What is the best website to book air tickets at a cheap rate?,4807
Which is a better DSLR? Canon EOS70D or Nikon d5500?,1918
What is it like to be in a car crash?,3096
Where is my other gmail accounts?,1947
What is the scariest you have ever heard or read?,2516
What is the difference between a Marine and a Navy SEAL?,4058
How can an individual answer the question: Who Am I?,2873
What are the options available in wrap text?,3233
What are the home remedies to prevent hair loss?,4494
What are ZIP codes in the Bay Area?,3897
What are cool earring designs?,2382
How should I start my preparation for IAS as an engineering student?,1399
What would happen if Donald Trump became our next President?,4301
What is the flight time from London to Geneva? What are some useful tips to get through so many connections?,1666
What are your impressions of Hidden Figures (2017 movie)?,4046
How does the ban on 500 and 1000 rupee notes helps to identify black money and corruption?,4355
What are the basic requirements to get internship in a company?,1764
Is a third world war coming?,456
How do I increase traffic on my site?,4250
What is the best site to learn sap hana?,2884
Why are some men obsessed with anal sex?,1644
How do I prepare for civil service?,2535
Who is the richest gambler of all time and how can I reach his level as a gambler?,24
What are the best ideas for Startup in India?,2749
Why are ALL my questions being marked as needing improvement?,3901
How do I find my lost mobile using IMEI?,4907
How do I know if someone viewed my profile on Whatsapp?,3989
Why do some people have sweaty hands (including me) while others don't?,4651
What is the best way to become a billionaire?,62
Will the demonetization really eradicate black money?,1708
How is the study material for CLAT from career launcher?,1696
What is the best response to someone aggressively tailgating you?,3928
What are the most beautiful and inexpensive countries to visit?,1610
What kind of books do you enjoy reading the most?,3804
What are the best fruits to eat for weight loss?,4569
From where should I start to become hacker?,3210
Is LinkedIn a good acquisition for Microsoft?,1417
What was the reason behind the removal of Cyrus P. Mistry from the position of Chairman of The Tata group?,588
Height: How would a 14 year old increase his height?,1155
Is backward time travel possible?,2438
What are the differences between data analytics and data science?,3474
How do I check someone's private Instagram without following them?,4959
Why are so many people on Quora obsessed with IQ?,4612
What books should I study and practice to crack NEET 2017?,1241
What is it really like to be shot?,3999
Why is Saltwater Taffy candy imported in Hong Kong?,1897
How do I stop being insecure about myself?,1773
Which laptop is the best laptop in the world?,4396
Who is the best politician in India? Why?,3436
Is it legal for a traffic police to stand at the middle of the road to stop vehicles?,508
How should I increase my height?,4150
Why do people like Deadpool?,4265
Do you think there's life on other planets?,2568
Indian government has banned 500/1000 notes affecting 80% population with 20% Black Money. What about rest 20% with 80% Black Money in Swiss accounts?,4022
What is the average CTR on Facebook ads?,3606
Why is my Miniature Pinscher/Chihuahua mix afraid of cats?,2947
How can I get a complete list of all old Gmail accounts in my name?,2590
How do I prepare for CAT 2017 from August 2016?,2088
How long does meat last in the freezer? What can be done to preserve them longer?,3310
How do I become an Information Security Expert?,1952
How do you feel when you fall in love?,4020
Is it considered slightly creepy or sad to upvote a ton of answers from the same writer on Quora?,4717
Why nobody answer my questions in Quora?,1376
How safe is it for a dog to eat asparagus?,1574
Why are so many Quora questions about factual information that the questioner could easily look up?,3043
What programming language shoud I learn?,2039
Why won't YouTube play my videos in Google Chrome?,2241
How can you get a job in any embassy?,792
What is the boiler?,3485
Why do good people always have to suffer?,3041
How did Donald Trump win the Presidential election?,718
What is the best way to make crack?,3050
Which is the best: iOS or Android?,3063
What is the origin of No Shave November?,4457
What is a delusion?,4502
What type of questions are asked in UPSC CSE interviews?,4609
How do I make money online without investment?,4546
Which is the most beautiful place on earth?,4980
What can be my new year resolution for 2017?,1129
How is the partial pressure of CO2 in the atmosphere determined?,3346
Which is the best app to enhance vocabulary?,4602
What must one do to become a sociopath?,3676
How do I increase metabolism?,994
What are the best methods for suicide?,3124
What are good and credible immigration consultants in Bangalore?,2270
What pathway should I take to become a football (soccer) manager?,1043
Which are the three must watch movies and why?,2250
Why are white people taller than Asians?,3888
How do you get rid of a addiction?,3813
How many medals will India win in Rio Olympics?,3768
Do you need to wake up in the middle of REM sleep in order to remember you dreams?,279
Who will win this presidential elections 2016?,3216
Do you think Delta Goodrem is pretty?,3192
Why is ice cream good for fever?,1577
What are the best contemporary books?,2406
Which Indian movie has highest collections?,2158
What are your views on ban of 500 and 1000 rupee notes in India?,599
Can we create multiverse travel and how?,3780
How do I forget someone whom I really love?,4278
DId something exist before the Big Bang?,3698
How you make money?,1582
Is time travel possible in next 5 years?,3164
Linguistics: How to self-study linguistics? ,3273
What parameters decide how many requests a server can handle?,2753
Is having sex before marriage right?,3977
How can I increase my patience level?,1339
What are best Hollywood movies?,2876
What is the nicest thing that anyone has done for you?,2552
Why do people ask questions on Quora that are easily to find answers too on Google?,4386
What do you use to find similar websites?,2655
I am an introvert and I look very young although I have 10 years of work experience. Are there any tips to look and act more senior?,1382
What is the scope of NetSuite as an ERP in India? Do we have companies who work on NetSuite?,2482
How did Donald trump win the elections?,2741
Can God make a boulder so heavy he can't lift it?,2322
What should I do with this girl that I liked?,2662
Can birth control cause infertility?,3483
How can I see who viewed my video I just posted on Instagram?,610
What are the differences between quantum chemistry and quantum physics?,1658
How much time should I devote a day for studies?,3712
Will mankind ever travel back and forth through time?,2244
What’s your biggest regret in life?,4531
What is the best way to lose weight and not gain it back?,2613
Why is hydrogen so combustible?,2814
What can Indian government do to control population explosion in India? What steps can the Indian government take?,4749
How do I make money through YouTube?,222
What would happen if America or the UK disbanded all police forces?,2193
What are the similarities between Narendra Modi and Donald Trump?,4021
Why are books better than television?,4526
How can I contact someone on Quora and send private message?,4107
What does it mean when a girl say she needs space to better herself?,2969
What is make money online?,2325
What do you think is the most beautiful place on earth and why?,4980
Is reservation necessary in jobs and other educational competitive exams in India?,3963
Is Donald Trump's hair real?,4796
What is the Scope of financial modelling in India?,731
How can inner peace be created?,4108
What existed before space and time?,1269
How do I get motivated to study very hard?,3221
What are the safety precautions on handling shotguns proposed by the NRA in Minnesota?,939
How can I increase traffic on my blog?,552
How do I get a list of my gmail accounts?,2590
I really like this girl. How can I tell if she likes me?,2493
What's the best way to save black money in light of ban on Rs. 500 and Rs. 1000 notes?,3370
What is the solution of Kashmir problem?,1964
Who will win the premier League 2016-17?,1330
Which will be the best SEO company in Delhi NCR to optimize my website on Top?,3966
What would be the best flight simulator for a laptop?,717
Which PSUs visit campuses for placements in India?,1400
What is way for knowing Indian economy?,4399
Why do people ask questions on Quora that are easily to find answers too on Google?,3465
How is the job situation in New Zealand for computer science graduates diploma?,292
Will the Moon ever stop drifting away from Earth?,4206
How long a period of abstinence from marijuana is required to pass a hair follicle test?,4784
Are technical founders/co-founders often full stack developers?,4484
Who will win the Punjab Assembly Election?,4242
What is the best way to find and hire a freelancer?,4608
What are the best options for hair loss?,2230
Why do I need a passport to go to Jamaica from Germany?,2957
What is the best place for sex?,175
How can I find out if someone is gay?,4557
What are the causes of a yellow jelly discharge?,1558
What do you know about Algeria?,1967
How do I get rid of my paranoia?,1402
Why do some people ask questions on Quora that could be asked directly to a search engine ?,2451
Why do some channels in DirecTV say to be announced?,4593
Do scientists know for sure what is at the center of earth?,3783
Why do black people have such intolerance towards LGBTQ people?,4606
How do I find the first answer that I wrote on Quora?,4935
What would happen if a piece of iron is thrown into the sun?,3652
What is the function of a mitochondria in a cell?,3517
What are some good resources to learn web scraping with Python?,3292
How do I get rid of scalp acne?,2578
What is the pulse code modulation?,3382
Psychopaths: Do you find babies cute?,254
What are the best arguments for the war on drugs?,863
How can I speak English more fluently?,953
What is Land Acquisition Bill?,4879
How do converting used motor oil to diesel oil?,2992
How can I start preparing for civil service examination?,3657
Is it true that nothing can travel faster than light? Or was that idea made up?,1522
What are the best movies about martial arts?,4200
How can I be like Sheldon Cooper?,3556
Which was the best film of 2016?,3022
Does it turn off a guy if I drink 2 cans of 4loko malt liquor beverage in his car before we even go into the bar?,3600
How is life in North Korea? What are the typical lifestyles of different sections of people in North Korea?,671
What happens if we submit a fake marriage certificate to multinational company?,1997
How can I learn algorithms and data structures from scratch?,3308
How do I hack into someone's instagram?,4656
How do I raise funds for a cause?,1957
What is the relationship between biotic and abiotic factors? What are some examples?,3093
What are promise rings? How do you wear them?,1378
What are the some of the good Hollywood songs?,4441
What are the best books about leadership?,1977
What are some shows like Bates Motel?,3327
How should I start my preparation for IAS as an engineering student?,4542
What are the best ways to apply to jobs in Canada?,4191
What are some of the best websites for downloading cracked games?,3191
How can I stop myself from watching too much of porn?,1176
What were your experiences when you had roll no. 1 ?,3462
Who is the most overrated Bollywood actress?,3051
Is there a way on Quora to ask why a specific question was marked as needs improvement?,4958
How does one prepare for the Regional Mathematics Olympiad?,4254
What are the best digital marketing courses for mid-senior level marketing managers?,799
Is it possible to root an iOS into an Android phone?,506
What are the main reasons which made Game Of Thrones a popular series?,3404
What is the QuickBooks payroll tech support number in Washington?,878
What does the nuclear membrane do?,2317
How get offline video of YouTube in SD card?,2898
What are the economic implications of banning 500 and 1000 rupee notes?,1170
How is the electricity generated from water?,1586
How traffic increased for websites through backlinks?,1828
What are some of the things you dislike about American brands?,2285
Would ISPs block forum sites and why wouldn't they?,2014
What is the best way to outline your novel?,1151
What is the cut off of KVPY SA stream?,3253
What Is your New year resolutions in 2017?,2921
Which is your top 10 hollywood movies list?,3782
How did you get rid of acne scars on face?,2395
What is your reaction about the ban on Rs. 500 and Rs. 1000 notes? Won't it create a chaos and harm the economy?,722
Is there any other life existing except on Earth?,3975
Candidate status in Accenture Portal is showing Status Not Available what does it means?,1244
Is there any possibility to increase height after 21?,1142
Are there any cities in Texas that has a low level chance of tornadoes?,4037
What is the best trucking movie?,2220
What is the difference between a public sector unit job and a government job?,821
How does hypnosis work or may help?,1211
What are the lies that most of us still believe to be true?,3593
How do I know who viewed my WhatsApp display pic?,3989
What are the best tourist destinations in Nigeria?,4185
How do I read and find my YouTube comments?,1
What is the best beginner friendly book on python?,1225
Why do people with happy and normal lives throw everything away to join ISIS?,1518
What are the prerequisites for starting a business?,1468
What are the best was to lose weight?,2003
What is AO code for a student who is applying for PAN card but does not have any source of income?,4827
When was the last time you were truly happy?,1989
What are the benefits of no drinking coffee?,4858
What is the the difference between assembly language and machine language?,3036
Why is Saltwater Taffy candy imported in Greece?,1716
Who is the worlds most beautiful girl?,4210
What is the best joke ever heard?,3375
What are the advantages and disadvantages of studying abroad? And which one is better?,962
How should I calm myself down?,2348
Can one ejaculate without orgasm?,843
What are loopholes in Modi's Currency withdrawal of 500/1000 notes?,2949
What is the difference between a good kisser and a bad kisser?,2546
What should be the first programming language learned to develop games?,2989
Tell a joke that the funniest you have heard?,3914
How and why did you break up with your ex?,103
What are the most annoying types of questions on Quora?,1956
Why is Saltwater taffy candy imported in the Philippines?,4003
How can you make a friend?,1709
How can Jio work in a 3G phone?,1700
What is the best Advantage of using Quora?,457
What made the Battle of Vimy Ridge important to Canada's identity?,2092
What are the best three movies you have seen on Netflix?,1365
Where can I get good quality cupcakes and a lot of different flavor in Gold Coast?,440
What does Donald Trump's win mean for Indian students in USA?,4274
How do I raise funds?,1957
What's your resolutions for 2017?,2471
What are some of funniest jokes that you have ever heard?,2689
How do I know if I was abused?,1286
What are some good qualities of a leader?,81
What are the reason of poor performance of India in Rio 2016 while expectations were too high?,1342
Why should we be more kind?,1282
What is the funniest name you have ever heard?,4437
What is the best exercise for belly fat?,1359
A report on theprocedure of purchasing and selling shares through DEMAT Account?,3262
What are some examples of good manners?,2477
What song can you listen to and never get tired of hearing?,1032
Is the new 2000 rupees note polymer/plastic? Is it untearable?,3923
What is the speed of electricity?,2632
Why do dogs wag their tails when they are happy?,1042
Why are boys so different from girls?,4169
How did Amelia Earhart became famous?,2858
What is the best technique for SEO?,2677
What is the solution for Quora marking your every question as needing improvement?,2656
[Spoilers] Gravity affects time in parts of the movie Interstellar. How does that work?,2889
What does it mean when your period is three days late?,2313
What activities can I do in my spare time to train my brain and become more intelligent?,2680
What same food should I eat every day to protect my health?,2498
How can I hack WhatsApp messages?,3075
What are the best headphones under Rs. 2000 in India?,1713
What are some facts you know about animals?,1311
What can be the possible effects of removing 500 and 1000 rupee currency notes?,2542
How do I speak English fluently in half a year?,3318
Which countrys' constitution is ideal democratic constitution?,4886
Will NATO be disbanded?,3049
What would happen if the United States got rid of all of its police forces?,2193
Can you use publicly available celebrity photos for a mobile app?,2937
What is the deepest cut possible with a table saw?,3291
What is the QuickBooks technical support phone number in New York?,3734
How did you meet your significant other?,1344
What should I ask as my first question on Quora?,4069
How did war start in Syria?,3109
How do I make friends in college? I went to clubs but no one talked to me.,2675
Why can't I lose weight? Why is it so hard for me?,3581
Where can I get an unique taste for cupcakes in Gold Coast?,2733
What is the best way to learn hacking in short time?,1451
How can I legitimately earn online?,4391
How come ISIS has never attacked Israel?,1684
How can you learn the art of asking good questions?,4434
Which is the best institute for GMAT preparations in Delhi?,1036
How does one create a strong password? Any tips?,380
How can I reduce belly fat and overall weight?,1637
What are the safety precautions on handling shotguns proposed by the NRA in Wisconsin?,4628
Who will probably win in the war between Pakistan and Iran?,433
What's the purpose of the intermediate value theorem?,4767
How can I earn money on Quora?,2831
Is time travel possible in next 5 years?,3220
How could Quora attract initial users?,363
What are the best novels ever?,655
Is there a way to prevent hair Loss?,2830
Which is the best SEO ‪Company‬ in ‪Delhi‬?,3493
Which exercises can boost you enough to lose 30 pounds in 1 month?,1732
How can India revamp its education system?,4584
Why does Dushka Zapata have a story about EVERYTHING? Are they all true?,1038
Do you like sex?,4444
Does FaceTime work in China?,4924
Which is the best SEO Company in Delhi for Digital marketing?,4799
What is Zika virus and how is it transmitted?,173
How could I know what my talents are?,4719
What are some useful tricks in complex numbers?,2217
How do I stop being an introvert and become an extrovert?,895
How can I make a study plan?,4187
How can you describe yourself in 3 words?,4232
Is it possible to store the energy of lightning?,1890
Why is that the sky is so blue?,2901
Is muscle growth still possible after the age of 35?,3578
What is an easy way make money online?,1437
Why does the caste system exist in India even after 7 decades of Independence?,322
What would be a cool way to commit suicide?,2114
What will happen now that Donald Trump has won the elections?,3527
What is the best way to lose calories fast?,1920
How can I learn WordPress like a professional developer?,3944
How can I specifically improve my English?,3843
How do you give a good rimjob?,1502
How can I increase my money?,4912
How do I make money from blog?,1258
What are your views on India banning 500 and 1000 notes? In what way it will affect Indian economy?,724
How can I join indian air force or indian Navy after completing engineering?,1139
What is Marxism?,4106
What is the likelihood of war with Russia?,4681
Why do central banks exist?,4943
How do pilots avoid turbulence?,2918
What should I do to become a top writer on Quora?,2815
What is the best way to improve my spoken English soon?,2702
What is the Hizmet movement?,266
What's your bucket list?,141
What is purpose of life?,25
I am entering the world of video game programming and want to know what language I should learn? Because there are so many languages ​​I do not know which one to start with. Can you recommend a language that's easy to learn and can be used with many platforms?,3072
How do I code downsampling using octave or MATLAB?,3790
What do you think about ban on Rs. 500 and Rs. 1000 currency notes?,3541
Is it impossible to damage the embedded chip in the 2000 Rs note without damaging the currency value?,4483
How bad is the new book by J.K Rowling?,17
Is our PM Modi doing the correct thing with 500 and 1000 Rs notes?,684
What can cause a period to come early?,974
What will happen if Donald Trump became the president of America?,4580
Why are hematomas caused when drawing blood?,2453
Which are the best anime?,3545
How can I lose weight quickly? Need serious help.,2823
Which university offers a MSc in mathematics with a distance learning mode in India?,2818
What's the best treatment for hair loss?,1669
Which are the best gym for beginners in BTM Layout?,2795
What does the Australian term sheila mean?,615
What is the best way to get off methadone?,4321
Why do people still think the the world is flat?,4111
What are the simplest ways to learn coding easily? Where can I start and which topics should I learn first?,4388
Do you think scrapping of 500 and 1000 rupee denominations is going to eradicate corruption?,3678
How can I break out of my comfort zone?,3802
What is the difference between the U.S. Army Rangers and the U.S. Army Special Forces (Green Berets)?,2812
How can I find myself or purpose of life?,3679
Can Trump repeal laws that allow gay marriages?,4275
Which company offers good fire fighting equipments?,1121
what can i do to become fair?,466
What are the benefits of gst bill?,4174
What do you think about the Modi's sudden decision to scrap 500 and 1000 rs denomination?,2598
What is the best IT field to get in for a fresher?,376
What is the most popular question and what is the most popular answer on Quora?,3697
What effect will Donald Trump's victory have on international students looking to study in USA?,1512
Why is plaster of Paris called plaster of Paris?,2331
Where can I get the best quality photo booths in Sydney?,4561
How should I stop feeling guilty?,3709
How does sex feels?,3454
What is the difference between faith and belief?,1264
How do I gain healthy weight without eating junk?,1969
Does it matter where I get my Masters?,2006
How can I get FaceTime on a Kindle Fire?,3328
What will be Hillary Clinton's India policy if she wins the election?,1557
What's your favorite eye color? Why?,1316
What are the best way to learn Oracle HRMS modules?,1553
What are some lesser known must-listen songs?,1569
What are the safety precautions on handling shotguns proposed by the NRA in Arizona?,269
Was the Canada US free trade agreement and then Nafta good for Canada?,3354
How do I know how many people saw my profile picture in WhatsApp?,2297
Which is the best online website for learning guitar?,1201
How does the HP OfficeJet 4620 Airprint compare to the HP DesignJet Z3200 24-in PostScript Photo Printer?,3911
Where can I get super high quality photos for any photo booth services in Sydney?,226
Did Mahabharata really happen or only an allegory according to M.K.Gandhi?,162
Do irregular periods after marriage delay conceiving?,838
Does the 2000 note have a chip inside for its tracking?,1185
Can Indians get job in Canada?,3666
Is there a way on Quora to ask why a specific question was marked as needs improvement?,2656
What are the best places to visit in Bulgaria?,4289
How do I contact a real hacker?,2983
What are good qualities for entrepreneurs?,3276
How do I deal with conservative parents?,2837
What can I do to improve my social life?,2075
How much does a doctor visit cost?,1047
What is the best school management software in India?,4379
What is the best computer programming language to learn first?,748
What is solution to Kashmir issue?,1964
How do I get the offer from university such as Johns Hopkins?,884
I'm 12 and at 60 kg and about 144 cm how do I lose weight?,1526
How do I  increase traffic on my site?,2875
What are some of the pros and cons of a Hillary Clinton presidency?,296
Why do long distance relationships fail?,1824
How do you prevent mirror from fogging up?,1494
What should I do to gain some weight?,1069
Is World War 3 on the way with the US Elections?,3367
How can I increase my height after 21 also?,3141
Who won last night Mike Pence or Tim Kaine VP debate?,3359
What is the best book for gate preparation?,2303
Do mobile phones explode?,714
What will be the implications of banning 500 and 1000 rupees currency notes on Indian economy?,107
What are some cool assassin names?,2999
What are your views on the supreme court's decision to make playing national anthem mandatory in cinema halls?,219
A ball is thrown in a vertically upward direction with a velocity of 50 km/s. What's the maximum height?,4165
What does the Quran say about triple talaq?,1913
How do I get an Australian accent?,1492
Is milk good or bad for health?,2458
What should I do to get an entry in the Google Summer of Code contest?,3654
What is an inanimate object? What are examples of inanimate objects?,1045
Can you get lung cancer from smoking marijuana?,1625
What are some good books to read about psychology and human behavior?,2618
How can I improve my fluency in English to face a more confortable job interview?,4724
In how many dimensions we are living?,1583
What is the longest running TV series ever?,3250
How does the ban on 500 and 1000 rupee notes helps to identify black money and corruption?,2479
Do black holes exist?,715
Why can’t matter be created or destroyed?,4305
Which online test series is best for GATE 2017 in CS stream?,76
What can be substituted for butter?,976
What or who brought you into Quora?,3560
Would ISPs block forums without net neutrality?,2014
What is your review of Detroit Metal City (2008 movie)?,4711
How can I make an extra $500 per week?,3969
What are the best trucking movies?,2220
Can I earn money on Quora?,2214
What are good technique to score high in PTE?,3904
What is the easiest way to lose weight faster?,1601
What are some ways you can speed up your laptops overall speed?,4978
Is Quora banned in China?,3918
What qualities and qualifications are required to be a future CEO?,4661
Is there a possibility of World War III happening in the next 10 years?,4726
How do I find all of my Gmail accounts?,4633
How do I use Jio sim in 3G devices?,613
How can I earn money from an online job?,3650
Which is the best online site to learn front-end development?,4547
What is there in Friendship between two boys that never exist in two girl's friendship?,2988
Is mathematics a good optional subject for UPSC?,3808
How can I earn money online?,2276
What has been Microsoft's worst acquisition?,3793
Which are the best movies of 2016?,1449
How can I hack clash of Clans game?,2496
How can a boy know if a girl likes him or not?,1793
What steps can I take to improve my writing skills?,4921
What is real Italian Leather? How can you tell its difference from other types of leather?,1867
How can smoking marijuana give you lung cancer?,4933
Will I ever be happy?,4772
What are your thoughts about proposals for reservation in the private sector?,1408
What the best way(s) to fight boredom?,1369
How do I get my ex boyfriend back?,1197
What is the best job in this while world?,4850
Who are some famous people with low IQs?,459
Is WWE a fake show?,4071
How are the 6 mother sauces used in cooking?,630
Which is better between the Game of Thrones vs The Walking Dead?,1573
What do rich people need?,4341
How can I change the font style in htc desire 816g?,1086
What is the average cost of a liquor license in California?,3350
Why will Donald Trump be a good president?,1654
Who will replace Nico Rosberg for F1 2017 season?,4486
Where can I meet Brits in the Toronto Area?,4455
What do you think about the ban on 500 and 1000 denomination notes in India?,4042
What is called a black hole?,1602
Is sex reassignment surgery reversible?,4504
Can u get pregnant the day after your period ends?,1020
What is computer networking?,528
Do all women like oral sex?,1551
What does a interior designer do?,1039
What are the top ten PC games ever?,4374
Why are you marking my question as needing improvement?,4882
Can India beat Japan in technology in future?,4962
How would I develop an e-commerce website?,293
Where can I find a qualified hacker?,4981
What are the innovative advertisements you have ever noticed or seen?,4512
Which laptop is best to buy within the range of 30000rs?,2025
Is WhatsApp hacking possible?,825
Can we time travel anyhow?,2931
Why are my all questions marked for improvement?,3901
CAN A MINOR BE PARTNERS in AN LLC AND How TO OPEN the ACCOUNT through the BANK?,2499
How does it feel when a person has sex for the very first time?,3681
How do you become pretty/attractive?,329
What is the most effective everlasting method of losing weight?,2024
What does cum taste like?,753
Do I need to get a SSN card If I know my Social Security Number?,1318
What are the different types of satellites?,4914
How 'real' is a show like Made in Chelsea?,2326
How can I continue to improve my English?,3835
What are the names of countries that were once part of India? Also when they got separated from India?,2966
What is the mitochondria? What function does it have?,3517
Can different kinds of animals communicate with each other?,4505
How can I communicate with a foreigner?,2100
How is the new Harry Potter book 'Harry Potter and the Cursed Child'?,17
How can we improve our English language skills?,1815
Will the Trump administration go after the families of terrorists in Europe and the Americas?,1547
How can you dream within a dream?,4885
What are some must watch Indian movies?,4891
What is the best way or resources to learn english like a native speakers?,1183
What are the different layers of the atmosphere?,3573
How many names did Arjuna have?,965
What is an easy way make money online?,3632
Why do people love Pokemon go so much? What makes it fun?,3442
Are there any good incest movie?,138
Who's the worst person you know?,2833
Which is best porn site?,4326
What is your review of Dangal (2016 movie)?,1633
Which app is the best for Smartphone security protection?,3696
Is Game of Thrones really just a warning that the next ice age (winter) is coming?,3833
What are the workouts to reduce the fat in the love handles or the fat at the back of the hip?,3325
Why are there people who still don't believe that global warming is real?,737
How can I improve my English speaking ability?,2029
What went wrong with Cyrus Mistry as Tata Group chairman and why was he ousted?,1520
Is NAFTA good for Canada?,3354
How should I work my way up to get selected for Google Summer of Code 2017? Which languages should I focus on to increase my chances of selection?,3654
What is 4G and why?,4759
How should I learn hacking by myself?,2621
How did Donald trump win?,665
Why do Indians generally hate NDTV journalist Barkha Dutt so much?,1390
What's it like to be a non-smoking mother of smoking children?,331
What are some political affiliations?,745
How do you react when someone is tailgating you?,3928
How can I get free Google Drive storage above the first free 15 GB?,995
What's your opinion about the decision on removal of 500 and 1000 rupees currency notes?,3882
What happens to our body after we die?,4141
What are some good universities in Germany for masters in computer science?,870
How can I add photos or video on Quora when I want to answer?,1612
Why does 500 and 1000 Rs notes banned by GOI and new notes of 500 and 2000 are issued?,3395
What are some Secret Santa gift ideas?,4575
How can I earn money from Facebook?,3820
How can I hack somebody's Facebook account if that person is not added as a friend?,675
How shoud I start my preparation for IAS?,3525
Which is the best Carrier Service Center in Hyderabad?,4459
What is the main reason for discontinuing 500 and 1000 Rupees Note in India? What are the pros and cons of it?,2888
What are the best custom essay writing services?,2840
Is there any proof for the existence of aliens? What about all the stories we heard about them?,4638
Did your life ever go according to your plan?,4330
Is Newton's Third Law applicable in non-inertial frames?,1386
If I have an idea for a video game can I sell my idea and get paid for it?,2456
IAS: is there any IAS officer whose graduation percentage is less than 60 %?,4898
How can I see who views my Instagram?,3313
How would you rate Hillary Clinton's job performance as Secretary of State?,3799
How do a junior high school students make money by theirselves?,3717
What are the merits and demerits of GST implementation in INDIA?,1304
How do you decide on how much shares to give your investor?,3237
What you do when you get upset?,1418
How can you lose weight quickly?,4555
Who invented the middle finger bad gesture? How was it invented?,470
What was the reason of extinction of the Indus Valley and Harappan civilization?,573
How can I make money online for job?,1118
What are some extremely early signs of pregnancy?,1506
Why don't we build cities under the sea or off the coasts of popular cities?,3260
How do I change my Facebook password?,261
What are examples of gerunds used in sentences?,2539
What can I do to increase my memory,2560
What are the different sects and sub sects of Christianity?,2437
What is an easy way to commit suicide?,4801
What is your view on the banning of 500 and 1000 rs?,3984
How do I get rid of a feet fetish?,2252
Is it possible to create a mathematical function to obtain the nth prime number?,2521
What is the procedure to get a mobile signal tower constructed on my barren land in India?,3272
What are the best programming languages to learn today?,2030
What do you do to spy on Facebook messages without a target phone?,4620
How can I increase in height after 20 years?,1000
What will happen after you send your sat score university?,3138
What is the best way to overcome an porn addiction?,4263
What is the fastest way to clean your lungs?,3973
Why does the Black Hole's gravitational force is so immense that light can't even escape?,2044
How can I log in to Facebook if I forgot my email?,4303
Why do people want to earn more money.?,4969
What could be the effect of GST bill on Indian economy?,3601
Where can I find good branded clothing in Bangalore at cheap price?,693
Will the economy of India collapse due to the banning of ₹500 and ₹1000 notes?,1499
What are the best books for preparing gate?,3636
How is the life of the child of a Pornstar?,2105
How can I ask Quora a question about something that was marked needs improvement??,2631
How do I turn off the screen overlay in Samsung j7?,916
Why did Mahatma Gandhi not get Bharat Ratna or the Nobel Peace Prize?,1108
How can I forget someone I love strongly?,1836
Why is social studies a tool for national integration?,4957
What are some snack ideas for a sleepover?,3135
How does our mind work?,1954
What is like to meet Narendra Modi?,732
What is your view/opinion about Brexit?,1461
Which is the best laptop under INR 60k?,3844
Can anyone apply to Google?,1256
Does China has prime minister?,2372
My skill is drawing. How Can I make money out of it?,1001
Which is the best IBPS PO test series?,4541
What are examples of good manners?,2477
Why has RBI introduced new Rs 2000 Rupee note and not Rs 1000 Rupee note?,3336
What is the most important lesson you have learnt in your life?,1168
Why is Saltwater taffy candy imported in China?,250
How can I cope with fear of flying?,2236
What are some reasons your cat might meow constantly?,2793
Do you regret your divorce?,139
Who was the most powerful king in the history of India?,1083
How can I get followers and comments on my blog?,309
Why did Trump win the election?,4982
What are the best institutes to study a big data course in Hyderabad?,839
How do I lose weight and reduce my waist quickly?,1624
Could Bruce Lee stand MMA fighters?,855
Who is your favorite current movie director?,2544
Why is Quora so unwaiveringly liberal and anti Trump?,4138
How do GST bill will benefit local people?,1147
How do I clean my lungs?,3973
Why is Quora claiming my questions need improvement?,489
How can I join in human rights?,2410
What do you think of Islam?,1860
Why is Shell gas better?,1303
How do I prepare for bank exam at home?,2155
Do you have psychic power?,198
What is the difference between having an ego and having self esteem?,4562
How can you trace your roots?,1144
What can I do to improve my English Grammar?,769
Are humans truly from another planet?,1061
Which is better - an arranged marriage or a love marriage?,1876
How early should one start preparations for UPSC so as to clear it?,4091
What is the best way to delete my Gmail account?,1823
I am very poor in English language and even struggle to understand while reading small article also. How can I improve it without attend class?,1537
Does the fact that nobody has ever visited us from the future mean that time travel is undoubtedly impossible?,3852
How do I get job in Google or Microsoft?,339
What if I hired two private eyes and ordered them to follow each other?,53
What are the best applications?,4158
How can I keep my nose from getting stuffy at night?,9
How can I become a freelance writer in India?,794
How do I deal with my embarrassment?,596
Why sex is important for life?,2885
What is the best site to to learn data structures and algorithms from video tutorials?,673
What is the best lesson you've learned on Quora?,3154
Is there any way to develop my presence of mind?,4998
How do I make my bank account to be able to transfer funds from it online?,4966
Daniel Ek: Why isn't Spotify coming to India instead of the huge internet consumption India has?,3030
How will work and jobs change over the next 10-20 years?,561
Why earth revolves around sun?,2362
Who was the man that killed the most people in human history?,3245
What are some of the most effective ways to fight depression?,4706
What's your biggest regret in life?,425
Are japanese people genetically diverse?,3172
Which are the best IT companies?,3251
How can I find my epf number?,3020
Is India going to win any medals in Rio Olympics 2016?,3768
Which are the positive benefits of banning existing ₹500 and ₹1000 currency notes in India?,1499
Why is Arvind Kejriwal so obsessed with Modi?,2827
What are the places yet to be discovered on Earth?,3025
Why are there no female Navy SEALs?,3357
What are the top techniques for SEO?,2677
Could anyone help me with the best IAS coaching centers in Hyderabad?,2082
How can I see who viewed my Instagram video?,610
Why are saltwater taffy imported in Japan?,4002
How can I lose 4kg weight?,1831
How can I recover my Hotmail password?,399
What is mass of the sun?,1274
Why did China support Pakistan? Does it support terrorism?,1935
Why is watching snooker different to playing snooker?,1424
Did San Francisco lose its soul?,2571
How will demonitization stop black money?,1708
What will be the implications of banning 500 and 1000 rupees currency notes on Indian economy?,833
What job possibilities exist for a Bachelors in Homeland Security?,101
What would happen if both Donald Trump and Mike Pence were assassinated before the election?,861
How do I get rid of overthinking?,4535
Can I make money playing poker?,3438
What are the Black Friday deals for 2016?,1407
How can one reduce hairfall?,4295
I can't remember my Gmail password or my recovery email. How can I recover my e-mail?,16
What were the causes of ww1 war?,4985
What's the best way to tell a friend they have body odor issues?,2218
How do I learn spoken English?,2871
Can you see who viewed your Instagram?,2821
Which is the best laptop to buy under 40000 INR?,1697
Which is the best coaching institute for CAT?,1500
How was the KVPY 2016 sa?,2115
Will Russia nuke the us?,3238
What is your review of Fantastic Beasts and Where to Find Them (based on J. K. Rowling's book 'Fantastic Beasts and Where to Find Them') (2016 movie)?,2466
Why do Good People always suffer?,3041
What would happen if India and Pakistan merged?,3102
How do you stop your Beagle/Pointer mix puppy from biting your shoes?,2412
What do white Americans think about white Europeans and vice versa?,4925
How do I get rid of acne naturally?,3229
Does Gary Johnson have any chance left at winning the presidency?,2886
Do you think homosexuality should be legalised in India?,3125
What is your view on Demonetization in India?,1041
What`s the best way to get rid of porn addiction?,4263
How do I earned big money even online without investment?,3198
What is actually the quantum mechanical model of an atom?,4061
Which are the best places to visit in Bhutan?,3828
How do I learn coding?,2572
What does it feel like to be pregnant?,3196
How is social studies a tool for national integration?,4957
How do I root an HTC Desire 826?,1703
Where can I find experience Painters in Brisbane?,1439
What does vaginal sex feel like?,3486
Where can I get best qualities outdoor tiles in Sydney?,4614
What are the best drama TV shows?,1460
Is rusting a chemical change?,1811
Why is there so much nudity in the Game of Thrones TV Series?,308
How do you determine whether an email was opened by a recipient?,2526
How can a teacher maintain discipline?,907
Are there any Republicans voting for Hillary Clinton?,471
How dabba trading is done?,3419
Is the lowest sum rule still used in naming of organic compounds?,862
Why did you choose The Adventures of Huckleberry Finn to read?,1052
What is the extent of the U.S. Navy's presence inside the Great Lakes?,897
How do Non-Profit organizations pay the salaries of their employees?,2399
What are the most read Wikipedia articles?,2302
How much equity should I get as CTO?,842
How google's captcha recaptcha works?,4117
What would happen if Earth had two moons?,2736
How can I seduce my wife in sex?,3408
Can we be immortal?,4636
What is the best monitor for a MacBook Pro?,3500
Is honesty the best policy in today's world?,3677
What are the uses of chromatography in forensic science?,1884
How is Jio 3G?,1653
What are some tips for a beginner investors?,4390
How do I make new friends in university?,2917
What are your reviews of the movie Detroit Metal City starring Matsuyama Kenichi?,4711
How do I reset a Gmail password?,3348
What is the tilt of the Earth's axis?,2206
How are radio waves produced? Can I make them at home?,4246
Can we use bamboo instead of rebar in conrete pavement?,3893
How do I clear IBPS PO in one month?,935
Why is life very unfair?,2073
What was the worst decision you have ever made in your life and still regretted it for that?,1366
What are some causes that make your period come early?,974
Which is the Best earphones under Rs 1000?,47
How can I apply online for issuance of PAN card in India?,4629
How can I identify a narcissist?,1755
What are the cutest animals?,1107
How can I stop smoking?,4269
Why India has few medals in the olympic table when compared to chinese and rest of the world in terms of their population?,1192
What is Evernote used for?,131
What is significant difference between an insulator and a conductor is?,2709
How do I deal with menstrual pains?,2091
What are the differences between infrared and ultraviolet light? What are its similarities?,1532
Does semen taste good?,2408
Why are saltwater taffy imported in Japan?,698
What is voltage sensitive self balancing bridge?,4456
Was skateboarding ever an Olympic sport? Why?,2154
What is really the difference between a throw-away prototype and an evolutionary prototype in software development?,3964
What are the side effects of ProActiv?,617
Will the Supreme Court's decision of playing the National Anthem before movie screenings affect your patriotism?,219
What is the right procedure to make green tea?,2392
Why MS Dhoni left captaincy though he was a successful captain?,2591
Are we heading toward World War 3?,180
What makes understanding death philosophical?,108
What is Indian army field artillery?,2234
How do I speak English fluently at an interview?,2320
Can anyone increase their height at the age of 21 or 21+?,2810
Can we kill herpes virus once it is out of nerves cell?,2545
Why did Quora remove my question?,3736
What are the signs if a girl likes you or not?,4722
Why can you not accelerate to faster than light?,1522
What are the functions of the cell membrane?,3202
What are the top 10 books one should read in his or her early 20s?,157
How the way to speak english fluently?,4960
Should people over 100 not be allowed to vote?,3598
How can I improve my spoken English ability?,221
Should I vote for Trump so Clinton is not elected?,3249
Can I ever find happiness?,4772
How do I prepare for BITSAT-2017?,4435
What is it like when the wife is older than the husband?,4011
Why is the suicide rate high in Japan?,4421
Who would win in a fight. Ben Affleck's Batman or Vandal Savage (DC Legends Of Tomorrow)?,2653
What is ecological foot print?,2401
What was the name of three brothers in Harry Potter?,3475
What makes Arabic so difficult to learn?,3727
Do you believe that there is a God? Why or why not?,2847
What is the importance of keyword in SEO?,4060
Why did I get my period 6 days late?,4118
Does meditation increase creativity?,559
Why do so many people ask things on Quora that they could just as easily Google?,4604
Is it possible to build muscle without lifting weights?,1925
What is the best way for a native Chinese speaker to learn English?,385
How can I improve my social life?,2762
What are the pros and cons of being a cop?,1775
Was 9/11 a conspiracy?,2089
How do I reset my password for old Gmail account?,3437
What are some good games for a couple to play?,787
Is there any intelligent question on Quora?,1812
How would scrapping Rs 500 and 1000 notes affect the real estate sector?,3807
What is the nicest thing that a complete stranger has ever done for you?,419
Can anyone become good at mathematics?,1046
How do I get rid of the distractions like PC?,2486
When was the Letter J created?,119
What's the absolute easiest way to commit suicide?,4801
Which programming language is the best nowadays?,4343
How can the penis be enlarged?,1196
Why does phase shift take place in the output of the common emitter amplifier when compared to the input signal?,1760
1. While traveling from US to India which Airlines allow maximum luggage for an economical class traveler?,2674
What should I do if I forgot my iCloud email and password?,1485
What are 10 random facts about yourself?,4029
Do you put top coat on matte nail polish?,1992
What would happen if Miley Cyrus became the first female president of the US?,3455
Do mermaids and vampires exist?,4146
Why do dogs urinate mostly on car and bike tyres.?,4430
Which country in Asia is most powerful?,4747
How do I hack into someones Facebook?,4180
How do I score good marks in mathematics?,347
What can we learn from Donald Trump's win?,4691
How do I overcome the fear of uncertainty in life?,1044
Is cows milk bad for your health?,2458
How do I increase metabolism?,2282
What is a balanced force? What are some examples?,3316
What is the IELTS all about?,286
Which is the best Soccer / football blog?,4729
What is the best thing you have ever read on quora.com?,4176
Could anyone please be willing to proofread my essay?,4995
How can I increase traffic to my websites by Facebook?,1828
What are some good chat websites?,3283
How do I earn from Quora?,69
What is the best way to prepare for CA final law and audit?,4148
Why when I read an English article do I understand most of the words but I cannot understand the message of the article very well? How can I improve my reading comprehension?,1537
What are your opinions on Brexit?,2138
Was 9/11 planned?,2089
How will the ban of 1000 and 500 rupee notes affect the Indian economy?,1281
How do I stop feeling guilty for something I did a while ago?,3709
Is Israel funding ISIS?,1670
How can I get a green card to live and work in the USA?,580
Why is Saltwater taffy candy imported in The Bahamas?,1991
Which are the best earphones under 2000INR or 35USD?,587
What are the advantages and disadvantages of washing one's face with cold water?,1787
How can I be emotionally detached from everyone?,2358
What are some good websites to watch English dubbed anime?,3754
What are the differences between a B-tree and a B+ tree?,490
How does a capacitor regulate?,796
How do I start coding professionally?,3403
I lost my password with my Gmail account. How do I reset it without the account recovery info?,3711
What do you usually talk about with your friends?,3236
How is it to fall in love.?,772
How do I post something in Quora?,968
How far is earth from the sun?,1655
How can I do SEO 2016?,388
How is a common man benifited/affected by GST?,3232
Which is the best headphone under Rs. 1500?,2187
What would be next strike from PM Modi after Demonetisation?,1739
What are some of the things which are constant in life?,4182
What are some of the best books for CA-CPT preparation?,4208
What are the best top 10 movies of Hollywood ever?,3077
How do I use Jio in 3G phones?,1653
How do i lose weight?,990
What would you say is the one thing that got you where you're at today?,3142
What is the best way to remember things?,2428
How do I become a career counselor?,711
How can I remove screen overlay on my j7 2016?,916
I was suddenly logged off Gmail. I can't remember my Gmail password and just realized the recovery email is no longer alive. What can I do?,16
What are the best resources for free business case studies?,3906
Did Donald Trump really rape a 13 year old girl?,1307
What is the process of UI design?,2834
How much money should I raise?,2997
Are Israel and ISIS allies?,1670
How would life on earth be different if we had two moons?,1237
What is the coolest psychological trick?,829
Will the 2016 MacBook Pro be released in the September release?,3388
Will Modi remove Quota Reservation?,4315
Is the new Macbook Pro 2016 an over priced disappointment?,3021
What are the best ways to make a woman wet?,2946
What is the main function of the rough endoplasmic reticulum?,3384
Does Gary Johnson stand a chance of being elected president?,4688
What are the properties of quantum spin liquid?,1972
Would Donald Trump be the worst president in US history?,478
Are the new 500 rs and 2000 rs Indian currency notes really chip-based?,4753
How should I prepare for CA final law?,8
Do you know what is hair transplant?,4631
What are the causes of preterm birth?,768
How do you turn someone down?,909
What is the difference between transgender man and transgender woman?,637
Hillary nothingburger Clinton?,2070
Why don't all months have same number of days?,3027
What will happen to the outer gas giants when our sun is in its red giant phase?,3628
What is data science,3798
Who won the vice presidential debate tonight?,2848
What are your new year resolutions’2017?,2179
What should I do if I witness a mother physically abuse her child in public?,4511
How can I submit income tax return online?,4675
How true is it that the Earth is the only planet having life in the entire universe?,1157
If we have evolved from apes then why there are apes around us?,1525
Who won the first debate in your opinion Hillary Clinton or Donald Trump?,2407
Are we still slaves?,2042
Why do people say God bless you?,1543
How can I help or encourage my mother to lose weight?,3056
How are greenhouse gases related to climate change?,3797
What is the next step after completing BE in Electronics and Communucation?,3621
How do I forget first love?,2333
How can I shoot a time-lapse of a withering flower?,1835
Which smartphone would be best under 15000? (2016),4554
Who has the world's most beautiful face?,4942
Who names cyclones?,2192
What are the best things to do when working on losing weight?,930
Which are the top civil services coaching institutions in India?,1476
What is pulse code modulation?,3382
Should I have the right to end my own life?,3405
What is the poorest country in the world.?,1900
What are some examples of genetic drift?,4130
Have you ever thought of committing suicide before? What made you change your decision?,2164
How do I convince someone not to commit suicide?,2165
What are examples of animals that live in the water?,2123
What will be the effects of demonitizing 500 and 1000 rupees notes in Indian economy?,3779
How do you find out whether a hot guy is gay?,1113
How can you make scotch eggs?,2930
Have you ever encountered any alien? Please be true.Do not make a story.,397
Which is the best TV series you have ever watched?,2730
Why is Barack Obama so important to the world?,212
What is the best novel to increase my writing skills?,2878
What is the difference between gross income versus net income?,283
What is the best beginner's book on Python?,1225
How do I stop being a pushover in the workplace?,2118
How does Quora determine how many views an answer gets?,4928
How can I start Jio 4G sim in 3G mobiles?,3306
How can we stop moral policing in India?,4120
What are the emerging trends in structured programming?,662
Where are the best places to nap on Stanford's campus?,2108
Do you think the only reason people are voting for Hillary is because No one wants Donald?,2212
Should I believe in science or religion?,2107
Do Quora users still see questions that are marked as needing improvement?,2511
What is the right procedure to make green tea?,2135
How can I find someone. With a picture?,1863
How do pasteurized milk and sterilized milk differ?,1779
How could I practice building my logic in a more interesting way or where I focus exclusively on logic instead of languages and syntax?,2538
What is it like working in Indian Army?,384
How do I improve my social life at age 20?,4823
In what ways dictatorship better than democracy?,4470
How do you get a girl to like you?,4314
What do you think will be the effect of Modi Government's decision of invalidating the RS 500 and RS 1000 notes?,2429
How is the cell membrane composed?,3067
What programming language should I learn if I want to create games?,871
Which book is best for Neet chemistry?,236
What are some ways to delete my Yahoo Mail account?,1026
What is the easiest way to overcome a panic attack?,2872
How can I balance gaming (csgo) and studying?,4855
Is it possible to go faster than the speed of light?,4770
Can a boy join the Indian armed forces after a BSc degree?,3294
How can I delete my own question from Quora?,1959
How can I become rich man?,2649
How can I speak English like natives?,1373
What is the syllabus for LinkedIn online placement test?,3829
How can I be a motivational speaker?,3630
What I can do to make everyone happy?,2163
What are some good books that one must read?,1607
What is the most bizarre dream you have ever had?,1675
Why doesn't the main stream media or Hillary talking about Trumps December trial for raping a 13 yo?,462
What really causes aging?,4307
What kind of fruits do you eat?,4057
How do I start to code?,3403
Does vitamin d causes excess hair fall?,4545
Which is the worlds best electric shaver?,1788
Who is currently winning the presidential election?,1751
Relation between phase & line voltage?,1423
Can I change my eye colour using hypnosis?,1137
How should I study to pass the first Semester of the 1st year of MBBS?,1384
How do I get rid of a week pregnancy?,3891
I have no idea how to console my friend who is rejected from the job he applied. Could you give me some ideas about how I should encourage him?,3821
What is a Bose-Einstein condensate?,2141
What will happen after I die?,1892
What is the thing outside universe?,2271
Can you see who viewed your Instagram?,3444
What employee discount do Amazon employees get?,2522
How can I sync Facebook contacts with my Android phone?,4151
Can we ever store energy produced in lightning?,20
How do I learn playing guitar without formal training?,1782
What are the best ways to love kids?,4789
Has Ancient Persia been scientifically tested?,4750
What is going on between Hrithik roshan & Kangana Ranawat?,881
Can I change my engineering college in my 2nd year?,3684
Can a sociopath have many psychopathic traits?,362
What are the pros and cons of becoming a cop?,1775
How do I stop caring so much about what other people think of me?,3108
How did Donald Trump win the presidency?,3231
What jobs are available with a bachelor’s degree in Homeland Security?,101
How is time travel possible?,203
Why do people have to ask Quora for questions?,756
What is the significance of GDP?,273
Does coffee stop or interfere with sleeping?,1246
Why are so many good quality answers collapsed on Quora?,849
How do you fix a Google Play Store account that isn't working?,1497
What do you do if you're falling asleep at work?,1559
What are the effects on body of Masturbating daily?,4723
What are some good books for JEE Mains only?,519
Have you ever seen anyone die?,1446
Is Hillary Clinton ineligible to be POTUS because her spouse has already served 2 terms and Hillary is legally the same person as Bill Clinton?,4144
What is a Crush Card in Yu-Gi-Oh!?,3136
How do I deal with a dominating friend?,867
What do Russian citizens think of Vladimir Putin?,4347
Is this the best GIF ever created?,3499
What do Pakistanis think about Indian people?,1949
What do you think of the decision by the Indian government to demonetize 500 and 1000 rupee notes?,2419
What do you think about the removal of USB ports from the new Macbook Pro 2016?,2415
What are some excellent signals and system books suggestions?,4839
What makes India different from all other countries in the world?,368
What fruits should I eat for losing weight?,4088
Why do the rich always get richer?,2515
How can I improve my pronunciation in English?,3895
How do I stop eating junk food?,2933
What are the advantages and disadvantages of wearing contact lenses?,3988
Why did Trump win?,2979
What is the expected KVPY 2016 SA cut off?,2115
How can I raise funds for my start up business?,4838
Is it okay for a 12 year old girl to date a 14 year old boy?,4941
How do we start a business?,116
How should one improve one's presence of mind?,4998
Why did America drop the atomic bomb on the civilian population of Japan?,2852
How can I change myself from being an introvert to extrovert?,4225
What AO code should NRIs or OCIs use when applying for a PAN card?,4827
What are some all time good movies to watch?,4715
What are the types of people that you should always avoid?,2258
What are the possible ways to stop smoking?,4269
Could Donald Trump be the Antichrist?,1294
How can I delete my own question from Quora?,3019
How should one start if one wants to become a hacker?,3210
How girls can increase their height after 18 years?,1142
What is it like to grow up with famous parents?,4552
What measures can be taken to increase the height at the age of 18 of a boy?,3275
What is the difference between infrared radiation and ultraviolet radiation?,1532
Do any animals other than humans commit suicide because of emotional issues?,2779
What is the difference between IT and COE courses at NSIT or DTU?,3429
What is your creative New Year's resolution for 2017?,85
How do I increase my savings?,4912
How can a small company grow big?,1283
How should countries prevent war?,105
Can people actively control their emotions?,690
What if I didn't able to clear TCS Lapp exam?,2555
How did rama die?,2771
What are some mind-blowing technology tools that most people don't know about?,1065
What lasting impact have the British had on Singapore?,3902
What exercises can be done so as to reduce fat around hip?,3325
Which programming language should I learn if I want to develop gaming apps?,3137
Who invented the middle finger bad gesture?,470
How does it feel to be a closeted gay in India?,230
What are the best websites to market artwork?,3724
What should I do to improve my English ?,2172
What is your greatest regret in life?,3596
What are the technical differences between CDMA and GSM?,1396
What are some ways to get good handwriting?,1966
How do I become great programmer?,1302
How do you view the Indian government's decision to fight black money by scrapping 500 rupee and 1000 rupee notes?,496
How do you create a blog in Quora?,1513
How do I improve writing skills.?,4237
Is scrapping old 500 and 1000 rupees notes and releasing new 500 and 2000 rupees notes a permanent solution for eradication of black money?,1357
What are the benefits of GST bill for common peoples?,2616
What is a cavity?,2476
What is the best game engine?,4070
What creative and new activities can be made in fun day event in medical school?,2528
What coding language should I learn first for making games?,4051
How can I teach myself how to sing?,295
What are the biological causes of aging?,4307
What is the best site for mp3 downloads?,4306
How can taking Ensure help me gain weight faster?,4137
What happens inside Osho Ashram Pune exactly?,2553
Is it true that the US is funding ISIS?,2132
What is the one thing that made you the person you are today?,3142
What is the best flash player for tablets?,2596
Which one is better to adopt - solid or hollow shaft?,4249
What are the similarities between bicarbonate soda and baking soda? What are their differences?,4121
Who are good attorneys in New York that work with a lot of startups?,1002
What are the tips for clearing Google Summer of Code?,692
What are the advantages and disadvantages of washing your face with cold water?,1787
How E-Wastes are disposed in India?,2197
How do I make reading a habit?,1646
Do schools kill creativity?,1060
What is agape (love)?,1214
What was your best moment?,2433
What do blood type o positive mean?,1379
What skills do I need to be a video game designer/animator?,2869
How much equity should I get as CTO/co-founder?,842
How would you describe yourself in three words?,4232
What are some gerunds examples?,2539
What do you usually wear to sleep?,4669
How do I advertise on Quora?,2645
How do I stop being infatuated with someone?,4509
How can I write to Narendra Modi?,122
What can I eat every day to be more healthy?,3644
Where can I find a good hacker?,2013
Which are some best coaching centers for CA ipcc in delhi?,4624
What is quantum chemistry? How differentiates it from quantum physics?,1658
Which fictional character are you?,2652
Is Jio4Gvoice required for the Redmi Note 3?,2879
Why do people ask questions on Quora instead of Googling it?,4893
Why Tesla is not installing solar panels on cars?,1166
What is Jeffery Kearns' opinion on Khan Academy?,1784
Is time travel possible? If yes? How?,441
How do you become a military drone pilot?,1422
What are requirements I would need to start my own cafe?,468
Which team win IPL 9?,2093
How do I start a successful private equity firm?,192
How will the ban on 500 and 1000 rupee notes bring out the black money of the big shots who have lots of it in the Swiss bank in a different currency?,1556
What are you made of?,3255
What are the expected best upcoming Hollywood movies in 2017?,4134
How do you know if you're in love with someone and might only be denying the fact to yourself?,1628
What do you want more of in your life?,2935
What is the actual source of gravity?,3263
What is your favorite place to travel to?,1534
What are examples of animals that live in water?,2123
Why use Quora if you can google?,3006
How can recession match with the gross domestic product of an economy?,3695
What is wow signal?,3477
Is Malaysia a Islamic country or an Islamic State?,2780
How much funds should I raise?,96
Does alien life exist?,3922
Is declartion statement reuired in a resume?,3290
Can Vitamin C pills cause a miscarriage?,1411
How come the media doesn't cover/talk about Trump alleged raping of a 13 yr old girl trial?,462
Who's your favourite character in the Walking Dead?,743
Why doesn't Hillary Clinton win the White House if she won the popular vote?,3032
How do I calm myself down in anger?,2348
What is the difference between biotic and abiotic?,1014
What is the difference between c++ and Java?,1948
When will Apple release the next generation of MacBook Pros with redesigned hardware?,1495
What is the fastest way to lose weight successfully?,2823
What is the cut off of KVPY SA stream?,4671
What is the difference between Electronics Engineering and Electrical Engineering?,2857
What is part time work from home?,1395
Which is the most inspirational movie ever?,1826
How do I convince my parents to let me wear what I want to wear?,4056
How can you resolve the problem of accounting software tool by quickbooks technical support number?,4329
How can you tell if a guy likes you or not?,400
Where can I found different cupcake flavors in Gold Coast?,1015
Who is the most famous poet in the world?,1154
What will be the impact of banning Rs. 500 and Rs. 1000 on the Indian economy?,1984
How can I stop watching porn?,1176
Why are my questions always flagged as needing improvement?,1425
How do I lose my tummy fat and chest fat?,2484
What are some of the funniest questions asked on Quora?,2657
What are the best daily life hacks one can use to make his life easy?,189
Why do people on Bay Area highways drive so slowly in the left lane?,2339
What are the safety precautions on handling shotguns proposed by the NRA in New Hampshire?,1893
How much does it's cost to build an iPhone?,934
Why crude oil price is decreasing?,804
What is the best way to reduce pollution in india?,276
How can I stop caring about a girl who doesn't care about me?,3052
What is the concept of sustainable development?,523
Have you ever been fired?,302
What are some good free web scrapers / scraping techniques?,177
How to prepare for CA Final exams?,4362
What information (vaguely described of course) have you kept from your partner?,3816
How is Zika virus spread?,173
HOW CAN I WATCH INDIAN TV CHANNELS FOR FREE IN USA?,2806
How can you fix a leaking garbage disposal?,4283
How does banning 500 and 1000 rupee notes help to control black money?,4949
What are some good books for optimization?,2233
What is the difference between training gloves and fighting gloves?,2400
What was the main cause of World War One?,2975
Is it normal I find many users still logged in when I turn off Kali Linux?,3643
What are some pros and cons on Hillary Clinton?,4908
How do I know if someone loves you?,3162
Are rhetorical questions allowed on Quora?,4409
Who won the Vice Presidential debate between Tim Kaine and Mike Pence?,3359
How do I start a conversation with a girl I don't know?,1263
What are the career options after electrical and electronics engineering?,3970
Why is it impossible for physicists to understand in a double slit experiment it is the dark matter that waves?,3682
What movie have you watched that made you think it's life changing?,3363
What does manipulation means?,5
What is the difference between ego and self esteem?,4562
What is the worst thing that someone has done to you and how do you feel about it now?,1097
What is wrong with Indian education system? How can we improve it?,2896
What is the best tangible gift you've ever received?,1729
How do Jews view the Book of Revelations in the New Testament?,2383
What do you think about Modi's new policy on the ban of Rs 500 and Rs 1000 notes?,3882
How far is the Sun from Earth?,1655
Can you survive a shot between the eyes with a 300 Grain HP bullet from an Desert Eagle.50 from close distance?,3908
Does hypnosis work?,1211
How do you differentiate between creativity and innovation?,4666
What makes a programmer good?,169
Can I start a BPO without experiance?,3461
What happens if a dictatorship continues in the present day?,231
How can I prevent myself from zoning out during lectures?,4577
What are some new marketing techniques for language schools?,324
What's the process to start study of IAS?,4282
What is the best way to find the best lawn mowers?,4699
What is the legal definition of Contempt of Congress?,2609
How do you find out whether a hot guy is gay?,4557
Is there bull sperms in red bull?,3193
How will Trump's presidency affect Indian students who are planning to do a PhD in the US?,188
Why the suicide rate is high in Japan?,4421
How can I become a better problem solver? What mindset should I cultivate?,3669
What is the quickbooks customer support phone number USA?,23
Which are some good fiction books I should read?,3445
What impact did British colonization have on Singapore?,3902
How do I become a billionaire in one day?,4766
How can I stop dreaming so intensley?,2907
What's the best investment?,2500
What are the best ways to earn money from home?,683
What are some good school life hacks?,1647
What's the worst thing that happened to you and what did you learn from that?,3432
What all part time work can be done from home?,4458
How is throat dryness associated with diabetes?,1111
Which is the best institute for lern fashion designing in Pune which will give me scope to my skill while I am woking?,1540
Is creating satellite blogs and posting SEO-friendly posts considered black-hat SEO technique?,639
How can I start preparing for ias exam? I have 4 yrs.,4521
Which is the best short story on friendship?,3071
Why MS Dhoni leave captaincy of ODI & T-20?,3488
How did you expand your vocabulary?,4897
Why are dogs considered omnivores?,109
Where can I find best Painter in Brisbane?,1439
What is the story behind the Black Swan movie?,455
Why isn't Latin America considered a part of the Western civilization?,3242
How does an answer get collapsed on Quora?,1940
What are the best mobile phones technology gadgets?,3967
Can anime exist in a parallel universe/multiverse?,1657
Which indian movie has the biggest collection record?,2158
How do I impress the boss's boss?,1096
Why do some people think Activia Yogurt can help you lose weight?,1974
Does vitamin D deficiency cause hair loss?,4545
In the summer how would I dress like a workout guy from the year 1990?,2532
How can I eat food?,2441
What countries are socialist?,429
Which is the best book with which I can prepare for GRE exams..?,3003
What should I do to get rid of my anxiety and my low self-esteem?,1084
What does my kundali reveal about my career?,2176
Should India ban all Chinese goods or anything which is made in China?,1239
How do I come out to my friends?,3393
How can I lose 4kg weight?,4418
How do you get men to ask you out?,4036
Why is Mexico City dangerous?,3425
What are the best blogs about football statistics?,4729
If PM Modi wants to curb black money? Why was the new 2000 rupee note introduced?,4731
What would be your New Year resolutions for 2017?,3567
How many gold will india win in Rio olympic?,2134
How do I find my true self?,4654
What should I do to know my strengths and weaknesses?,4262
What evidence do you need to convict someone of murder?,2413
Does penis size really matter? (and) What is the size of your penis?,951
How can I ask a question without getting marked as ‘need to improve’?,36
Can the existence of time machine is possible?,4161
How can the sum of all natural numbers be -1/12?,3610
Why are console games more expensive than PC versions?,4952
What is the difference between the drama and play?,1800
Why do people answer in Quora?,2053
Which are the best movies of 2016?,238
How do I run a fast 800m?,4472
What are the safety precautions on handling shotguns proposed by the NRA in Pennsylvania?,4440
Is friction a conservative force? Why are most forces conservative?,2153
Where can I find a professional hacker?,1946
Why does some people prefer small families.?,50
Which political orientation does India follow?,1792
Can I use Jio sim in 3G handset phone?,1700
What is the best free antivirus for a PC in 2015?,3398
What is the best way to control our emotions?,2929
Where do I find a simple to understand solution on how to lose weight?,4207
What are some books that expand our mind?,739
How we can enable VoLTE in Lenovo K3 Note?,4194
What do Japanese people think about indian?,3579
Where can I hire professional and skilled painters in Sydney?,1883
What is the evidence of King David's existence?,3254
How can I get rid of my foot fetish?,2252
Can I make thousands a month playing poker?,2916
Can I commit mental disorder disability fraud at age 30 if I have 240k saved up from my job?,4997
How can I break up with my girlfriend?,3950
How do I reduce my anger?,2962
What is the easy way to make money online?,4290
What is a quantum spin liquid?,1972
What should I do to reduce weight?,1308
What are the best places to recommend foreigners to visit in Nepal?,179
What do countries do to prevent war?,105
How do I get my ex back?,270
What are some examples of yellow journalism?,2700
What led to the rise of fascism?,4678
Who is your favourite character in the TV series The Walking Dead? Why?,743
How do you compare and contrast the properties of acids and bases?,1742
What are good ways to overcome nostalgia?,1435
Can Narendra Modi become Prime Minister of India in 2019?,82
Who won the 2nd presidential Debate?,3505
What makes a perfect steak?,2265
As a third year btech student what should I do to start preparing for ias exam?,2699
What are the resolutions you are going to take for the upcoming New year 2017?,4406
Where can you buy oil for rain lamps?,4520
What is the molecular orbital?,1297
Is there any chance of World War III?,4523
What are the best free Online Resources for learning German?,3953
What is Systems Analysis? What are the principles of Systems Analysis?,4988
What's it like to have siblings?,4328
How can medical doctors move into biotech or molecular biology?,817
How do you log in to Facebook if you forgot your password?,4173
Is sex addiction a real thing?,2853
Why do so may people ask questions on Quora that can easily be found by a simple Google searh?,4737
How do I delete my question from Quora?,605
What's the workflow or process for UI design?,2834
What is the best college major to have?,3847
How can I use a bike in a different state without changing the registration number?,3649
How can I speak English fluently and fast?,3692
Does a black hole have a finite mass?,41
What was the worst thing that happened to you for being nice?,2033
How can I recover my Gmail forgot my password and recovery no?,2136
How can I improve my spoken English?,3602
What is the best way to learn everything in a textbook?,1927
How can I read my husbands secret WhatsApp messages without using his phone?,3855
How do you reupholster your own car seats?,2683
What is e (exponential)?,2512
Does anyone know of an Instagram monitoring service that will allow me to access Instagram accounts of users with private accounts that I follow?,3753
What are your top three favorite books and why?,3949
How can I make money from a blog?,4034
How do I sell on Amazon?,155
Why does Quora always marks my question as needing improvement?,1907
What is the best way to get mental peace?,4598
How exactly does banning Rs 500 and Rs 1000 notes curb the problem of black money?,4114
How do I become motivational speaker?,3630
What are some of the withdrawal symptoms of stopping heavy marijuana use?,1870
Who is the better candidate for being the President of the United States of America: Hillary Clinton or Donald Trump?,1519
Why do so many people on Quora brag about their IQ?,1030
What are the benefits of Joint Family?,882
How do I know if this girl likes me?,1793
How can I earn from online?,683
What workout attire would guys wear in the summer like it's the year 1990?,2532
What are some epic one liner?,4996
Can you survive a shot between the eyes with a 300 Grain HP bullet from an Desert Eagle.50 from close distance?,3943
Which country constitution is ideal democratic constitution?,4886
Where can I get solutions to H.K. Dass problems?,2457
How can I increase traffic to my website using social media?,4250
What's the one thing you think about when you wake up?,527
What are the best self-help books you've ever read?,4519
Which are best mobile phones to buy under 15000?,115
Why is Youtube not working on my iPhone? How can I fix this?,1440
What is Introverted Intuition?,451
Is there any evidence of alien life in space?,4129
Which do you find better: Beretta 92FS or Glock 17? Why?,3883
Who will be a better president Donald Trump or Hillary Clinton?,3642
What should I ask my client when building a website?,2768
What are the safety precautions on handling shotguns proposed by the NRA in Mississippi?,3878
How do I download free music?,1119
Should you post picture on social media?,319
Where can I get quality support to make a successful property transaction process in Sydney?,4170
Why would anyone vote for Hillary Clinton?,3750
What are the best logos ever created?,1579
Which is the best laptop I can buy in india for Rs.25000-30000?,3810
What are part time jobs that can work from home?,1679
How will be the banning of 500 and 1000 rupees notes will have impact on real estate and Construction industry in India?,2672
Why did you specifically vote for Donald Trump?,1567
What are some of the best gaming laptops under rs 60000 that are available in india?,4215
HOw do I speak Fluent English?,1578
Why do Italians speak with their hands?,2228
What if I would sleep for 2-3 hours every night?,3673
How does eukaryotic and prokaryotic cells differ?,2341
What do I do when I can't control my anger?,2962
What are some substitutes for butter?,976
How do you train Dachshund/Lab mix puppies?,3663
Which are some of the best philosophical books?,4462
What are the five worst movies ever made?,3392
What is the best website for freelancing?,2475
How many agree that families should be allowed to have only one child in India?,906
What's the average conversion rate for online retail store traffic?,1275
How do Europeans feel about Americans?,4925
How can I increase my presence of mind?,217
How can I control my emotions and actions?,2642
Do we have proof for extra terrestial life?,3932
What's it like trying to remember a face if you have prosopamnesia?,3686
When was the last time you felt completely stress free or happy?,1989
Which are 10 best novels one should must read before die?,3881
How do I find a lost phone?,2668
How do I stop caring so much about what other people think of me?,1298
What are some ways to preserve driftwood?,3410
How do I stop addiction to porn?,876
How could I improve my English?,3814
How do I study to get distinction in MBBS first year?,3845
Why Mahatma Gandhi didn't get Bharat Ratna?,1108
What are the safety precautions on handling shotguns proposed by the NRA in Kansas?,2254
What are some effective ways to curb your anger?,2927
As I heard that currency was in printing 6 months ago then how can it has Mr. urjit Patel's signature as his name was announced on 23rd August?,3225
Is there a way I could learn to play the piano?,1293
How do airline pilots handle turbulence?,2918
What do you think of the decision by the Indian Government to replace 1000 notes with 2000 notes?,4025
What is the best anime series everyone should watch?,3612
Is there any good guessing app game for 2 players or more?,2345
Which is the best mileage bike in India?,4463
What should I do to improve my English ?,663
How I can speak English fluently?,4126
What are the best laptops for under 60k rs?,3844
What does it take to have charisma?,4268
What's your current favorite song?,3965
What went wrong with Cyrus Mistry as Tata Group chairman and why was he ousted?,2264
What is endocrine system?,2738
Where do I find 3ds emulator for android?,183
Which is the best laptop to buy now?,4396
Why does salt melt ice?,1233
Which one is the best Hentai pay porn site?,4195
What do you think of the decision by the Indian Government to replace 1000 notes with 2000 notes?,2932
What is the best Grand Theft Auto?,1089
Is it right time to associate the car with Uber Pune?,678
How do you delete an instagram account when you don't remember the password or username?,3366
What makes a good software developer?,3842
What happened in the Industrial Revolution?,2090
How can I get into the BCCI?,4947
Will digital marketing a good course to learn?,1667
Which is best online coaching for SSC CGL?,3864
What are your views on Supreme Court decision of must National Anthem before movies?,3563
Why is no one answering my questions in Quora?,44
Does Donald trump have artificial fake hair on his head?,4796
What are power dynamics?,4077
What are some tips to prepare for the GATE?,1398
What do you mean by open market operation?,1056
What are Hillary Clinton’s qualifications to be President?,1704
How can I pass the GRE exam in physics?,1008
What trivia (and/or little-known facts) do you find interesting about Antarctica?,1533
How early should I start UPSC preparation?,4091
Why was particularly November chosen for No Shave November?,1921
What is a great resource for business case studies?,3906
What's the best way to become a good writer?,3980
How should I increase my height?,4276
How does the declaration that Rs 500 and Rs 1000 notes would not be accepted as valid transactions affect real estate in India?,668
How can I learn English well as a Chinese student？?,385
What should you do when an ex contacts you?,3183
Have wizards been scientifically tested?,4499
What are some best places for a solo trip in India for someone who is finding peace?,4075
What is the fear of commitment and how to you get over it?,932
How do I speak English like celebrities?,513
When will India host an Olympics?,2455
What the purpose of life on earth?,4559
How can I be feminine?,2543
How can India be a secular century when there is no Uniform Civil Code in place?,616
How can I solve arcsin (x^2) / x^2?,2923
What is the best source to learn Python?,2324
What is the difference between Chinese culture and Western culture?,3167
What qualities and qualifications are required to be a CEO?,4661
How I earn money from Facebook?,3820
What should you never reveal in a job interview?,3539
How do I become a pilot at low cost?,2497
What will happen if electrons get crashed into into the nucleus?,4227
Is Emma Watson a natural blonde?,2034
How do you invest money in real estate?,3012
Why do people believe in flat earth?,2066
Which is the best PMP Certification course provider in Bangalore?,282
What are the difficulties people face while learning programming?,1295
How are humans different from other animal species?,3024
Who viewed my video on Instagram?,4371
What's your opinion about the decision on removal of 500 and 1000 rupees currency notes?,2906
How can I become creative?,3288
What are some of the basic minerals found in Nigeria?,4049
How did you become passionate about studying what you're passionate about studying?,2394
What do you think about RBI's new move of banning 500 and 1000 notes?,4025
Can India become cashless?,1127
What are scraping techniques?,177
Which is the best platform to learn online and get knowledge + certification for Digital Marketing or every course in general?,4064
While traveling from US to India which Airlines allow maximum luggage for an economical class traveler?,2674
Where can I get super high quality photos for any photo booth services in Sydney?,4561
What is your weirdest dream you remember?,1082
What are Mutual funds? How do they work?,260
Do pro sports teams pay for families to travel with them?,4420
What was the best experience of your life?,2944
How do I become an ethical hacker?,3149
When/how did you realize you were gay/bisexual? Were you in denial?,2291
How is it to fall in love.?,562
Why Cyrus Mistry has been removed from Tata Group?,1520
What books should read?,1099
How do I make myself more productive?,4325
Why should we use Quora when we can Google everything?,4041
How do I convince my parents for a love marriage when they have completely misunderstood my boyfriend?,1541
How do I lose weight fast?,3618
How many attempts can a person make for GATE?,3735
How can I turn 13 million into a billion over 10 years?,4473
Does marijuana cause cancer?,4933
Why do certain Internet videos go viral?,1873
Who is/was the most underrated actor/actress in Bollywood?,1115
Who has the most followers on Twitter?,3827
How do I recover my iCloud password?,576
Why are smiles infectious?,2587
What is the way to reduce the fat on belly?,984
Has life been found on any other planet?,2226
What is triple talaq?,1913
Why do rockets look white?,7
Can u get pregnant the day after your period ends?,4944
How can I get mentally strong?,3458
What is sensex? What is nifty?,4712
What is the easiest way to spy on someones phone without them knowing?,2417
Where can I get my Apple iPad screen repaired?,2615
Where can I get list of stylish collection of designer floor tiles in Sydney?,2224
How can you delete your Yahoo Mail ID?,703
How do you motivate yourself to study?,1725
Will there ever be a cure for diabetes? Why or why not?,2936
Does birth control make your period lighter? Why or why not?,2188
Can I ask questions in Hindi in Quora?,4764
What are the best way to increase website traffic organically?,4414
Does swimming increase your height in twenties?,1857
Does it turn off a guy to drink 2 4lokos in his car before going into a bar?,3600
Why am I jealous?,2643
Quora: How to ask question on Quora so that it wont get marked as needing improvement?,634
What are some interesting facts about Bengaluru?,235
How likely is it that Johnson and Stein will be on the debate stage with Trump and Clinton?,2098
What is it like to rapidly go from being poor/middle class to incredibly rich?,1324
What is the worst that could happen with Trump being president?,2972
Academic and Educational Advice: What can I do after completing bcom?,4162
Can skipping increase your height?,594
Should I include other skills in my resume when applying to development job?,3565
Which is best incest movie?,1438
What are the best dance classes in Hyderabad?,1427
How does one move from the UK to the US?,2731
Why do Indians care so much about what other nation's people think about them?,3234
About the country－Japan? (in japanese),3759
How can I remove screen overlay on my j7?,3169
What are the differences between 1080i and 1080p resolution? What are the similarities?,4050
What is the best european country to start a business?,848
How can I find a startup mentor?,582
What are some of the uses of radioactive isotopes?,4904
What is something you believe that almost nobody agrees with you on?,4783
Did Hitler commit suicide?,3081
Howdo I get into Stanford with a poor GPA?,3849
Are any investigations launched at rappers/artists after they rap about selling drugs or other illegal activities?,3431
Why do wheelchairs have slanted wheels?,2272
What are some special cares for someone with a nose that gets stuffy during the night?,9
Why don't educated Chinese people revolt against the communist rule and bring about democracy in China?,4781
Do Indian girls like to give blowjob?,3660
How do I lose weight without doing exercise?,2063
What is the evidence for and against the existence of the historical Jesus?,262
How do you earn money on Quora?,4339
What is the best digital marketing course online for a beginner?,3905
What do you think about Brexit?,2138
Can Quora quote the improvements needed in the questions when it is marked as 'Needing Improvement'?,2097
What is going to be the fate of Indian economy if Indians stop buying Chinese product and the whole trade between India and China comes to an end?,1202
How should I teach my mom English?,1580
What are some clever names for thrift stores?,2659
How do you add subtext to a question using a PC?,3512
Do I need any previous knowledge of Star Wars franchise to see/appreciate Rogue One: A Star Wars Story?,853
What is there in the friendship between two boys that girls adore?,2988
How can you overcome food allergies?,1998
How did Adolf Hitler kill Jews people and why?,1848
Is it true that nobody has ever died due to smoking weed?,3335
How do I flirt with girl?,4773
How do I get meth out of my system in 3 days?,4133
Why was January first chosen to be the first day of the year?,2040
What is the most effective way to remove stretch marks?,3764
Are Hillary Clinton supporters worried that she's a war hawk?,903
What's the best way to cure cold and cough?,4785
How can we view private Instagram pictures without following them?,4959
Why my question was marked as needing imrovement?,36
How far is Nostradamus predictions true?,1521
What is “decanting” in chemistry?,2038
Which are the best apps for education?,1581
Who is the best artist?,4055
What is the wonderful thing that a complete stranger has ever done for you?,3264
Why did you vote for Trump?,1766
Does masturbation in males lead to sexual infertility?,2095
Is there anyone else who thinks Star Wars is overrated?,4342
How can I be a ethical hacker?,3149
How does the mind work?,1954
Do you support reservation in private sector in India?,1408
How come on some answers on Quora it says cannot add comment at this time?,797
What was the best episode of Friends?,981
What are all the signs that girl likes you? What are the best of them?,4722
Which is the best hindi movie in 2016?,2698
Why does Dubai Police drive fast car?,369
How can you find your true self?,4654
Why do people ask stupid questions on Quora that could be easily answered by Google?,2248
Can male muslim date a foreign girl?,1219
How do I hack or spy on someone's WhatsApp conversation remotely?,3159
What do Trump supporters think of his Cabinet picks?,963
What are some ways to delete my Yahoo Mail account permanently?,557
How do I get my ex back?,1197
Can bad memories be nostalgic?,4447
How do I know if the girl am dating online truly live me for real?,272
Who was Pancho Villa? How did he die?,1961
How can I delete Facebook messages or Conversation?,868
How can a cactus survive in a desert? What are its adapatations?,3830
Who is your most favourite TV series character? Why?,4415
How do you see the PM Modi’s move of banning old 500 and 1000 rupee currency notes?,4327
Which will be the best day of your life?,3651
Why is it that every time I ask a question in Quora it tells me that your question needs improvement?,979
Who's the best artist ever?,4055
Why do people ask basic questions instead of searching them?,3465
What is the best Bollywood movie you have watched?,2987
How can I lose weight quickly in 2 weeks?,4555
What are some worth watching hindi short films on youtube?,2765
How do I ask my ex to get back together?,270
Was Akbar Really Great?,2247
What should be the first programming language learned to develop games?,4051
Is Donald Trump mentally ill?,1234
Why is calcium sulphate hemihydrate called plaster of paris?,2331
What is your biggest regret in your career?,3491
Do dating apps and sites really work?,1122
How do I manage authentication on Laravel microservices?,1643
Do girls have fake account in Facebook bearing male names?,1642
How can you register a Maltipoo at the AKC?,473
What does Home country mean to you?,4836
Why is Cricket not popular in US even though it was a British colony?,924
Why and how is 0! =1?,2673
What makes you feel happy today?,1663
Is it illegal for Hillary Clinton to become president because her husband served two terms?,4144
How do I recover my Google account?,2203
What has been one of the best decisions of your life?,465
How can I find cheap flight ticket?,4370
What are the best ways to promote Udemy courses?,942
Why is the chance to survive a shot between eyes with a 300grain HP .50AE Desert Eagle almost nonexistent?,3943
What's the best political system?,4917
Who has the most followers on Quora?,2312
How do I stop being over possessive for a person whom I love?,56
How can we flirt with a girl?,1138
How will Indian GDP be affected from banning 500 and 1000 rupees notes?,107
What is your review of the new iPhone 7/iPhone 7 Plus?,2887
How do I delete my questions off Quora?,572
What should I do to avoid depression and anxiety?,124
What's the best it company to work for?,1903
What can one do to relieve severe chronic pain?,394
How do I learn deep learning?,1333
Why don't some white people think they don't have white privilege?,2390
Should I commit suicide? Read description.,4999
Can people dream while they are awake?,370
What is the difference between who and whom?,4990
What are radio waves?,3368
Does eating Kellogg womens K in breakfast help you lose weight?,2955
How can I make the best of my B.tech life?,3226
Is Zee news a BJP owned channel?,512
Can skipping increase my height?,1024
How much is the truth that the new high denomination currency of India are being embedded with GPS nano chips?,567
What are the companies that conduct workshops in colleges?,4647
How can green tea help you reduce belly fat?,3707
I am interested in a fashion designing programme. Which are the best institutes in Pune?,1540
Is there a way to download videos from Facebook and Youtube?,2043
What is the worst that will happen to America if Trump becomes president? What if Hillary does?,2972
What are peripheral pulses and how do they work?,3619
What are the advantages of federalism?,4507
What's the next number in the series 1,298
Which is the most beautiful college campus in India?,3168
Which is the best way to learn hacking?,2495
How can I move my music from iTunes to my computer?,2452
What is the best way to delete a computer virus?,4798
How do I apply for a gas connection in Bangalore?,3530
How can I see my very first written answer on Quora?,4935
Why do people on Quora ask silly questions about the facts which can be googled very easily?,3749
What are some books to expand your mind and increase intelligence?,739
Why does Harry Potter wear glasses?,1718
What is the full procedure to do research while doing MBBS 1st Year?,4697
How do I overcome clinical depression?,2667
Does long distance relationship works?,2054
Why is it so hard to get over somebody?,3365
What is the Land Acquisition Act?,4879
How do I change my Facebook profile name?,3872
How much of a monthly salary is good to live in Mumbai decently with family and be able to save?,4079
What are the chances of a nuclear war between India and Pakistan?,4365
What kind of girls do boys really like?,3990
How much bigger can a male bicep muscles get than a female's?,558
What is the nicest thing a stranger has done for you?,419
My life got destroyed for absolutely no reason. What are some ways to kill myself?,2945
What is the use of structures in C?,1917
How do I make friends once and for all?,1709
Why Supreme Court directed all cinema halls across the country to play the National Anthem before the start of a film?,1457
How should I control outbursts of emotions?,1507
What is the most painless way to commit suicide?,1756
How can I improve my concentration to the best?,1588
How can I learn any new language quickly?,4804
How can you round a number to the nearest integer?,2261
Is smoking unfiltered cigarettes significantly worse for your health than smoking filtered cigarettes?,2461
What do you think about the first presidential debate between Hillary and Trump?,3480
What is the best way to gain mental peace and satisfaction?,4598
What is the difference between ego and self esteem?,4364
How can I make people want to be with me?,1691
How do I get rid of acne and its spots?,3229
How do I earn money from the Internet?,2253
What are some of the best tourist places to visit in Chhattisgarh?,672
Was Steve Jobs an inventor?,2439
Why do people think that they are better than everyone and everything else?,891
How will the scrapping of Rs 500 and Rs 1000 notes help in reducing black money and corruption?,4465
How do YouTube pay YouTubers?,1570
What can be the most insane ways to commit suicide?,4665
What are the early and common signs of pregnancy?,1506
Can we pursue biotechnology after B.tech in mechanical engineering?,3781
How can I make money from my car?,706
Why don't some peoples answers have a place to comment?,640
Can India defeat China in a full-fledged war?,3085
Can you get pregnant one day before ovulation?,1020
Will Google purchase Twitter?,500
How can I learn to speak a fluent English?,2871
What are some of the best things to do on a visit to Bhutan?,3828
How many ways can we create an object in java?,733
What do you love about China?,929
How do I can stop hairfall?,214
How safe is bungee jumping?,2259
Which laptop is best under 25000?,2817
Why do people believe in God?,4297
What gives you hope during tough times?,592
What's your JEE Mains score?,4679
How is suicide squad?,2684
Why my answer was collapsed?,1940
How do I help a family member who is becoming increasingly depressed?,3836
How do I speak English fluently at an interview?,3692
Has Pakistan become a safe haven for global terrorism?,213
Why is my puppy afraid of cats?,2947
What is literally the most fastest way to make money?,391
Is there a war coming?,4318
How does it feel to tongue kiss as a women?,4732
From where can my capital injection originate?,2356
Are there any website like Quora?,215
What do Chinese think of Donald Trump as a leader?,4655
Who changed you to a better person?,3548
Where can I get an unique taste for cupcakes in Gold Coast?,590
What is the best way to exhale scream?,4610
Is there any need for reservation in India?,3361
What are the east way to hack whatsapp?,785
How do I get back the deleted messages from Facebook?,4570
What is a Gabor filter? What is it used for?,2905
How is the word 'ubiquitous' used in a sentence?,1128
What is most embrassing moment of your life?,1336
What are the best restaurants in Silicon Valley overall?,750
Why do I lose interest in people so quickly?,2925
Where will the next major war be fought in the next half century?,3148
How many original disciples did Jesus have? What are their names?,4115
I forgot my Facebook email and password how can I log in?,1323
What is the salary of IIT teachers?,1990
What do the Chinese people think about India?,3422
What is the best programming language to learn in 2017?,2881
What dog breed would be ideal for a first time owner living in Mumbai?,4085
How can I lose 10 Kilos?,2003
How can I avoid someone who's negative without them thinking that I am blowing them off?,3495
What is the best way to get investment for your startup?,2494
What is the importance of love in my life?,1328
What are peripheral pulses? Where are they located?,3619
Is math an art or a science?,351
Which languages have been profoundly affected by Low German?,404
What is the best niche for drop shipping?,4537
How do I become the best at everything I do?,2047
What does it mean when your crush asks you for your photo?,1480
What were the causes of World War I?,1887
What goes through your mind when you are about to give a speech on television in front of millions of people watching you?,2216
How do I tackle AIIMS or neet physics?,2144
Can earth's magnetic field be used to produce electricity?,2462
Is it important to have a girlfriend?,3786
How do I stop overthinking situations in my relationship?,437
Why do aurora borealis appear?,2205
How will the ban of Rs 500 and Rs 1000 notes affect Indian economy?,724
Is world war 3 likely?,4523
How do you get over feelings of loneliness and depression?,4426
What is the best answer according to you when a recruiter asks why are you leaving your current company?,2693
Has there been scientific evidence that ghosts exist?,685
Iphone 6S or One Plus 3 which one should I prefer to buy?,4203
How can we do astral travel?,2998
How did you learn to speak English?,3765
How is Narendra Modi as a person?,732
Can you share any unusual experience?,2350
Why is liberal arts education considered to be bad?,1073
What is the best excuse to explain a gap (of one or two years) in your job career for a job interview?,104
What is the Black Hat SEO? How does it work?,4640
How do I extend Google Drive storage capacity for free of cost above the first free 15 GB?,995
Does a long distance relationship really work?,3174
What does being in love feel like does love even exist?,4895
How will the ban on Rs 500 and 1000 notes impact the Indian economy?,645
How much does investment banker earns?,598
What do people around the world typically wear to sleep?,4669
What is your greatest professional achievement?,1687
What are home remedies for hair loss?,4494
What does Netlogon do?,3859
When do I start preparing for the UPSC exam?,1754
How can I sync iTunes to my iPod if it doesn't do it automatically?,3057
How do i lose weight?,608
Which citizenship is the easiest to obtain and how?,1212
What are some things you shouldn't do or say in a job interview?,3539
Why do bad things seem to happen to good people?,1681
What adventure activities are there in Singapore?,4889
Can you get high by accidentally ingesting a few tiny specks of weed?,4662
Is there prime minister in china?,2372
How do I deal with social anxiety disorder?,1178
What is the embarrassing of your life?,3435
Are most blind people fully blind?,357
What are the most unnatural things that happened to you in an interview?,1780
Does having bad teeth kill someone faster?,815
Which university has the most beautiful campus in India?,3168
How will I open account in Quora?,2083
How do people live in North Korea?,4013
What is a higher study option in environmental studies after doing an MSc in biotechnology?,3688
Why did the Jews rebel against Roman government?,1572
Will Trump will make a great POTUS?,3558
Who invented and designed the human heart?,3126
Which is your best gadget?,1276
Is Trump the anti-Christ?,2237
Can someone see if you have viewed public Instagram?,2821
What are the layers of atmospheres?,3573
What are the biggest strengths of The Indian Army?,728
How do I be mentally strong?,1240
Is it possible to get pregnant if a couple is trying just 4 days before her menstrual cycle?,1271
Is it possible to get out of the friend zone?,3501
Who are the founders of Quora?,4272
Is Scientology bullshit?,352
What the difference between western culture and Chinese culture?,676
What are arguments in favor of Israeli settlements?,793
What are the best places to visit in the world?,3985
What would be the possible impact on Indian economy after cancellation of 500 and 1000 Rs notes?,4286
What is the best way to use condom safely?,3204
What can I do right now to help the people of Aleppo?,597
What are the best lyrics of Bollywood?,1936
Why does Quora always mark my question as needing clarification but does not specify the reason?,3543
Is 2000 rupee note really not going to come with chip?,1185
What did it feel like when you first had sex?,1079
In which countries can dogs travel on public transportation without a muzzle?,3243
Why is it difficult to create an IRCTC account?,3752
Digital Marketing colleges in India?,3905
Is a mental illness a choice? Does someone decide to have one or not?,1452
How will Trump's presidency affect prospective international students from Syria?,2231
Can I patent an app idea?,1575
How can one start a bakery business?,1133
How do I become a narcissist?,3856
Can Moral Policing ever be stopped in India?,4120
Why are Indians so obsessed in knowing thoughts of other countries about them?,898
Are there any supplements out there that actually burn belly fat and lower body fat?,1362
Which is the best business to do in India with less investment for youth?,3671
Does Facebook messenger use long polling or websockets?,348
What is the true health status of TamilNadu CM J Jayalalitha?,822
Can I increase my height at the age of 17?,2980
What is the typical beginner's salary in Germany for a mechanical engineer (Master) from one of the TU-9?,3620
What is the mitochondria? What is the main function?,3100
What do I do when I have failed at every aspect of my life?,2189
How can I join Indian army after BBA?,1139
How can impress a girl who hate me?,412
Are there any famous people with low IQ's?,459
Which is the most powerful country in Asia and why?,4747
Did the Nazis genocide slavs to give free land to Jews?,2939
How much is Facebook worth?,2581
What is Atal Pension Yojana? Who can join Atal Pension Yojana?,1149
What is the likelihood of war with Russia?,859
How should I write letter to Narendra Modi?,2480
Which language is the best for web development?,2548
How can you compare and contrast transitive and intransitive verbs?,4467
What do people hate about LinkedIn?,4026
Should I drop 1 year after a BE for CAT preparation?,949
Do you believe everything happens for a reason?,3952
What are some of the strangest addictions ever?,1516
What are some alternatives ways to lose 30 pounds in 1 month?,1732
Is there any formula for finding nth prime number?,2521
Which are some of the interesting facts about Antarctica and what are the research works going on in Antarctica?,1533
What is the source of gravity?,3263
How do I potty train my two-month-old Labrador pup?,3733
My parents won't let me wear ripped jeans. How can I convince them to let me wear my own style?,4056
Why Supreme Court directed all cinema halls across the country to play the National Anthem before the start of a film?,3563
Definition of specific gravity?,2227
How can I get a job in RBI?,4345
What did you write in your admission essay for college?,1808
Are Muslims allowed to celebrate Christmas?,3305
What can India do to support the people suffering from civilian war in Syria?,950
How do I learn German grammar?,4646
Was the decision by the Indian Government to demonetize 500 and 1000 notes right or is it a big scam?,746
How much effect can banning of ₹500 and ₹1000 notes have on people having black money (won't have they invested their money in areas)?,1776
How can I log in Facebook without password?,1323
How electricity generated from water?,1586
How can I find all my old Gmail accounts?,1797
Can you be a sociopath with more psychopathic traits?,362
How do I memorize faster?,2249
Which celebrities are there on Quora?,4777
Can someone hack my smart phone using WhatsApp?,785
What is potential differential and why is it important?,1377
Can you change the team in Pokémon GO?,1221
How can I become a Top Writer on Quora?,4450
What does an interior designer do?,1039
What has been your most embarrassing moment from childhood?,3982
Where can I find a legitimate Nintendo 3DS emulator?,3011
What is the easiest way to lose weight faster?,2074
What's the difference between speed and velocity?,4812
How do I refuse to chose between different things to do in my life?,54
What are the reasons why my cat is meowing non-stop?,2793
What is the effect of demonetization of 500 and 1000 rupees note?,943
What are the 7 wonders in Chhattisgarh?,4402
How do I hack a Gmail account of an unknown person?,985
Is CNN biased against Trump?,1939
How do you cancel a Proactiv account?,3426
Why doesn’t anybody answer my questions on Quora?,1376
What are the ways to commit suicide?,3035
Which is better iPhone 6s+ or iPhone 7?,2119
What is the best programming language I should start learning?,1287
How do prepare for IAS for a fresher?,2535
Why is it a No Shave November?,4457
What are traditional British dishes?,2103
How do you compare and contrast the properties of acids and bases?,387
What are the best ways to promote a software?,2604
How can you speak and learn fluent English like Karan Johar?,3318
What are the good career option after b.tech in electrical engineering from an NIT?,3240
Can I learn Oracle Courses at home?,2984
Is time travel possible after the discovery of gravitational waves?,4190
How can stop suicide thoughts?,1445
How can I get started to learn information security?,68
Why do people say Dhanush (South Indian actor) is ugly? I don't think so?,1367
Why do I love her?,1771
What citizenship does a person get if they are born in international waters?,4919
What are some ways to improve English?,4568
How can I learn to speak a fluent English?,941
Can you get high if your outside and someone is smoking weed like 20 feet from you?,2112
What is the best way to commit suicide?,811
What was the poll tax? Why was it unpopular?,987
What does Donald Trump's victory mean for the graduate students from Islamic countries?,4274
How do I develop the habit to read more often?,3730
Does penis size really matter? (and) What is the size of your penis?,2735
How can I develop an Australian accent?,1492
What are ways to make money online at home?,3542
What is the best introduction to computer science books?,1965
What are some of the most used apps on iPhones?,4673
How do I learn strumming on a guitar?,1131
How do smart and successful people control their emotions?,3871
How do I Find a persons real name with a picture?,1711
Do Mexican and Indian food have much in common?,4067
Which is better: reading manga or watching anime?,2281
How did you learn to speak English?,1932
Why should someone buy an iPhone?,3446
How do you quickly recognize a manipulative person?,1404
How can I get a green card?,2563
Why does the caste system persist in India?,565
Have you ever taken revenge? How and why did you take it?,2836
Which country has highest gold reserves?,2922
What is so special about ARRI Alexa Mini?,1470
How can I start my startup?,749
Why do people hate twilight saga?,220
Is Flipkart better than Amazon in India?,3755
How can I enjoy my own company?,2151
How do I become rich?,2912
Which is the best institute for a distance MBA in India? Why?,2792
What makes a great cup of coffee great?,232
Who do you think won the second 2016 Presidential debate?,3505
How can I make money with my 3d printer?,401
When will the improvement exam form of CBSE 2017 will be out?,1619
How do I increase YouTube traffic?,4375
How can I speaking fluently speaking English?,4366
What led to Cyrus Mistry ouster from TATA GROUP?,1591
What are the signs and omens for eye twitching?,4255
How do you make melodies?,4427
What are the fastest ways to increase height?,4405
Why do people resort to bullying?,1198
Would you want to know how you'll die or when you'll die?,686
What were Hillary Clinton's positive achievements as Secretary of State?,382
What's the best method to control anger?,4313
How do I get clients for my software startup company?,571
What do I do to make my hands fair and soft?,4028
What is human body made up of?,3255
Does our mind control our emotions?,4703
How can I lose weight loss?,4155
Is it true that you can't donate blood if you've got a tattoo?,2330
What is your opinion about Chetan Bhagah's One Indian Girl?,3416
Would a black hole be the exit of this universe?,3616
What function do the mitochondria serve?,4181
Why is Saltwater taffy candy imported in Germany?,4082
What are the best interview questions ever asked?,306
Can God make a stone so heavy that He can't lift it?,2761
How do I learn Wordpress Development as a Frontend Developer?,3944
What are the worst things you have done at work?,2204
Do you think it's right to bring up your child into this messed up world?,2843
What were the immediate and most important causes that led to World War 1?,1887
Can the world's oil reserves be depleted?,1680
What is the most effective online dating site?,4241
Who made you realize you were gay?,2547
What can be the most insane ways to commit suicide?,343
How would I dress like a workout guru from the year 1990 in the summer?,303
How can we earn money online without investment?,3542
How do I lose body fat quickly?,2311
Can I make money online without investing?,4546
What do Greeks think of Italians and Italy?,3715
What is the best way to set up an online store for a single product?,4677
What's the best Tor Browser app for iOS?,3851
What is the best rock band of all time?,2832
What is difference between net and gross income?,283
What's going to happen in the nearest future in Turkey?,4024
Where can I get best designing and printing services in Sydney for envelopes?,2363
Why is the implementation of Uniform Civil Code important?,616
How can I keep myself motivated to hit the gym everyday?,416
Does masturbation cause loss of memory?,4931
What made Tata group chairman Cyrus Mistry to quit?,588
What's the sole purpose of life?,2240
How can we learn new things quickly?,2636
What are some good inspirational movies?,4875
Why Are UFO Sightings Increasing?,4400
Health: If you stop eating will you lose weight fast? Is it safe?,3857
What do you think of the decision by the Indian government to demonetize 500 and 1000 rupee notes?,1095
What are the ways to learn about stock market?,3805
What is the one secret you can never share with anyone?,3571
How can I stop my porn addiction?,3726
How can I improve my spoken English?,3814
Do all muslims hate Prime Minister Narendra Modi and RSS?,4582
What are some tips for someone trying to teach themselves to sing?,295
What are the best ways to deal with conservative and conventional thinking parents?,2837
Where can I find Panasonic Service Center in Hyderabad?,1474
Are Indians so obsessed with the notion of religion and caste?,845
How can I lose weight ?,4387
Is there any way to increase height at the age of 17?,2980
What's the nicest thing someone has ever done for you?,2552
How do serious Star War fans feel about the plot similarities between The Force Awakens and A New Hope?,4768
Is there any way to get rid of gynecomastia?,224
Is India really progressing under Narendra Modi government?,1560
What are the best available technology gadgets?,641
Is it possible to earn two PhDs at the same time?,4287
Who is the richest man?,4911
How are long distance relationships maintained?,2926
Why did Quora deleted my question?,3736
How do I get to the dark web?,1910
How do I use condom?,2307
Where can I get quality assistance in Sydney for any property transaction?,960
Is it right to having sex before marriage?,3929
What are some mind-blowing gadgets and technologies that exist that most people don't know about?,1483
Where is Top level escorts in Lahore?,4930
Has wizard magic been scientifically tested?,307
How does PayU earn money?,2436
What are the best high school physics textbooks?,3624
What is the best way to reduce abdominal fat?,984
Is it possible to invent the time machine?,583
What should I do if I have a cat scratch under my eye?,481
What are the programming languages and frameworks used by top startups?,2902
What is the best book on self-development and leadership?,1977
How can we save Arvind Kejriwal from Modi (as he might get him killed)?,964
Why do some people think Hillary Clinton is a serial liar?,3924
What might cause a brown discharge during the menstrual cycle (before/during/after menstruation)?,789
What are your views on the supreme court's decision to make playing national anthem mandatory in cinema halls?,1093
Do animals we eat have feelings?,2920
How will the ban on Rs. 1000 and Rs. 500 notes impact Indian economy?,4476
What's the basic difference between human intelligence and animal intelligence?,3323
How do I make new friends after college?,2321
What are the novels that one must read in their life span?,3881
Can hair dye help pass a hair follicle drug test for daily meth smokers?,133
What is an exclamatory sentence?,2556
How do I study well without getting distracted?,3391
What is the operation quality?,505
Does planning your life ever work?,4330
How can I improve my Math?,2337
How do I my increase memory power?,2560
Do Syrian Christians in Kerala have Jewish ancestry?,1849
How can you write a reflective paper about yourself?,3218
I am in first year. In which direction should I start my preparation to clear for IAS exam?,2699
What is the best answer to why should I not hire you?,808
Why is Saltwater taffy candy imported in Japan?,698
What is polytropic process?,3559
How can I be selected in mit?,2635
How do I become a wildlife photographer?,1321
How much time do people spend on Quora?,497
How do I stop feeling guilty for no reason?,1565
Does global warming exist?,563
Why do you read a book?,4667
How can one overcome porn addiction?,1769
What were your experiences when you had roll no. 1?,3462
What is civil engineering all about?,1968
How do I take a screenshot on my MacBook Pro? What are some instructions?,58
How safe is for you to starve to lose weight?,1504
Is it ok to feed asparagus to dogs?,3343
How helpful is QuickBooks' auto data recovery support phone number to recover your corrupted data files?,23
In what way do you think the reservation system can be diminished in India?,4109
How do I delete my own question from Quora?,605
What are your most used apps on your iPhone?,4673
Is caffeine unhealthy?,4538
What is the first thing you think when you wake up in morning?,2748
Which company provides the best website design service in Hyderabad?,3800
What do you think China food?,35
How can I meet Narendra Modi?,2094
What is your favorite hobby?,1809
What was the best day of your life?,3651
What is the best way to prepare for CA final group1 papers?,4493
How should I forget my first love?,2333
How can I lose weight quickly?,2311
How can I increase my sperme count?,2809
If Harry Potter is so magical then why can't he fix his eyesight?,1718
What would happen if the color would disappear on earth?,1905
Which languages have been most profoundly affected by Low German?,404
I am MBA (Marketing) Student. I want to pursue Digital marketing Course. So where Can I find best course of Digital Marketing? Is there any Institute in Mumbai who are providing the Digital marketing Course?,973
How did Duryodhan react when he came to know that Karna was Pandava's brother?,3670
How could we know that we are falling in love?,1987
What are the best ways to ask a question on Quora?,372
My laptop works slow! How to make it faster?,3227
Why is India not winning even a single bronze in Olympics?,4811
Can I get back my deleted message on Facebook?,4570
How do I delete old Instagram account without the password or email?,3507
How do I open an account on Quora?,2083
When in history did we start giving people names?,574
Why is Golden Ratio so important in nature?,3622
How can I improve my English writing skills?,1213
What is going to be the impact of the GST on the Indian economy and finance?,2742
How could I avoid my laziness?,4695
How does it feel to fall out of love?,2531
Is time travel already possible on Earth?,2487
Why do I get bored with things so quickly and easily?,1902
What is the best programming language to learn(in your opinion)?,652
What are the best home treatment for acne?,3178
What is make money online?,2424
How can ask questions using photos?,790
Did social media really cause/impact the Egypt revolution?,2364
Do you have any psychic abilities?,198
How do you gain discipline?,2027
How can I be a good software engineer?,3372
How do I reset my gmail password when they are not highlighting my recovery email option?,1210
What are the ways to get an investment for startup?,2494
I have a 3d printer. How can I make money off it?,401
Donald Trump: Would you be a good president?,4989
What is the best martial art for practical use?,1635
What security features are available in new 500 and 2000 rs note?,4753
What do people all over the world think about Muslim?,1105
Was the Iraq war a hoax?,3241
How can I study anatomy?,2426
What would cause an AMP to cut out?,346
What can I do when my friend betrayed me?,249
What do Indians wish Indian politicians knew?,1805
What is the process of crossing over in meiosis?,1114
What are the best ways to improve my English because I'm not good in English?,4923
would strobe lights in a dark hallway of a school be effective against a school shooter?  ,1070
What are some interesting movies in 2016?,3197
What is the most illegal thing you've done and gotten away with?,4508
What is the future of Behavioural Economics?,2504
Whats your favorite song?,3965
How do I recover my Facebook email and password?,1477
How is epoxy paint removed from cement?,1012
Is there any site to find cheap tickets with discount coupon?,2299
When will time travelling (or at least time shifted vision) finally be possible?,4073
Can betting on sports make me 10 million a year like bill benter?,1685
What are the best recipes for small batch chocolate chip cookies?,1819
How are seashells able to reproduce?,2048
How do I know whether a guy is cheating on me or no?,3340
How do I recover deleted messages in Facebook?,341
Who is the most overrated figure in Bollywood?,3051
What products should I use to get rid of acne quickly?,900
How do you explain the existence of fourth dimension?,1528
How should I avoid sleeping during lectures?,3296
Can you use Ensure to gain weight?,4137
How do I learn acoustic guitar at home?,1782
My life is boring. What can I do?,342
Would you consider teaching as a full time job? Why or why not?,3708
How can I prepare myself for GSoC 2017 in three months?,3371
How can I not procrastinate when I study?,4648
What age is considered a senior citizen? What benefits do senior citizens have?,3304
How do I prevent myself from getting sick?,4522
What is the best way to learn how to hack (whitehat)?,4095
What do Americans think about Donald Trump?,1975
Why do all of my questions on Quora need improvement?,771
What are the best ways to prepare to become a business analyst?,3095
What do Visually impaired people imagine when they masturbate? Please don’t answer if you are not a blind person.,3562
I have to masturbate three times to feel an orgasm sometimes two the doctors do notbelieve me andtold me towait until I am sexually active to worry?,2323
Which are best places to visit in GOA during vacations?,4746
What is it like being a firefighter?,152
How can we hack Wifi Passowrds?,431
Which are some of the best movies of 2016?,2007
What are your views on India banning 500 and 1000 notes? In what way it will affect Indian economy?,1170
What is the best app for video editing?,1117
Why do I feel alone sometimes?,1206
How is angle of repose calculated?,3015
Is yoga really beneficial for everyone?,2825
What will be the future of LGBT in india?,1125
What is cultural imperialism? Are there any solid examples?,2648
What are tips for scratch removal from a car?,3687
What's the reason India fails in Olympics?,405
Can aliens ever be real?,4218
What is the human impact on biodiversity?,493
Are answers on Quora verified for their authenticity?,3653
Is it healthy to eat egg whites every day?,178
Is 32 too old to start a PhD program?,4955
What's the best ride at Universal Studios Hollywood?,4309
What purpose does the nuclear membrane serve? What are its functions?,2317
How do I speak English fluently at an interview?,4724
Which is the best phone to buy under 15000 INR?,1016
How does a person get over a broken heart?,1370
What can be the medium budget to visit best places in Kerala for three members (2-3 days)?,193
How do I become more strategic?,1712
How can we improve our digestion?,516
What are the best places in chennai?,2488
Are there any verified angel investors on Quora?,2559
How much bigger can a male's bicep muscles get than a female's?,558
How do delete Quora quesitons?,3958
What is a renewable resource? What are some examples?,4404
Where can I found completely fire resistant and intrusion resistant shutters in Sydney?,1327
Can height increase after 25?,27
How do I break up with my girlfriend?,4320
How can I keep the peace of mind?,4298
Can some one give me tips on learning piano?,1110
How do I stop heroin?,1749
What is the best and fastest way to increase your height?,594
Can an Indian graduating in mechanical  engineering from an Indian college become NASA astronaut?,2420
How can one become a wildlife photographer?,1321
Does bulletproof coffee work? Is it legitimate?,2589
Do women enjoy oral sex?,1864
Do men love women with tomboy looks?,4513
How do I invest in a share market?,4687
How can I get free gems in Clash of Clans?,87
Why do so many countries hate Israel?,4856
Life Advice: How can I make my life simpler?,4581
What are ways to increase views on Instagram videos?,3979
Is India advanced in technology as compared to other developing countries?,3377
Are technical co-founders usually full-stack developers?,4484
How can I crack JEE exam?,905
What will be impact of 500 / 1000 notes ban on real estate?,3282
How possible is it to get pregnant one day after my 3 day period?,996
What are the best websites to learn SAP HANA?,1609
Why do the Union territories of Puducherry and Delhi have their own assembly?,454
Who is the richest gambler of all time and how can I reach his level?,24
How do I get rid of scalp acne?,3955
What is the best way to lose weight in a month?,2790
Where can I found best quality fire rated shutters in Sydney?,3935
Are there any tricks to be a good teacher?,1464
What will be Hillary Clinton's policy towards India if she gets elected as the president of the United States of America?,2870
What are some other movies like Lucy?,2981
Who steals your time?,4803
What are the best apps?,4158
Is the global warming climate change things for real or a hoax?,814
What are your views on India banning 500 and 1000 notes? In what way it will affect Indian economy?,4286
How do i lose weight?,1223
How do i delete an computer virus?,4798
Which book should i use for JEE  organic chemistry?,1075
Which were the best horror films of 2016?,4852
When did humans start naming themselves? What's the history behind names? Do non-human species use names?,574
What is the best programming language for job?,3890
What is the different between no-follow & do-follow link?,2990
How do I cure my mom from stinginess?,2229
What Game of Thrones villain would be the most likely to give you mercy?,10
What kind of girls do boys like?,3990
How much sex is important for life?,4367
Could the human race have originated from another planet?,1061
What are some of the inventions from the bronze age? How are they still used?,1660
How can I stop myself from being extrovert?,712
How might Trump affect the status of foreign students at top universities in the US?,1207
How should I prepare for GSoc 2017?,3371
How can I unblock a Facebook account on Chrome?,874
What's the scope of psychology?,3189
What are the best sites to download movies?,3089
Suggest Books which 'll change your life?,1896
I am interested in listening to indie music. Which bands can convince me to give it a try?,591
How do I make better melodies?,4427
What are the different parts of the skeletal system? What are their functions?,1899
What is the endocrine system?,2738
How do I recover my Facebook email and password?,4293
How can earn money quickly?,1374
Is there a big chance that Trump will win the election?,264
How can I find out what I really want to do with my life?,2965
Why do people ask questions on Quora instead of Googling it?,4428
How can I find my lost phone?,2668
Why has not any Indian Mathematician won a Fields Medal?,781
What's the average number of answers to each question on Quora?,2582
What do you think is the ultimate meaning of life?,1277
What is the best Alabama SEO Company?,2641
Have there been female SEALs?,3357
Why did Sirius have to travel north in GOF?,538
What is the most important book you have ever read?,19
Is the US election rigged?,233
Why do people become actors in the porn industry?,3333
Is smoking weed harmful to health in any way?,4239
How do I delete a google+ profile form my account?,4119
Have you ever faced any paranormal activities in your entire life?,4534
What is black hat seo?,4640
What are the requirements to be a programmer?,2557
What are the questions you hate to see again and again in Quora?,4380
When will Apple release the next generation of MacBook Pros ?,1495
What are your thoughts on the new 2016 MacBook Pro?,3184
What are some of your favorite sayings?,564
What are the best places to learn Swift development to make an iPhone app?,3099
How do I prepare for civil service?,11
How is wind formed?,3053
Is it good to work in PMC as a civil engineer?,1010
Who do you think is going to win the presidential elections and why?,2527
What are the emerging trends in structural programming?,662
What are the principles of system analysis?,4988
What is the best method of losing weight?,2721
I forgot my Facebook and email password. How can I log into Facebook?,4205
Why do some people have sweaty hands all the time?,4651
Why do I feel so angry?,1651
Which programming language should I learn if I want to develop gaming apps?,311
What are the best movies of all time?,3846
What are the pros of legalizing marijuana?,4828
What is it like to work in the Indian Army?,384
Time Travel Is It Possible?,2513
How can a person control anger?,3163
How can one make money online?,2503
What are the best acne home treatment?,3178
How can I find out if the girl is interested in me?,4659
What's the next bubble?,2658
How do you stop being infatuated with someone?,4509
Which is better to learn for iOS: Swift or Objective-C?,611
Could the U.S slowly take over the world?,986
What are some of the best English movies?,1768
Is electricity considered an invention or a discovery and why?,902
What are some of the best part-time jobs where you can work from home and make some good cash?,263
Quora: How do you post a question on Quora?,968
Is the landing on moon real?,3441
What is the national language of India?,656
Why is my period four days late?,4118
Is being gay possibly linked to a mental disorder?,1911
How can I find the right girl for me?,1929
Is a law degree worth it?,2072
What are the safety precautions on handling shotguns proposed by the NRA in Massachisetts?,3492
What are the best interview questions to ask?,306
How should I study,168
What are the prominent features of usability that your organisation considers while purchasing the ERP system?,865
Why is Sion station called 'Sheev' in Hindi and Marathi?,3896
Who would you recommend me to write a CV/Cover letter for a software engineer?,1415
What is Balaji Vishwanathan's view on caste based reservation system in India?,259
How do I get a job as a film and TV critic?,2078
How can I lose weight safely?,1223
In what sectors is it best to live in Gurgaon (Gurugram)?,1420
What would prove that we live in a simulation?,4331
What do you think of Prime Minister Narendra Modi's decision to introduce new INR 500 and INR 2000 currency notes?,982
How do I seduce a girl?,2421
What will happen now that Donald Trump has won the elections?,1174
How do you ask a question in Quora with anonymity on?,2623
What would happen if Donald Trump lost and refused to concede the election?,3451
Why is ZEE News so anti-AAP?,4382
What do you want from life?,4284
How do I know that a guy likes you?,400
How does Google text to speech work?,2147
How can we fight depression?,3582
Is Islam still needed in the world?,4211
What is the best time to study?,2286
Is deep web really that dangerous?,3640
What are the best websites to watch dubbed anime?,3754
What are some popular method to do suicide?,3124
How can peace be brought to the world?,2961
What difficulties did you encounter when learning how to program?,1295
Is isolating Pakistan at the international stage the best step India can take after the Uri attacks on the diplomatic front?,747
What is an intuitive explanation of a scheme?,2784
How does a carburetor know when to inject fuel?,4763
What programming language I should learn first?,2690
How can I recover a hacked Instagram?,3194
What was the scariest story you ever heard?,2516
How can I improve digestion?,516
Will Muslims be deported from the us?,3589
How do I become a drone pilot/UAV operator?,1422
How do small company grow into a big company?,1283
Where can I find DJs for festival in Sydney?,1443
Should the Indian education system be changed?,252
Why is functional programming suited for concurrency. Could someone give an example?,4690
what has your life taught you so far?,618
What incident restored your faith in Humanity?,1203
Is Quora forbidden in China?,3918
Why did he chose me to have sex with?,2290
How come my questions always get ignored on Quora?,1450
Why is Hillary Clinton worse than Donald Trump?,3642
How do you make easy money online?,3632
What is the worst thing that happened to you because you were nice?,1840
How expensive is to travel to Japan?,2120
What are some great examples about presence of mind?,3568
What does Donald Trump's success tell us about the American public?,1040
What are crop circles?,171
What are some of the best buy for a Linux based laptops?,4664
How will the scrapping of Rs 500 and Rs 1000 notes help in reducing black money and corruption?,3678
What are your thoughts after the American presidential debate between Trump and Clinton?,3480
How do I lose 45 pounds the easiest way if I have cravings?,1350
How do I learn how to sing?,280
Who will win the 2015/2016 Barclays Premier League?,2442
Who was the most powerful king in the history of India? Why?,1083
What is the best way to reduce belly and arm fat?,1285
What are the best programming languages to learn for web development?,2548
What are some problems you face everyday?,1996
What are some of the worst case scenarios if Trump is elected President?,3040
How do I overcome Social Anxiety?Please help.,4054
Where can I get best legal support for property transaction in Sydney?,3342
What's the best pickup line you have heard?,1710
Why do folks ask questions on Quora that a Google search could answer faster and more accurately?,4428
What would a Trump presidency mean for current international master’s students on an F1 visa?,4
How do you keep motivated when you learn a new language?,127
How good is IMS Noida for studying BCA?,3397
When Xiaomi Redmi note 4 is going to launch in India?,1447
How are long distance relationships maintained?,3174
How do I get a girl's attention?,4926
What should I do if I forgot my iCloud password?,2068
How can I learn to play the guitar by myself?,650
What is the average match rate for guys on Tinder?,3662
What were the causes for the Great Economic Depression?,2435
What are some cool Python tricks?,1539
How can i get more follower on my blog?,309
What are the tips for public speaking?,4831
How does playstation Vita remote play work?,1406
How can I tell if the stock market is overvalued or undervalued?,4101
How can I improve my spoken English?,395
How does one sleep Less but not feel tired?,1312
What is the next version of the Android OS after Lollipop?,3378
What are some useful tips to overcome Writer's Block?,2822
How do I lose 20 kg in 2 months?,2019
Which sex position women like most?,1960
Is it physically possible to travel back in time?,3484
How do I speak English fluently in half a year?,3551
How do I help my mom lose weight?,3056
What are the best was to lose weight?,4155
Is it possible to burn body fat and gain muscle at the same time? If yes how?,2190
What makes American teenagers different from Indian teens?,3761
What does surgical strike mean?,3127
Which is a good book by John Green?,2819
Can we control our dreams? Can we dream what we wanna dream about?,320
How do I stop using smartphone frequently?,3942
How will the stock market reacts on decision of banning 500 and 1000 notes?,3523
What have been the greatest achievements of humanity?,2950
Can I feed my dog asparagus? Is it harmful for him?,1574
How do I recover a hacked Instagram?,4656
How can I increase the traffic on my website? Jeenkart.com,1421
What is the difference between white hat and black hat ASO?,3703
What is the best Python learning book for beginners?,1785
How long you thing this Pokémon GO trend will last?,520
What is the average salary of a web designer in India?,3957
How can I increase traffic on my blog?,3182
What's your review of the newly released movie Baar Baar Dekho(2016)?,4974
Does life always get better?,2686
Which kind of phone was your first cell phone?,3489
Did Marvel pick the right cast for Spider-man Homecoming?,3140
Which is the largest black hole found to date?,2371
What are some of the best phones tools and gadgets?,3307
What is the salary of a professor in IIT?,1990
How do I burn tummy fat easily?,2484
How do I calculate tension in physics?,2077
How did you cure your acne?,2578
What will happen to the old notes that are deposited to the banks?,1676
What is better than Quora?,2279
Which is the best SSC and banking training insititute in Chandigarh?,281
How you make money?,1205
How do you program a Dish remote to your TV?,1791
Should porn websites be banned in India?,700
Which book should I start with for the GATE preparation?,158
What are the best books for CA CPT?,4208
How do I prepare for CAT 2017 from August?,2088
Is Red Bull energy drink made by bull sperm?,3193
Do parents really mean it when they say they love all their children equally?,873
What are some of the application problems in arithmetic progression?,2599
What is Y= arcsin (x^2) / x^2?,2923
How can I improve at chess?,3087
Who was the greatest warrior of all time?,3449
How do scientists know the earth has a molten center?,3783
How do I chat with a girl?,4709
What should I do to reduce weight?,4566
I can't seem to ask anything anymore. Why does Quora keep marking all my questions as needing improvement?,634
What can we do to improve our lives?,2133
How likely is World War III in the future?,4774
Why was my question marked as needs improvement?,2619
What is a way to be more feminine?,2543
What are the chances of war between India and Pakistan and its effects on India's economy?,4062
What are the most anticipated movies of 2017?,4134
Which are the best Bollywood movies to watch?,2987
How are radio waves emitted?,4246
I am poor in English grammar so how should I improve my grammar?,769
What psychology hacks are useful to know?,472
Where did the term venture capital originate?,4233
Do vegetarians or people that don't eat meat for moral reasons feed their dogs meat?,1392
What's the best way to overcome fear of speaking in public?,1906
Why is pressure an intensive property?,1393
How do I cure my food allergy?,1998
What is maturity? Is it only the physical change?,1035
How many techniques of meditation are there in this world?,3971
I do masturbation twice in a day. Does masturbation affects men's sperm count or does it cause infertility?,958
What are some of the best films and TV shows that feature strong female protagonists?,90
What are some of the greatest achievements of the United States of America?,2142
What are the best games of 2016?,3048
Why we use precision rectifier?,2008
What are your paranormal experiences?,1054
What happened to the event horizons of the two black holes that merged sendig to us gravitational waves?,1278
What will be the effects of demonitizing 500 and 1000 rupees notes in Indian economy?,4302
What are some of the best investment plans?,2500
How can improve my English speaking?,1373
Can Modi's act of banning old currency bring a permanent end to corruption?,3540
How could bringing in new 500 and 2000 rupee notes by the Indian govt eradicate black money?,3615
How can I become a top student in class?,4477
How can you differentiate between a democracy and a republic exactly?,2397
What are some good career options?,4641
Is one year sufficient for GATE preparation?,2952
Should India go for another war with Pakistan?,1874
How did the Roman Catholic Church respond to the Protestant Reformation?,4844
Has life been found on any other planet?,4238
Which is the best phone under ₹15000?,4554
How can you become an adjunct professor? Will the teaching content/curriculum be provided by the University or College? What is the typical selection process that Universities follow to select an adjunct professor?,2505
What do Japanese people think about India?,3579
Should a student learn a craft?,4316
How can l improve my English？?,3835
Where can I find good vendors to sell products online?,3614
How should I stop biting my nails?,449
What is the difference between front end and back end website development?,3867
Who is going to be most impacted by the decision by Indian govt of banning 500 and 1000 Rupee notes?,4461
What are some of the top paying career options after doing a B.Tech in mechanical engineering?,3781
How can I tell my mom that I don't believe in god?,4708
How does a girl get a boyfriend?,1866
Is dating fun? Should it be?,1796
What are the daily life examples of shear stress?,948
Bitdefender Antivirus *1~(800)~439~2178* Bitdefender Antivirus support Phone number?,4701
What does Java do and do I need it?,677
Can people still see questions that are marked as needing improving?,1722
Can I die from lack of sleep?,2964
How do I improve my blood circulation?,3504
How would I go about creating a new religion?,3903
How much money can one make through stock trading?,4600
Who is the most influential woman in history?,2924
How do I tie a tie different from others?,1999
Where are the foremost tourist places in Chhattisgarh?,672
What is the best laptop I could buy under 20k?,2770
How do I lose weight in a short time?,3919
How can I learn algorithms and data structures from scratch in 30 days?,4397
Is sex really important in a relationship?,1847
What percent of people can survive a direct hit to the head from a Desert Eagle 50AE?,2739
What are some pros and cons of jan dhan yojna?,3497
If there will be a war between India and Pakistan who will win?,94
Are there still internet cafes in the Philippines?,3694
How do I get relief from back pain?,3086
How can I become more white?,466
How can you rapidly lose weight in 14days?,3411
Is a 3.8 GPA sufficient to get into a top school?,67
How can Indian Education system be reformed?,2896
How do I get over things that hurt me and move on?,3585
How can I increase my height after 21 also?,27
How did Donald Trump manage to win the 2016 US election?,4832
Will a gap year after graduation adversely affect my interview at IIMs?,1148
How do you deal with emotionally abusive parents?,830
What are the conditions in European refugee camps?,216
How does the stock market work generally?,4023
What are the best GIFs?,3499
Can I get admission in M.tech program through UPSEE?,1257
How should I prepare for the NPCIL?,3976
Who is going to win the 2016 presidential election?,3925
What do you do to hack text messages on a mobile phone?,2913
What can we do for hair loss?,3062
What are the best health insurance plans for family?,1750
What is the speed of electricity and why?,2632
Is India Developing the right way?,893
What is the best music album of all time?,2275
How is pressure an intensive property?,1393
How will the ban on 500 and 1000 rupee notes bring out the black money of the big shots who have lots of it in the Swiss bank in a different currency?,2296
What are the books which give more insight about numbers?,2195
What is the greatest theft of wealth in history?,1945
In what fields do mechanical engineers get the best salary?,4157
When will be Pokemon go released in India?,2855
Why sound waves can't be polarised?,4100
Which are the books that should I start with to understand the basics of indian economy?,1622
HOw do I speak Fluent English?,337
How should I start preparing for civil services exam?,1112
What is NetLogon used for?,3859
What's it like to have prosopamnesia?,3686
What are some of the best books ever written?,4186
How will the implementation of GST bill impact the lives of common people?,79
Which is the best institute in Mumbai from where a fresher can learn financial modeling?,3672
Was the White House entirely built by slaves?,856
Which foods help gain weight?,4870
Why do people often ask questions in Quora while they can Google it themselves?,3818
Do Indian women like to give blow jobs? Why? Why not?,3660
What is the best way to invest in real estate?,3012
How can I stop worrying about what other people think?,3108
Who were the Tuskegee Airmen?,3295
Why degree in psychology?,1517
How can I promote my business in Twitter?,1728
How could I lose a few pounds quickly?,4317
How can I control on my anger?,227
What is the difference between an dentist and orthodontist?,1854
What are the applications of binary search trees?,350
How are rocks and minerals similar and different?,1994
How does it feel to be unemployed after getting an engineering degree?,1291
What are the best places to visit in Kerala for college students?,193
Which are the best online courses on digital marketing in India?,1317
How would one become an ambassador?,1260
Which university is the best in the world?,970
Why do Indian men have mustaches?,3631
What are some little things that make you happy?,586
What is the best workflow process from web design to web development using Adobe muse?,760
Is Batman insane?,2459
Why do people ask such questions here on Quora which could be easily found on the internet?,4627
How do I delete a Quora question?,2803
How do minerals and rocks differ? How do they relate?,1994
What is the easiest way to enrich vocabulary?,956
Will baking soda help pass a urine test?,172
What is the best way to minimize Temperature Inversion?,2816
How was your experience of Lucid dreaming?,185
Can you get cancer from the smoke produced by smoking marijuana?,1625
How much does Uber driver earn in India?,669
How banning 500 and 1000 rupee can affect black money?,1839
Why do so many people ask questions on Quora instead of searching the answers on Wikipedia?,3818
What do Pakistanis have to say about the Uri terrorist attack on 18th September 2016?,1436
Are Secret Service agents that protect politicians chosen for duty by their political affiliation?,555
What are the best apps for downloading films for free?,770
What are best career options available for electrical and electronics engineer today?,3420
Why do we recognize Remembrance Day?,2551
Can someone track an iPhone without a SIM card?,4384
How do you describe the causes of World War 1?,4603
How does Google text to speech works?,2147
What are some of the best sites/resources for Puzzles?,4639
Why is saltwater taffy candy imported in Austria?,4002
What is the best way to learn economics?,2393
How did you learn to speak English?,766
How do I make my penis longer?,1196
Why do dogs urinate on car tyres?,1761
Will India declare war against Pakistan?,1874
How can I log in Facebook without password?,4205
Is perfect real or an illusion?,2942
What happens with the atoms of graphite when someone is writing in a paper?,2418
Why do people go for mba after masters in engineering,674
Why do Quorans ask questions for which authentic answers are obtainable faster and easier through Google?,3526
What are greatest thriller movies?,1426
What are the top 10 Bollywood songs?,3741
I want a real and effective way to make $ 500 per month with the knowledge that I have no money to invest?,831
I got 143 marks in Jee Main Examination . Which college I can get admission through this score ?,1542
What is the best option to respond to Pakistan after Uri attack?,1817
How on earth would I dress like a workout guy from the year 1990 in the summer?,303
What are some online resources to learn UI design?,828
How do I get fit?,2171
How can I become a billionaire (in finance)?,1284
How can I get deleted messages from Instagram?,3557
What are the best options for hair loss?,2830
What is the difference between cupcakes and muffins?,2828
What is 4g LTE?,4759
What are some interesting books about Indian Army?,4676
What are the cheapest and most beautiful places to visit in the world?,1610
How do I convert NRE FD for RFC?,788
How do I control my emotions and anger?,3163
How do I speak English like celebrities?,953
How does it feel to fall out of love?,2121
How can we get rid of masturbation?,3773
What problems do you face everyday?,1996
What programming language do you think is best? Why?,3180
What is the most dumbest Quora answer?,2416
What is a good first car for a teen guy?,2845
Will banning Rs.500 and Rs.1000 notes help to solve black money and corruption?,533
What is the easiest way to lose weight faster?,4991
Russia is apparently preparing for war with the United States. Is this very likely in the immediate future?,3209
My math is good but not that good. How can I improve my math?,3550
Is it true a gorilla would win a fight against a lion?,3832
Why is Saltwater Taffy candy imported in Italy?,1716
What are the best books in electronics?,2314
How much has your salary increased from your first job to today?,1548
How can I increase youtube traffic?,4375
What are mutual funds and which is the best one in India in which to invest?,883
How do I reduce my belly fat easily?,1637
Which is best mobile under 15000?,1058
What are the safety precautions on handling shotguns proposed by the NRA in North Dakota?,4628
How do I start business from nothing?,116
How can I download youtube playlists?,2481
What is the best place to have sex from?,175
What is the power of a dream?,1306
How did Michael Jordan increase his height?,4810
What songs can you listen to over and over and not get tired of?,1032
Do people flirt with other people on Quora?,1389
Is Donald trump going to be the worst president?,478
What is the most famous country?,2087
What are the prerequisite to start business?,1468
How many types of dimensions are there and what are they?,1583
Which is the best screen recording software for Windows 10?,1545
What's the best earphones in India under 2000?,4903
How can I keep the peace of mind?,2722
How can you take the battery out of an iPhone 4?,491
Which was the best film of 2016?,487
How much money can I make in a week playing poker?,4083
How do I hack a Whatsapp of another user without having access to their phone?,4794
What are some differences between Latin American Spanish and the Spanish in Spain?,3069
What wil happen after death?,4674
Is Mexico City dangerous?,3425
Why choose a non-technical job when you are from a technical background? How shall I answer these types of questions in an interview?,3937
How do you know you're in love again?,3691
How much an average human mind can store information?,2782
How do I prepare for upsc prelim?,4310
How should a teacher maintain discipline in the classroom?,907
How do I get rid of facial hair?,3047
What is wrong with today's education system?,2849
How do I be mentally strong?,1564
How does an earthquake happen? Can it be predicted?,2143
What are some of the best young adult cruises?,2663
Could the U.S. take over the world?,986
Which are the best reputed MBA colleges in India?,3608
How would Donald Trump's win affect India?,532
What are the best public transportation apps to help me in Berlin?,568
What is the best general in c&c?,4792
Should I worry about what people think about me?,488
What is the sweetest language in the world?,2956
What is a good documentary on science?,4878
What is the meaning of life? Whats our purpose on Earth?,202
What are the differences between Chinese and western etiquettes?,438
Why do super-rich people want to get richer?,2515
What are the funniest memes you have come across on Narendra Modi?,2104
What are your views on responses given by Presidential candidates on the first debate 2016?,759
What is difference between data and information?,3068
How can I wake up early in the morning?,284
What does it mean if a dog vomits white foam?,291
How can I increase my website organic search traffic?,1627
How do i start my TOEFL preparation?,4790
Which is the best programming language for a beginner to learn?,2030
What is the gotra chart?,4175
What is your opinion on brexit?,1248
What are the chances that Jill Stein and Gary Johnson debate with Hillary Clinton and Donald Trump?,2098
What are examples of Conspiracies Theories that turned out to be true?,2951
What is the worst company you've worked at?,4698
What's your favorite love song?,3744
How do you deal with a fear of dying?,95
What is the name of the creepiest horror movie you've ever seen? Which was the scariest part?,423
How do you permanently delete files on your computer?,3875
How can I be a native English speaker?,513
How can I recover my Google account.?,2329
How do I plan a 4 day trip to Goa?,406
Who are the Rohingya Muslims?,39
Before the Big Bang was it in complete darkness?,3508
How do I turn off the screen overlay in Samsung j7?,3169
What are some good songs to make a texting lyric prank?,4163
How did the Switzerland become rich being a landlocked country?,2010
What are the best strategy guides for playing Ingress?,3084
How do you feel when someone upvotes your answer on Quora?,89
How do I develop my presence of mind?,217
How do I get cheap flight tickets?,4370
What do you struggle with most in your life?,720
What makes us happy and why?,3362
What are the best CPM ad networks?,2502
Where can I buy very incredible and most amazing cupcakes in Gold Coast?,2508
Which is the best rap song?,1656
Why do so many Indian men have mustaches?,3631
What were some of your good and bad life experiences?,277
How does one become rich in 2015?,1772
Why do people ask such stupid questions on Quora?,756
How will the ban of 1000 and 500 rupee notes affect the Indian economy?,2542
How can I increase the organic search traffic to my site?,1627
What is the difference between an API and a SDK?,3960
What is a good first car for a teen guy?,2387
What is the best podcast in history?,396
What are the different sects of Christianity?,2437
What is your scariest nightmare?,4488
I have only 2 months for my CA CPT exams how do I prepare?,310
What are the great examples of hypocrisy in Indian politics?,4592
What are some examples of inclined planes?,4707
What are some good pizza recipes?,3629
How do people randomly find me on instagram?,936
How do I use JavaScript in competitive programming?,3476
When do you use Quora?,3961
How long have you went without masturbation?,2729
Can the global climate change be reversed or halted?,161
Can I watch Amazon Instant Video on my iPad?,3927
What do I do if I lost my USPS mailbox key?,2967
On which online free website can I watch foreign movies with English subtitles?,4992
Why are people on this site so obsessed with IQ?,4612
What is the best way to prepare for CA final group1 papers?,3806
What is the difference between machine language and assembly language?,3036
Who is going to win the 2016 presidential election?,1025
Is it possible to root an iOS into an Android phone?,1686
How do I get meth out of my system in 3 days?,1164
How can I get job in Accenture?,3176
How has Quora succeeded where websites such as Yahoo and Reddit have failed?,975
What are the effective ways to build your arm muscles?,3524
Which book should I prefer to prepare c language from basics?,2463
How can I earn money online or have an online job?,3650
What are five advantages of the binary system?,3926
What will happen after I die?,1963
Can we harness electrical power from the lightning?,1475
What are some examples of 'Presence of Mind'?,1381
How do I get the person's name if I got the account number?,3031
What was it like to go from being very poor to becoming very rich over night,1324
What do astronauts aboard ISS do when a solar storm is headed there way?,2893
How can I increase traffic very soon on my blog?,1250
Can Instagram stories kill Snapchat from the social media game?,3748
How do ispend my time by enjoying one day in Chennai with friends?,2041
I feel tired of life. What can I do?,3745
What is there to do in Dubai?,3257
Which is the best smartphone 2016?,4076
What evidence suggests there is life after death?,4481
Who invented light years?,1794
How can I start to make money online?,2276
How do you become a Top Writer on Quora for 2014?,4594
What is the worst thing that happened to you for being rude?,1942
Would demonetization of 500 and 1000 rupee notes actually help in curbing black money in India?,3615
What are best novels to read?,655
Does anyone actually use Google +?,4172
What is the difference between asteroids and comets?,167
What is the correct procedure to perform a factory reset on a Toshiba laptop?,1523
Can you eat same thing every day and get all the nutrition you need?,3644
What exactly are pantheism and panentheism?,4714
What is wrong with Indian engineering education system?,453
Is there any age relaxation for a police personnel who wants to appear for the CAPF AC exam?,3740
What is the one thing you want the most in your life? What are you doing to achieve it?,3173
Why do so many people ask questions on Quora.com when they could easily find the answers themselves online?,4743
What are some ways to get a girlfriend?,4314
Does sex always hurt the first time?,3386
If more vacuum gravitational and dark energy is created as universe expands can infinite of these be created as they appear without limit?,3203
What are some lesser known facts about ants?,709
Is there no option to chat with a person on Quora?,688
What Is your New year resolutions in 2017?,4406
How can I join MIT?,149
Why do we use chi-square test?,2023
How do I run a 5k without much training?,619
How does unaccounted/black money affect a country's economy?,1465
How can I sexually seduce a girl?,2096
What is the meaning of life in only one word?,2747
Why do I get jealous of other people?,4209
Cricket: What do americans think about this game?,2640
What are ways of earning money online?,2166
How can I make my b.tech degree worthwhile from a bad private college?,3226
Is time traval possible in future?,3421
How do I start business on internet?,2685
Has history been scientifically tested?,2859
Things to do in Hyderabad?,469
How can I increase the traffic on a site?,3947
What promises can Donald Trump keep?,461
How many stars in flag of united states?,4489
How should I avoid procrastination?,1120
Did astronomers really visit moon?,1412
Is there a customer service phone number for Bitdefender antivirus?,4701
What is the point in modern times of tenure in U.S. universities? Why are professors granted tenure?,3933
How do I transfer funds from an SBI account to a 3rd party account via Online SBI?,4966
How can I lose weight quickly?,4086
What is the list of legit wholesale suppliers of the Apple iPhone 6 Plus worldwide who accept payments through PayPal?,2146
How much time will spotify take to land in India?,2328
What would happen if anonymous users on Quora lost their anonymity?,2388
What is Quickbooks Proadvisor?,1453
How do I impress my mother in law?,801
Psychology of Everyday Life: How do I deal with emotionally abusive parents?,830
What is the easiest way to enrich vocabulary?,4718
What is the biggest thing you've ever gotten away with?,3907
What are all the zip codes of the Bay Area?,3897
How can I learn to speak English fluently?,22
Who will win in BCCI and Lodha standoff?,3544
What were the best movies of 2014? Why?,1081
How can you detect whether spyware has been installed on your phone?,2355
What is the use of electrical tape?,3412
How will Trump's presidency affect prospective international students from Syria?,4762
What is the most spontaneous thing you've ever done?,442
Why are INTJs and INTPs so popular on Quora?,1536
Why wasn't Harry Potter an Obscurial? ﻿,1734
Who is disrupting Bloomberg?,78
What is the scope of automobile engineering in India?,1448
How do I avoid sleep so much?,1871
How should I get motivated to hit the gym every day?,416
Which is best smartphone to buy under Rs 15000?,1016
How do I become successful in my life?,2017
Can I see my video viewers on Instagram?,3313
How can I improve my communication skill and English proficiency?,1175
How does 3D printing work?,31
Which is the most important thing in life?,4142
How did you develop a reading habit?,4900
How is the procentual difference between 4% and 3%?,1085
Why do some people use Quora when a dictionary or Google could be used instead?,3518
How do you know you are ready to tell your significant other you love them?,1783
How was it to meet Richard Feynman?,757
What's your favourite anime? And why?,1433
Where can I get good quality cupcakes and a lot of different flavor in Gold Coast?,3179
How can I ask Quora a question about something that was marked needs improvement??,503
How can I make money online consistently?,1182
How do I lose weight without doing exercise or diet?,287
What is the most embarrassing secret you have that you'd never tell to almost anyone?,3571
Why did the Hindus of India destroy the Babri Mosque?,4625
How will India's economy be affected if India goes to war against Pakistan?,4062
How do know that you are in love?,1146
How is the optimal CPU temperature determined?,1807
Why do people ask such stupid questions on Quora?,4670
Which grand theft auto is your favourite?,1089
What makes you confident?,1689
Does meditation really help in controlling thoughts? How can I do it on my own?,371
Which one is better: Linux Mint or Ubuntu?,4383
Why do people ask questions on Quora that are easily to find answers too on Google?,1143
What sort of evidence is needed to convict someone to murder?,2413
Why do people on Bay Area highways drive so slowly in the left lane?,1300
How do I write a simple C program to evaluate expressions?,2846
What is the best food in Pune and where do I get it?,776
Will Google buy Quora?,377
Why was Venice (Venizia) built on a swamp?,3152
How could I improve my English pronunciation?,3090
What is the life of ies?,1737
Do blackholes exist?,715
Is it bad to rev your engine while you are in park?,1270
What is the best joke you have heard?,3948
How was your tinder experience?,4471
What is the difference between Indian teens and American teens?,3761
How can I start to make money online?,2424
How do I unpop a clogged ear?,682
What is the term Padfoot in harry Potter?,547
Why government bans 1000 rupees note and instead of they made 2000 rupees note? Will not make problems of change(khulle)in country?,4752
Why is there gender inequality?,4196
What is the mass of our sun?,1274
What are some cool earing designs?,2382
Where can I found modern colours and textures for floor tiles in Sydney?,2519
How can I lose weight quickly in 2 weeks?,3510
What is the best correspondence study material for IBPS PO preparation?,2864
What is the scope for girls in mechanical engineering?,542
What's your opinion about the decision on removal of 500 and 1000 rupees currency notes?,234
Do you believe that everything happens for a reason?,360
What has been the economic impact from Brexit referendum so far?,2549
How do I raise funds to start a business?,4838
Why is Voot so slow?,2938
Can you share best day of your life?,3083
What makes you want to vote for Hillary Clinton?,1971
What is the Indian government doing to control population growth?,4105
How can I grow a beard faster?,1600
What will happen if Donald Trump became the president of America?,1174
Why do we often judge people by their appearance?,841
How can I prove that (A × B) − (C × D) = (A − C) × B ∪ A × (B − D)?,1320
How do you earn money from internet?,740
How do I prepare for UGC NET English Literature exam?,3116
What are the best places to visit in Kerala?,2605
Is it total insanity to begin learning to code at 50?,2167
Is it really hard to crack the IES exam?,4357
How do I become an ambassador?,1260
How do I handle fear of change?,1372
What are some erotic books?,1661
Can you offer me any advice on how to lose weight?,3739
Do you think Australian singer Delta Goodrem is pretty?,3192
How is Tim Cook as a CEO?,2540
How do I know if my wife has been faithful?,4585
Why is plaster of Paris called plaster of Paris?,1071
How much salary do IIT professors get?,2140
How should one should prepare for the TIFR entrance examination for mathematics?,2899
With a long enough exposure will all cameras have the same quality?,2219
How can I improve my communication skills specially pronunciation skill?,3826
What will be the effect of banning 500 and 1000 Rs notes on real estate sector in India? Can we expect sharp fall in prices in short/long term?,1736
What are some of the strangest addictions?,1516
How can you improve the fine motor skills in preschoolers?,4846
What was there before the Universe?,1200
What are good ways to study biology?,2740
How do I lead a meaningful life?,646
How do you get over a broken heart?,780
What is the best part time job to work from home?,3252
What are the best books for preparation of gate exam(me)?,2303
Is declartion statement required in a resume?,3290
What should I do in order not to care about what people think of me?,3680
What are the best movies of Hollywood?,480
How did Donald Trump win your vote?,4094
Can I get the owner's name from an account number?,3031
What's the meaning behind the song Love Yourself by Justin Bieber?,1934
What would be a good first car?,2387
What is backlink in seo?,3721
What are some of the best paid part time jobs that can be done from home?,1395
How do I raise funds for startup?,3719
Why are refugees going to Europe?,1810
If you could relive your teenage years what would you do?,1554
What book is the best to start learning about cyber security?,4403
When will Spotify arrive in India?,4940
How can I develop reading habit?,4900
What is the key ingredients to longevity?,3940
How do I lose weight without doing any sport?,287
Why is 0! equal to 1?,2673
Is sleep paralysis rare?,2940
Is brass considered a heterogeneous or homogeneous mixture?,2470
How do Muslims view Maajid Nawaz?,2111
Does a superfluid dark matter which ripples when Galaxy clusters collide and waves in a double slit experiment relate GR and QM?,3122
When is best time to book carribian trip?,1092
What is so special about Rolls Royce cars that they are only given to respected personalities?,458
How can we improve in our lives?,2133
What are the best institutes for big data in Hyderabad?,839
How did Sauron look like through all the ages?,4825
Why does China support Pakistan?,1935
What do you mean by power?,4012
Is it possible for parents to not have a favorite child?,4564
When was the last time America was great according to Trump's “Make America Great Again” slogan?,1224
How can l improve my English？?,3854
What are some of the best horror movies?,3195
What would be the last round cut off for IIIT Hyderabad this year (2016)?,3515
How do I talk to my old friend?,2897
How can I start my study plan for IAS?,3525
What is the best travel health insurance for my parents (Non-US citizens) who are visiting the States?,1341
Which is the best gym for beginners in BTM Layout?,2795
How does one master the art of asking the right questions?,4434
Is it possible to run iOS apps on an Android phone?,1686
How can I increase my website conversion rate?,4848
What is your favorite salad recipe?,2434
What are some ways to strengthen your intuition?,4352
Why sex is so important in a relationship?,4154
How do I recover my Google account?,3471
Do people have souls?,4979
What are some similarities and differences between data and information?,3068
What can one do to control his/her anger?,798
Which final year project I can choose for my B.Tech Mechanical engineering?,3762
Who is next CM of Gujarat?,752
Which is the best coaching institute for medical entrance exam in India?,2851
What are some of the best feelings in life?,1955
What is the best digital marketing course available online and offline in India and Why?,1789
Is Quora display trending now topics based on user's country?,577
How can I ask a question without getting marked as ‘need to improve’?,4637
How can I see who views my Instagram?,4515
What are your views on demonetization of ₹500 & ₹1000 notes in India?,312
How will Quora monetize itself?,3930
Why does Quora limit question length?,2883
What are the pros and cons of the Common Core Standards Initiative?,83
What are some of the best novels to read to enhance writing skills?,2878
What is the downside of legalizing marijuana?,4828
I am 5'10 and 140 pounds. How can I get ripped?,3213
What do Americans really think about the British?,4862
How much does it cost to replace a USPS mailbox key?,2967
Why would someone leave (orthodox) Judaism? Do they stop believing?,4199
What are the things that make Indians happy and proud?,1280
How can I make a healthy home made pizza?,510
How can I reset my Gmail password when I don't remember my recovery information?,2136
Do you believe in life after death?,3300
How can art be a form of communication?,4398
How can I meet Sir Narendra Modi Ji?,2094
Under what conditions does a real gas behave as perfect gas?,4468
How do I deal with common embarrassment?,596
How do I get more coins in 8 ball pool miniclip?,2802
What is the wildest thing you ever done?,4551
Where can I find delicious cupcakes at Gold Coast?,1015
How do I reduce being absent minded?,2067
Is there anyway that could make suicide look like an accident?,3078
What are the best flash players?,2596
How to prepare for CA Final exams?,4493
What if earth shift to Mars orbit?,4229
Should I get the new MacBook? Is it worth it?,2262
Is it bad for health to eat eggs every day?,1371
How did Dumbledore gain the most powerful wand?,2242
What is funniest joke you've ever heard?,4653
Why should I learn C language?,2791
What should I engrave on a promise ring?,2346
What is the worst restaurant experience you ever had?,802
What motivates you to work hard? How do I become motivated too?,2080
How do we control our emotions?,4340
What is Contempt of Congress?,2609
What is the salary of an Indian president?,4392
Is honey vegan?,1597
What is the creepiest song you have ever heard? Why?,2506
How can I have many views on my posts in Quora?,3013
How many scholarships are there for the GRE? What is the criteria for the GRE scholarship?,4632
How do I find out what I truly want in my life? It fluctuates!,2965
What would happen if Earth lost its gravity for like 5 seconds and gained it immediately after 5 seconds?,4074
What was your first sexual experience?,3
What are the best way of loose the weight?,464
What are some good tips while learning piano?,1110
How do I stop caring about what others think?,1561
What are some creative and innovative business ideas with less investment in India?,507
What do you really know about Algeria?,1967
How do I improve on my math skills?,2337
How do I learn a computer language like java?,18
What is the one shot stop percentage with a Desert eagle 50AE?,872
What are the safety precautions on handling shotguns proposed by the NRA in Alaska?,269
What is your review of Fantastic Beasts And Where To Find Them (movie)?,2466
What Android version will come after Lollipop?,3378
What are the best thriller movie in Hollywood?,4741
What are the top self help books I should read?,130
Would Trump supporters vote for Bernie Sanders if he was the Democratic nominee rather than Hillary Clinton?,2687
What should I do in my resume to get interviews in the field of data analytics?,2448
How does teenage pregnancy affect education?,1695
How can we make the world a better place to live in for the future generations?,73
Which are the options available in wrap text?,3233
How do I help the pro-life movement?,3590
How do you delete a question you asked on Quora,3019
What is the best computer programming language to learn first?,2069
What is Gujarat Model?,4407
What are examples of positive and negative feedback?,4872
Why do metals appear to feel colder than other stuff like wood or plastic?,2005
Why did America vote for Donald Trump as President in the 2016 Elections?,3457
Which is the best Teradata online training?,782
What's it like to be non-smoking mother of the smoking children?,331
Is it true that children don't love their parents as much as their parents love them?,3023
What should I do to overcome my anger?,2489
Is there any other website similar to Quora?,215
What are the best strengths of Indian Army?,728
What does the Quora website look like to members of Quora moderation?,43
Do you think time travel is possible?,203
Are Rolls-Royce cars given only to reputed personalities?,458
Which questions do you never want to see again on Quora?,4380
There are two pills. The blue which enables you to master all instruments in the world or the red which enables you to be fluent in all languages. Which would you choose and why?,2490
How can I increase website traffic?,2752
Will foreign students studying in the USA be unwelcomed after Donald Trump is elected as president?,1356
Who create Quora?,4272
Is it true that upcoming 500 and 2000 rupees note have NGP chip inside them?,3923
Is it possible to time travel to past?,2438
What was the moment in your life that changed it completely?,723
Is Trump still going to build a wall a make Mexico pay for it?,4829
Can I get patent for a simple idea?,1575
What is your biggest regret in career?,3491
How do you take a screenshot on a Mac laptop?,58
What are the best books for the preparation of SSC CGL Tier 2 Preparation?,2381
What are your thoughts on Mr. Kejriwal claims that Mr. Modi can get him killed?,964
How did Airbnb get initial traction?,4973
How can Indians get jobs in Canada?,3666
How do I get a boyfriend for age 13?,323
What are the chances of getting my phone back when someone stole it from my pocket while travelling in local train (Mumbai)?,643
How do you raise self confidence?,1388
Why do people continue to deny clumate change?,4189
How do I start contributing for open source development?,2055
Jio 4G on 3G mobile?,735
Why do people on Quora hate Trump so much?,4311
Which are the best honeymoon locations in Kerala for summer honeymoon trip to Kerala?,607
How was KVPY SA 2016?,1941
How can anyone increase height?,1059
What is your favorite sports car?,1017
What is a Real Programmer?,858
What is the difference in pleasure between masturbation and sex?,197
What are the pros and cons of having a pet German Shepherd?,112
Are there programming languages in languages other than English language?,3605
Why is creativity important?,64
How do I prepare for KVPY sa interview?,1066
What are your New Year's resolutions?,4589
What is the best language to learn programming?,4837
What is the meaning of life in only one word.?,2747
Why don't we have cars that run on water?,4224
What would cause someone to wake up with broken teeth?,2469
What are some of the funniest names ever heard?,4437
Why are Samsung phones setting on fire?,3661
Why do most people on Quora dislike Donald Trump?,4138
Should you post pictures on social media?,319
What is Quickbooks tech support number in Arizona?,1748
Is there any possible way to preserve/store the electrical energy generated by the lightnings?,1890
How can I creative?,3288
What is the syllabus for UPSC Exam?,922
What is the easiest way to earn money from online?,1077
What are the funniest and most creative ways to propose marriage?,3076
How can I become a billionaire (in finance)?,106
Can you get high eating a few specks of weed accidentally?,578
Is it legal to use celebrities photos in a website or smartphone app?,2937
What is the minimum CGPA for doing an MBA in the USA?,3185
Why can’t we use earths magnetic field to produce electricity?,2462
What is the current political scenario in India?,764
What are some indie bands worth listening to?,591
How do I come out of comfort zone?,2210
Facebook: What is the revenue model of Facebook?,1759
Has Ancient Mesopotamia been scientifically tested?,4750
How do you make friends post-college?,2321
What makes Earth to rotate on its axis?,741
What percentage of people are voting for Hillary Clinton just because they don't want to vote for Donald Trump?,2212
Where can I get best assistance in Sydney for any property purchasing?,515
Are animals capable of feeling/experiencing emotions unknown to humans?,530
How do I develop a personality?,4793
What are examples of unusual experiences?,2350
What should I do to be a good Speaker?,121
Was the British Raj good for India?,1915
What are the best Books for Signals And Systems?,4839
What's the best way to get rid of house flies?,2678
Where can I buy very incredible and most amazing cupcakes in Gold Coast?,2733
What should I do if I forgot my email password?,33
Why are police lights red and/or blue?,163
What is something that you believe to be true that very few people agree with you on?,4783
What is the best charity to donate to?,2046
Is it a good idea to buy a used car from a rental car company?,1549
How do you overcome a fear of flying?,4230
Is it true that Prophet Muhammad was a pedophile?,1611
How do I recover a forgotten Gmail password?,4738
How do I find angel investors?,1242
Why are some of my questions being marked as Needs Improvement no matter what I do to improve it?,1746
Is it possible to use spells without a wand in Harry Potter universe?,2794
Can we prepare for NEET without attending any coaching class?,2778
How can I hire a hacker?,247
Do you think scrapping of 500 and 1000 rupee denominations is going to eradicate corruption?,301
Why can't India get more medals in every Olympics?,1672
What's wrong with Indian education industry and what are the experienced and expected negative fall outs?,1813
What is the best way to learn hacking in short time?,4095
Why is Pokemon Hoopa popular in Thailand?,3892
Is iPhone 5s compatible for Jio VoLTE app?,910
How do I overcome depression or low self esteem?,1467
How can you treat pneumonia and albuterol?,2460
What is the best present you have ever received?,3211
How do I kill a police dog with my bare hands?,3831
What are some very interesting Wikipedia articles?,3170
If there will be a war between India and Pakistan who will win?,1383
How can I improve my communication skill and English proficiency?,4220
What is the #1rule of success?,4482
Will I lose weight by only drinking water?,2737
How does banning 500 & 1000 rupee notes solve black money problem?,502
What is the weirdest dream you've had?,1082
What will be the effect in Stock market after the Indian Government's decision to demonitize 500 and 1000 rupee notes?,1094
How can I prepare myself to be a good software engineer in general? In other words what makes a good software engineer?,3104
What is the best possible way for learning hacking?,1478
How important our education?,869
How can I make your and my life better?,2707
Why do people mark questions as ambiguous or needing editing on Quora when they're fine?,3543
What is the significance of pi (3.14159265359)?,1267
How can I communicate with foreigners?,2100
How can Jio work in a 3G phone?,613
Why do some people hate elementary OS?,2447
What is the funniest joke you ever heard?,1552
What are the best free antivirus programs for PC?,3398
What are the legal consequences if I forgot to pay a speeding ticket?,4005
What are balanced forces and what are some examples?,3316
What are your New Year's resolutions for 2017?,4589
Why do people prefer to open carry?,3803
Does Trump have a chance at winning presidency?,264
Can the absence of time traveler from the future visiting us conclude that time traveling does not exist?,3852
What is it like to have an elder brother?,1346
What exactly is the 4th dimension?,4292
Will Baluchistan eventually separate from Pakistan?,3607
Do you think chatbots are really the new apps?,729
What should I do in order not to care about what people think of me?,4668
Is the United States a republic or a democracy?,3433
Which citizenship will a child get if it gets delivered mid air during an international flight?,2724
How do I find my cell phone number?,644
I am far away from my girlfriend. What should I have to gift her on her birthday?,3639
Why and how did you break up with her/him?,103
How does banning 500 & 1000 rupee notes solve black money problem?,4949
What is the fastest way to learn something?,3065
How can I find a job in Mumbai?,670
What should I improve in my resume to get interviews in the field of data analytics?,2448
What is awesome?,1719
What is IELTS and its use?,286
How can I use a vehicle in a different state without changing the registration number?,3649
How should I get motivation to study hard?,3221
What are the prophecies of world war 3 and will it actually happen?,3161
Who do you think is going to replace Rosberg at Mercedes?,4486
What is the best Real Estate website company?,3848
How can I lose weight loss?,3358
Why am I always sleepy?,4806
How will banning Rs. 500 and Rs. 1000 notes help in overcoming corruption in India?,4089
Is it physically possible to travel back in time?,340
What is something you believe that almost nobody agrees with you on?,3206
How do I start preparing for civil services?,3657
Can I do meditation all day long? Does it help to improve my motivation?,371
Why are some questions marked as needing improvement when clearly they do not need improving?,771
Is time travel possible in next 5 years?,2402
What personality traits do all successful salespeople have in common?,791
What are some of the legal but unethical tax saving techniques in India?,3428
What is a black hole? How can we understand it?,3417
How can I stop feeling suicidal?,1445
How can I succeed in medical school?,2430
What is it like to work in the first IT company?,1845
What is a boiler?,3485
How different is an Ozzie accent from a Kiwi accent? And can Kiwis tell a person from North Island from South Island by their accent?,3722
How can someone lose weight quickly?,4086
Who is the best teacher in life?,421
What are examples cold and warm blooded animals?,4716
What are the best fruits to eat for weight loss?,4411
What is the best workflow process from design to development using Adobe Muse?,760
Is there a reason why most Quora posters are anti conservative liberals?,4684
What's the feeling of having sex for the first time?,4333
What are fundamental duties of Constitution Of India?,3513
How can I get up early in the morning?,284
What are the best part time jobs we can do in Bangalore?,328
How can one watch Indian TV channels in the USA?,2806
What are the life lessons that Batman teaches us?,153
How do silencers work on a Remington 770 rifle?,3175
What kind of problems industries are facing?,4745
What are the best sites to download movies?,2679
Is honey from bees considered vegan?,1597
Why is the golden ratio important?,3622
What should I do to be a great geologist?,0
How can I improve my English speaking .?,221
What is the best way to stop caring about people who do not care about you?,4078
What are some of the most liberal countries?,3456
Is it possible to permanently delete a Quora question?,648
Why is India failing so miserably at the Rio Olympics?,1672
What stocks are the best to invest in right now?,267
What do you think of the decision by the Indian government to demonetize 500 and 1000 rupee notes?,2906
How can I remove cockroaches from my house?,4354
How do I improve at drawing?,697
What is the best programming language for a beginner?,2039
What is the one thing you always wanted to achieve in your life?,3173
What is the best way to find good questions on Quora?,1515
Is there life on other planets and are they more advanced than us?,2226
How can I have a big penis?,647
How comfortable are you with failure?,2533
How can scrapping use of 500 and 1000 rupee currency notes in India solve problem of corruption?,4913
What percentage of men have had sex with another man?,2561
How can one speed up metabolism?,2282
How did the Big Bang happen when there wasn't any time for it to happen in?,195
How do you correctly use who and whom?,2575
What is a good trombone and trumpet duet?,3674
Is it stealing if you steal from a thief?,509
What is a way to make money online?,2009
How can I know if I have been emotionally abused?,1286
Why is POP called plaster of PARIS?,1071
How do I flirt with any girl?,1138
How can I have a dream within a dream?,4885
Computer Science: What is a programming language?,4906
What are good ways to teach children not to lie?,569
What are your opinions about scrapping Rs. 500 and Rs. 1000 notes?,3984
How do I know if I'm narcissistic?,1880
What is reddit and how to use it?,2245
Will Hillary Clinton pardon herself if she's indicted for a crime?,4044
What should a writer do for inspiration when they're experiencing writer's block?,3413
How can you get rid of stretch marks by losing weight?,1790
How can I remove cockroaches from my bedroom?,4354
What is the relation between Snoop Dogg and Wiz Khalifa?,609
Why do so may people ask questions on Quora that can easily be found by a simple Google searh?,403
Which is the best place to hangout with friends in pune?,928
What can we learn from Mahendra Singh Dhoni?,2306
What is make money online?,4822
What is the criteria of getting scholarship by GRE score?,4632
How can you tell if someone isn't honest?,2644
How do I lose weight without quitting?,2613
How does the ban on 500 and 1000 rupee notes helps to identify black money and corruption?,2963
How can I make money trading Bitcoins?,4001
Which martial art should I learn?,4393
How can I get in touch with underground hackers?,4429
Why Muslims hate Modi government?,316
Who is Magenta in Blue's Clues?,2110
How can I stop getting scared?,2443
Why does the green card lottery exist?,3092
When will Apple release the new MacBook Pro in 2016?,3388
How can I improve my pronunciation in English?,413
Why do people say bless you whenever someone sneezes?,1543
Why is Donald Trump running for president?,2839
Is Career Launcher good for RBI Grade B preparation?,14
What new features we can expect in next year's iPhone 8 (2017)?,3822
Who will win the Premier League 2015-16?,2442
How I can be good at handwriting?,762
What are marketing techniques for language schools?,324
How do I organize JavaScript code?,3165
How can I cure my diabetes?,2936
What is the best way to prepare for CA final law and audit?,3723
How do you apply Vicks Vapor rub to treat a stuffy nose?,145
Do colleges look at freshman grades?,4103
How do I prevent myself from sleeping during lectures?,4577
What is an effective way to control emotion and how do you release your negative emotion?,1006
Is REC (Rural Electrification Corporation) a good stock to invest in at the current market price of 135-138?,1841
What's your favorite Chinese food ?,3128
Will the new Rs 2000 notes carry a nano GPS chip? Will it really Help?,1013
Why nobody answer my questions in Quora?,44
Why can't we have one child policy in India?,906
How much will it cost to build an Android app in India?,550
What are the most popular Q&A on Quora?,3697
Why do so many people on Quora ask stupid questions they could find answers to if they spent less than 5 minutes on a search engines?,3098
Why can't India ban the import of Chinese products in India?,1239
What was the best smartphone of 2016?,4076
How is the mass of one electron determined?,3478
How does Quora calculate how many views does an answer have?,3166
Which country has the highest gold reserves?,2922
How can I lose weight slowly and naturally?,990
What are human impacts on biodiversity?,493
Does success mean to have money or does money mean to have success?,1720
Which are the best books to understand calculus?,102
What is a skeleton equation?,4705
Which laptop is best under 50K now a days?,933
What's the best smartphone I can get under rs. 15000?,2593
Was the Prophet Muhammad really a pedophile?,1611
What does it feel like to have sex with a man if you are (or were) a straight man?,2732
How can I write a good business email?,4786
Is water really incompressible?,2786
Is evolution real? How has this been proven?,359
Why is Voot slow?,2938
What is the significance of the numbers in Pi?,1267
What is said in the New Testament about tithing?,3347
Where is the best LG refrigerator repair center in Hyderabad?,1976
What is your review of the MacBook Pro (2016)?,704
Which is the best way to control anger?,1199
What could cause lumps under my jaw line?,4597
What is the most annoying thing that people around you do?,1843
How can I improve my pronunciation of English words?,2172
Do sports teams pay for families to travel with the family member on the team?,4420
What are the major differences between Chinese culture and Western cultures?,676
Why am I so alone with no friends?,2182
How can I make someone feel important?,1978
What is the most interesting fact you have come across and want others to know?,4619
How do you know if you are a psychopath?,1986
Which best sites to download movies?,2679
Why does the caste system still exist in India?,322
My period is 10 days late. Am I pregnant?,2774
Is it necessary to learn C & C++ before learning Java?,3177
How will discontinuing ₹500 and ₹1000 notes affect India's economy?,1281
What are the different ways to rank keyword through Facebook?,1261
What is the best resources for learning SAP Hana?,2884
Does a fetus breathe when it's inside a womb?,137
Who is the most inspirational person to you?,3120
What are some of the best movies of 2014?,1081
How can I control my anger? ,4313
Why is a magnetic field produced when current flows through a conductor?,434
Why my question is marked as needing improvements?,4861
What are the different ways in which evolution has been proven to be real?,359
How do I find investment banking work experience in London?,836
How do you soundproof a room for music?,1171
What's on your Christmas list this year? What do you hope 'Santa' will bring you?,2283
How do I can hack wifi?,2001
How much do investment bankers make?,598
What does the name Quora exactly mean?,602
When is Winds of Winter coming out?,4201
What are the best haunted places to visit in Delhi?,3212
How can you determine the atomic radius of niobium?,4730
How do I get PMP certified in 1 month?,2577
What is your honest review of Dangal (2016 movie)?,1633
Hillary Clinton nothingburger?,2070
How does Cantonese Chinese differ from Mandarin?,823
Are there any evidence that Hitler committed suicide?,3081
Where can I study pilot training at low cost?,2497
Would you rather know when you will die or how you will die?,686
Does education kills creativity?,1060
Which game engine is the best?,4070
Can I get pregnant 3 days after period if I bled for not even a full 3 days?,1251
What would have happened if Nazi Germany won WW2?,3208
What's the best residential ISP in San Francisco?,1640
How can I earn money using my Quora profile?,2357
Is asexuality caused by low testosterone?,4474
Where can I get emergency fire protection service in Sydney?,1629
What are good ways to learn how to play soccer?,2954
When did you first realize that you were gay/lesbian/bi?,2547
Does penis size really matter during sex?,2735
Would a black hole be the exit of this universe?,1723
What are the major societal differences between Spain and Portugal?,2915
Which countries were separated from India since ancient times?,2966
Why is it that people think that they are better than everyone else?,891
How difficult is it for the average person to become a computer programmer?,1302
What is a good software engineer?,3104
How do I search for entry level software developer jobs?,3269
Why do people reject LGBTQ people?,4606
Which phone do you use and why?,887
Does all Muslims hate Narendra Modi?,316
Why would many vote for Donald Trump over Hillary Clinton?,4884
Why do people ask questions whose answer can be easily found on the internet?,875
Is it considered creepy if you upvote almost all of the answers of someone you follow on Quora?,4717
What do I use to clean my crystal meth?,1993
Why doesn't my shift key work? How do I fix it?,4686
How do make personal assistant like jarvis?,1747
What is the nicest thing a stranger has done for you?,3264
How do you define human being?,1132
Where can I get very professional painting service in North Sydney?,1189
Why do horrible and evil people never suffer in life?,2712
How does a person with no US credit history rent an apartment?,3129
What is crop top?,1102
What age should be appropriate to lose virginity?,980
What was the Glass-Steagall Act?,3819
Which is the best country to visit?,4452
How does the IoT work?,3912
What do you think about Modi government banning 500 & 1000 currency note from 9th November?,3516
Which is the best earphone with deep bass under 1000?,47
Which is the best phone to buy within Rs.15000?,4240
How do I make myself feel beautiful?,2423
Is time travel still theorized as being possible?,441
My ex-girlfriend is in my class and I am unable to face her. I feel emotionally tortured because I still have the same love for her. How do I face her?,1204
What is that one question or answer in Quora that changed your life?,736
Does masturbation reduces memory?,4931
Which jobs have a high turnover rate?,2483
Can creation and evolution co-exist?,4193
How do you teach kids about adverbs?,2215
How often do you drink coffee?,604
What would happen if Indian people had succeeded in their Mutiny 1857 to secure independence? How would be our India today?,1351
How do I post a question that was marked as needing improvement?,4861
Would immortality be a curse or a blessing?,4177
What is a Bose–Einstein condensate? What is the use of it?,2141
How do I earn money online?,4290
What is the current political scenario of India?,764
How do I submit income tax returns online?,4675
What can you teach me that can be useful in my life?,3547
How do I get rid of the fats covering my muscles all over my body?,1195
How does banning 500 and 1000 rupee notes help to control black money?,4913
Is the politics of Quora inclined towards the left wing?,3319
Have we ever had a Presidential candidate under investigation by the FBI before?,1758
Can I ask questions in Hindi at Quora?,4764
What do you think about Fantastic Beasts?,4760
Why do some people think that the Earth is flat?,1493
Is the deep web really dangerous? Or is it just exaggerated?,4842
Why are Indians so obsessed about what people from other countries think about India?,898
Where the next financial crisis will come from? Where is the next bubble?,2658
Will the Electoral College vote for Hillary?,2856
How do I reset my Gmail Password?,4251
What can Indian youth learn from Deepika Padukone?,4797
What is the best way to organize JavaScript code?,3165
What should I apply first concealer or foundations,1348
How do you trace your roots?,1144
What are the best ways to get clients for software startup?,571
What is the best lesson you have learnt on Quora?,3154
What are ways I can make money online?,4860
What is a traditional economy? What are some examples?,4280
Why does Quora have a character limit for question titles and details?,2883
What are some interesting things to do when bored?,355
How can I stop masturbating forever?,1184
What is the worst thing that happened to you for being nice?,4626
What are credits for in engineering?,2507
Are asexual men just suffering from low testosterone?,4474
How I use 4G network sim on my 3G mobile?,3306
Which are the best apps for enhancing your vocabulary?,4602
What are some possible solutions if I forgot my iCloud password?,1485
What is the scope of interior designing in India?,3268
How can I become a good speaker?,121
What is an intuitive explanation of Gradient Boosting?,2717
Is homosexuality against the laws of nature?,1678
What is the best way to treat a mouth ulcer?,3060
What is your favorite book of all time and why?,1179
How was your first masturbation experience? When was it?,3394
Why we need study?,381
How can someone control their anger?,227
Which is the best Hollywood movie which released between July 2016 and December 2016?,2660
What makes India different from the rest of the world?,368
What will be the temperature of a dead person?,4558
What are the reasons that people dislike Hillary Clinton?,3742
Is it possible that there is life in other planets?,3329
What are the career options after electrical engineering excluding joining the MNCs?,3240
Can you suggest a best budget phone below 15k?,629
What are ways I can increase my height (I'm a ftm Asian)?,1018
Will time travel be possible in future?,998
How do I stop eating fast food?,3070
What are the most embarrassing moments in life?,1590
I want to crack CA CPT in 2 months. How should I study?,310
Which coaching institutes are the best for CAT?,1500
How can I treat a hard pea sized lump under my skin?,1715
How has india changed under Narendra Modi?,1560
How do I make my girlfriend happy when she is upset?,4033
Why was Cyrus Mistry removed from the chairmanship of Tata Sons?,4350
How do girls feel when they are squirting?,2558
Muslims: what's your thought on Maajid Nawaz?,2111
What are the places to visit for a honeymoon in Kerala?,4335
What is the saddest book you read in school?,4197
How does specific heat and heat capacity differ?,354
Why are men attracted to breasts? Is it nature or nurture?,3322
Websites: What is the best dating site?,2727
Why do dogs wag their tails?,1042
Why World War III are inevitable?,626
How does a cactus survive in the desert?,3830
Is hard work best or smart work best?,3155
Can you describe the best moment in your life?,2433
Do you ever thought of doing suicide?,2164
What do I do after vomiting?,1770
Who actually is the most powerful person or what is most powerful organisation of the world?,2102
What are the best websites for customer complaints?,3132
My boyfriend gropes me in his sleep. Is this normal?,4252
Why am I waking up with swollen lips? How can I treat this?,3151
How can I learn to play the piano/synthesizer?,1293
What are some national festivals of India? How are they celebrated?,3301
How can one earn money online without investment?,3198
Which or what are the best laptops under 35 to 40000 in India?,1697
Websites: What is the best dating site?,4241
What is the best embarrassing moment of your life?,3435
What are the reasons behind most Indians being against Barkha Dutt (and NDTV)?,1390
What are some good books or references to get started with machine learning?,2573
What's the best way to copy music from my iPhone back to iTunes?,885
What exactly is light made of?,595
How is the total energy of the universe zero? Why?,1798
What do you think about banning 500 and 1000 rupee notes in India?,4202
What are some of the best ways to gain weight in a healthy way?,1969
What should a writer do for inspiration when they're experiencing writer's block?,2822
Can you recommend some good documentaries in science?,4878
Which citizenship will a child get if it gets delivered mid air during an international flight?,4919
Can I make money online?,1850
How Green tea is useful for reducing fat?,925
Is at least the potential energy of vacuum energy and dark energy infinite?,3203
What are the qualities of a good mother?,4964
What is the exact difference between supercharger & turbocharger?,4247
What are the natural resources that can be found in the Vatican City?,2444
What is the best answer I can write for this question in college? Comment on the appropriateness of the title of the story 'A Midsummer Night's Dream?,3402
What is the difference between front end and back end development?,4950
What are some mind blowing technology gadgets that most people don't know?,1065
What is the best Bollywood movie of 2016?,2698
Did social media instigate Egypt's revolution? Why or why not?,2364
How do I study linguistics?,3273
Causes of great depression?,2435
What are the best sites to download movies from?,2958
How do I control emotions..Like Heart Breaking emotions?,2929
How can I ask the right questions?,3774
Why do so many people ask questions on Quora that can be easily answered by any number of legitimate sources on the Web? Have they not heard of Google or Bing?,3098
How do kilns work?,763
What is the best way to make money on Quora?,3046
Is tea better for you than coffee?,1326
How do I change my interests in Quora?,4433
What is the most disturbing dream you've ever had?,1675
What is the best programming language for hacking in the world?,3280
How do we prepare for UPSC?,11
Donald Trump or Hillary Clinton? Why?,3355
How can you completely get over someone?,1167
What are the differences between an Aussie accent and a Kiwi accent?,3722
What does it entail to work as a Disney princess?,1473
How do I add images in Quora?,2574
What disappoints you about LinkedIn?,4026
Does green tea really reduces weight?,3767
Have you ever been fired? How did you deal with it?,302
What are ways to make money online at home?,3756
Is there any possibility to store lightning for usage?,2260
How do I get off Quora?,228
How can I become a good developer?,4946
What are some things in which you believe but almost no one else agrees with?,4323
How imminent is world war III?,180
What is to be done to be a good software developer?,4946
What is origin of Hindu?,2384
How can you get the best grades at school?,1252
Why is saltwater Taffy candy imported in Canada?,4104
Why is a surgical strike named so?,3127
Why is the sky blue color?,2901
What can I do to help the situation in Aleppo?,597
What are some good techniques for controlling your anger?,4735
What is the difference between markup language and programming language?,4556
What are some cultural differences between Spain and Portugal?,2915
How can I recover from the effects of growing up as an unloved child?,4971
How do I stop myself from thinking about my ex?,4496
What are the different schools of thought within feminism?,2374
How can I get out from addiction?,3026
What is the best logo ever designed?,1579
How can I get better with public speaking?,4831
Should I learn Ruby on Rails or Node.js?,977
How carburetor know when to inject fuel?,4763
How can scrapping use of 500 and 1000 rupee currency notes in India solve problem of corruption?,4018
Programming Languages: What is the best programming language to master?,2173
Which is the best Android tablet?,4601
How can you reduce your fear of dying?,95
How do I increase my patience level?,1339
In what medium does light (photon) travel?,4967
What existed before the beginning of the time?,1269
How do develop my personality?,4793
Why Modi banned Rs 500& Rs 1000 notes?,4756
What was it like to work with Satya Nadella?,1130
Is World War III coming?,626
How do transitive and intransitive verbs compare and contrast?,4467
Can you please let me know the password of your email-id? I need it for checking some things.,1253
How introducing 2000 Rs notes which is of higher denomination than the current highest denomination 1000 Rs notes will reduce the black money?,4359
Why do we need to use Quora when we have Google to search for answers?,3261
Why caste system still survive in India?,565
Why do people still think the the world is flat?,1391
Which are the best video editing softwares?,2232
What is the first moment you remember in your Life?,314
What are some of your favorite misheard song lyrics?,521
What will Hillary Clinton's India policy be if she becomes President?,2870
Who will win the England v Wales match?,657
What can we do for hair loss?,1669
Why would bad things ever happen to good people?,4536
Will Trump form a coalition to go after the families of terrorists?,1547
How can pass the GRE exam in physics?,1008
How did Donald Trump manage to win the 2016 US election?,3457
Who should be blamed for the poor performance of India in Rio Olympics?,1342
How should I start my preparation for IAS as an engineering student?,2209
How can I learn to speak Spanish fluently?,1803
Is man landing on the moon true?,3441
What is the simplest way to forget someone?,1594
What are the most common examples of solid matter?,415
What should I do if my dog ate cough drops?,4135
What is the License Raj?,2720
How did you feel when you had sex for the first time?,3681
How long does it take to be a professional web designer?,810
How will the ban on Rs. 1000 and Rs. 500 notes impact Indian economy?,2116
How can I concentrate and focus on my studies?,4877
How strong would be privacy laws of Poland if it wasn't part of EU?,4867
How many times will you have sex in a day?,840
What if the Roman Empire Never Fell?,1209
What is light made up of?,595
What do I need to learn to get a fair chance of getting selected for GSoC?,2588
How do I sleep less but not feel tired?,1312
How can I recover my Google account.?,3471
What is the best high school physics textbook?,3624
Is it healthy to eat instant white oats every day?,1509
How do I make money from my Car?,706
What would be the best time to have sex?,242
What is the effect of black money on India's macro economy?,1465
What are the pros and cons of buying a used car from a rental agency directly? (example: buying an Accord from Hertz Used Car Sales),1549
What was the worst year of your life?,3693
Does it matter whether humans are selfish or evil?,40
What is the use of demonetizing Rs. 500 & Rs. 1000 notes?,234
Why is the war happening in Syria? Who is involved and why?,3109
How can I learn web development?,2101
I have come up with a video game idea with a potential to be very popular. How do I sell my idea to developers and make sure it doesn’t get stolen?,2456
What is the highest mountain in India?,2352
What is the best possible solution of the kashmir issue?,3968
Is the government hiding or harboring aliens?,894
Which were some of the bad experiences you had in life?,277
What are the best places to visit in Kerala?,3284
What are some of the funniest jokes you've ever heard?,4787
What are the creepiest paranormal experience you have had?,3259
Why is there such a high rate of ticket cancellations in the Indian railways?,4849
What one exercise will help me lose belly fat?,1982
Can you study two different phds at the same time and in two different universities?,4287
Can people really change their eye colors by hypnosis?,1137
Is Elon Musk a good engineer?,978
How can I get money?,2175
How do I to meditate?,1247
Why is there no comment section on some answers ?,797
Why are some people never satisfied?,3239
How do I avoid someone without them noticing?,3495
What is the difference between eternal and immortal?,1340
How do I become a football/soccer manager/coach? What are some steps I can take to start?,1043
How helpful is Pseudoephedrine when you have a runny nose?,2058
What is the Indian President's salary?,4392
What projects can I do if I have good knowledge of C language and data structures and algorithms?,1943
How will real estate prices be affected in India after banning of 500 and 1000 rupees notes?,444
Why the greatest empires in Indian history are centered around Bihar?,3459
What type of diets can you follow to lose 5 pounds in 2 weeks?,1033
Can I make thousands a month playing poker?,3438
Is art a form of communication?,4398
Which operators cannot be overloaded in C++?,1011
What are some paranormal experiences you had?,1054
What is the best way to learn to play the guitar by myself?,650
How can one solve Rubik’s cube 3×3×3?,3453
Is it possible to send messages privately through Quora to someone answering my questions?,4107
When did the Neocortex develop?,4918
Why is diversity a good thing?,1062
U.S. Presidential Elections: Would Trump beat Sanders if they were the nominees for President?,1103
Where do I find a simple to understand solution on how to lose weight?,1831
What are some good books for JEE Mains only?,1827
What is the health condition of Jayalalitha?,822
How can I gain weight within month?,2128
What should be India's move against Pakistan after Nagrota attack?,860
How can I improve score in PTE?,3904
How do you remove epoxy paint from a concrete surface?,1012
How did Donald Trump become president?,3718
How do I ask my girlfriend to show her breasts?,3566
What does it mean when a girl says she needs space?,2969
What should I do if I'm badly bored?,355
In the future: Can humans become immortals?,2340
I'm 20 and I want to know about the stock market. What should I learn?,3729
Should I upgrade iPhone 6S Plus to iPhone 7 Plus?,3007
How do you ask a great question?,2670
How do I learn to remember names?,4497
How can I make the most of my college experience?,3156
How can I kill a pack rat?,4164
What are some good anime like one Piece?,3332
What is the difference between trivial solutions and non-trivial solutions?,4204
How will it affect international students coming to the US for undergraduation now that Trump has become the President?,2036
If I become a millionaire should I tell families and friends?,422
How is this online course on digital marketing?,4064
Why do Indians get so few medals in the Olympics compared to China?,1192
What is the difference between IMAX 3D and 3D (movie formats) ?,4045
How do you become a very good writer?,3980
What it is like to work in RBI?,3000
How do you balance the demands of being a parent with running a business?,877
Why are there so many Muslims in Hindi film industry?,575
How can I change my Gmail password?,3348
What do you mean by an introvert?,1668
What are the most awesome places worth visiting in Chennai?,1743
How do I get rid of acne and its spots?,3955
What are the best real estate website design companies?,3848
Who will be a better president Donald Trump or Hillary Clinton?,1162
What's the best way to start a startup?,749
How long will the reservation system (quota) continue in India?,783
Which are the major development in Chhattisgarh?,2056
How can I become a paytm agent?,4887
Do some white girls like Indian guys?,2338
How do I overcome Social Anxiety?Please help.,1067
How do I go about asking the right questions?,3774
How can I get rid of pimples all over my face?,1249
What are the safety precautions on handling shotguns proposed by the NRA in Arkansas?,3492
How do I suck it up and lose weight?,608
Is sex necessary in a relationship?,1731
What are the pros and cons of strarving yourself in order to lose weight?,1504
How does sex feel?,3454
Human Behavior: What is the one lie that you tell yourself repeatedly?,807
What's the best way to get high from eating weed and why?,578
Is it healthy to eat a tomato every day?,2498
Can I change my engineering college after 2nd year?,3684
How does one become an actor?,3638
Is Donald Trump right that CNN is biased against him?,1939
How improve my english mail writing skills?,4361
Will baking soda help pass a urine test?,1931
Should I use Swift or Objective-C to learn iOS development?,611
How do I kiss for the first time?,2900
What are the possible implications of Demonetization of 500 and 1000 rupee notes?,1101
How do I avoid getting sick?,4522
What's a good password manager?,2221
What is the difference between Apple's Mac and Windows?,4097
How well proven is life after death?,4273
How do I stay motivated?,4127
How do I stop my Shepherd-Husky mix puppy from humping my furniture?,1165
How To speak English Fluently ?,2320
Why do white girls date black guys?,4143
How can I crack JEE?,905
What is the best way to learn web programming (I'd prefer Ruby)? What do I start with? What are the next steps?,917
What are the best love story books?,2465
How do I start as a video game developer (for beginner)?,2869
How can I develop photographic memory skills?,3439
Would there still be web hosts without net neutrality?,3535
How do I make India as corruption free?,775
What are the best novels to read while preparing for the CAT?,2754
Why do people believe in God? What is the real faith in God? How do you believe God?,386
What is the best website design company?,3121
How do I write anonymous answers in Quora?,3998
Which is the best website designing service in Hyderabad?,3800
What was that one moment when you realized you have grown up?,4454
What is the Indian Army's artillery?,2234
How do I gain weight in a healthy way?,2064
How did the British colonial government torment India?,1419
What are the best pizza recipes?,3629
How do I get Instagram messages back when deleted?,1031
How can I make a perfect BBQ steak?,2265
What was the best day of your life? (Excluding family things like births),3083
Why is Saltwater Taffy candy imported in Portugal?,1897
Will time travel be possible in the next 10 years?,4190
What are the negative aspects of British colonialism in India?,1419
How can I improve in English?,4915
Can I survive A 50 AE Desert eagle hit in The head at close range?,2739
How do I prepare for the GATE and is coaching necessary or not?,660
Why do people like Deadpool (Marvel Character)?,4265
How do i lose weight?,4566
What can you do after engineering in India?,1429
Do female porn stars get pregnant while doing their job?,4824
Which really are the benefits of reading?,3244
What do Pakistani people think about the Uri attack on 18th September 2016?,529
What is the thought process behind designing a country's national flag?,560
How scripted are the scenes on Made In Chelsea?,2326
What are the elements in your life that make it “complicated”?,4739
What are abiotic factors and how do they affect the ecosystem?,1829
How do I concentrate better in my study?,3315
What do I need to do to get into MIT?,3145
How do I catch cheating husbands?,3399
How is Trump planning to get Mexico to pay for his supposed wall?,4829
What is the best way to be a designer?,1152
India's Prime Minister removed 500 and 1000 rupee notes from circulation. Is this a good way to curb the spread of black money?,2518
Is 3 % the survival chance of a direct hit to the head from a Desert Eagle 50AE?,872
What is the best health insurance I can get for a foreign family visiting the US?,1341
How can we study csr funding online?,3061
Can you get pregnant 8 days before your period?,1271
What are some of the best story on friendship?,3071
Does life get better as you age?,2686
What is your review of Tim Cook (Apple CEO)?,3725
What is the solution to control anger?,2489
What is are the best jobs in the Philippines?,847
Was Leonardo da Vinci a German?,3594
What's new about the new 2000 rupee note that will help curb black money?,4731
How can I unlock iphones?,651
What is the most effective way to break a porn addiction?,3130
Is onion juice mixed shampoo good for hAir growth?,4368
What is the best way to talk English fluently?,1183
What are the most common legal issues startups encounter?,4851
How can I overcome suicidal thoughts?,535
What is the easiest and most painless suicide method?,4453
My hair is falling. What can I do to prevent this?,1049
How do I prepare and qualify for bank exams?,2155
What are ways to reduce tension?,4510
What is the most embarrassing moment your crush had in front of you?,1434
What has been your worst birthday experience ever?,3572
What is the best way to memorize things?,2018
With what programming languages or frameworks are most of the current startups built upon?,2902
How can I increase the traffic to a website?,1421
How do I ask a girl out for a date?,3188
What is the difference between assessment and evaluation?,427
Can Gary Johnson win?,1232
What is the best way to learn how to hack (whitehat)?,1478
What's your failure stories?,2501
Where can I get necessary advice for any property transaction in Sydney?,4285
Who are successful women who have struggled for their success?,3626
What is IP address?,3876
What is the point of answering questions on Quora?,3981
What will happen if India and Pakistan gets into war and who will win?,540
What is the best used car to get under 5k?,2751
How can negative decibels exist?,2472
What is the minimum CGPA required for MBA in the USA?,3185
How is the mass of the electron calculated?,3478
How can I crack the civil exam?,4369
Who will win the next 2019 general elections in India?,2746
Why would watching snooker be different to playing it?,1424
When and how was paper first used in India?,4516
What is the very first thing you remember in your life?,314
Why don't many people posting questions on Quora check Google first?,4893
What's your Christmas list?,2283
What is the chi-square test and how is it applied?,2023
How can one follow someone on Quora?,3034
How can I get my old call history and text messages from metro pcs?,600
What are the best iPhone gadgets that really worth buying?,824
What are the best investment strategy for beginners?,3447
What were the causes of the Industrial Revolution?,624
Where and how do the crop circles get generated?,171
Why are some questions marked as needing improvement when clearly they do not need improving?,1722
What's it like to work at Best Buy for your first job?,1645
How do I reset my Gmail password when I don't have access to my recovery information?,4198
How do 3D printing work?,31
Was Jesus Christ Jewish?,3331
How can I flush meth out of my blood?,2948
How do I know whether person is lying?,4353
Which course after b.tech in mechanical engineering suits best?,4936
If there any chance in the world to survive a headshot at close range with 62.000 fps speed with a 300 Grain HP bullet?,3908
Did any porn star get pregnant due to creampie scenes?,4824
Is the demonetisation policy of Modi a good move to curb black money and corruption?,3946
Will oil prices go back up?,4682
What should we do to be best software developer?,581
What is the world's view on the design of India's new ₹500 and ₹2000 notes?,3256
Between whom will the next world war be fought?,3148
What are some startup ideas for India?,2749
Is Donald Trump fact free?,3466
How do I break up with him?,3950
Why do birth control pills make your period lighter and help you get rid of hormonal acne?,2188
What is the temperature of a dead person?,4558
How do you block someone on Quora?,4567
Why do people believe in a supernatural power ('god')?,4297
Why do some people ask questions on Quora that could be asked directly to a search engine ?,755
What happens after we die?,1892
How do I make friends.,13
Was Melania Trump hacked?,4006
How do you know if a guy likes you?,3443
Are vacuum fluctuations occuring because the energy in vacuum? Are these virtual particles?,1804
What is the scientific reason behind visiting temples?,225
Is there any way I can earn money online without any kind of investment?,1503
What is the best way to get traffic on your website?,88
Can you share any good tips to fight depression?,3582
How can I see who viewed my instagram post?,3113
What is the difference between Chinese and Western style wedding?,128
When did you join Quora and what brought you here?,3560
What are some of the best music albums ever?,330
What will happen after we die? What about our thoughts?,4141
What are the pros and cons of tennis balls on your walker?,620
Who are the most underrated actors/actresses in bollywood?,1706
What is prime minister Modi expecting from the people of India? Why does he always seems to be in advising spree?,1908
What is best option to investment?,2251
What are the career options available for an electrical engineering graduate?,3970
Will there be another billion dollar lottery Jackpot?,71
Why do we stop growing after some age?,3655
What is it like to work as a Disney Princess at a Disney Amusement Park?,1473
How do you cure puffy eyes?,1531
What does my Kundali reveal about career?,2176
Why did gay marriage get legalized in America?,2316
What are Balaji Viswanathan's views on caste based reservations in India?,259
We know that light is a wave but does it require a medium to propagate.If yes then what is that medium.,4967
What are some examples of common sense or presence of mind?,3568
Can someone translate this picture from Arabic to English?,1009
Pros and cons of being a doctor?,4443
Which fictional character do you think you are and why?,2652
How could I get an ISO certification?,3870
What is the biggest transformation you have witnessed?,4027
What is the best digital camera on the market?,2710
How can I earn money from Facebook page?,3519
How can I gain weight?,2807
What are the most annoying questions you see on Quora?,4696
How good is Indian Army?,4863
How are proteins produced?,3668
What is the worst company you have ever worked for?,1331
How was your first masturbation experience?,3394
Is World War 3 more imminent than expected?,456
What would be the impact of Quora getting hacked and all anonymous identities exposed?,2633
What are movies with incest scenes?,138
How do I become emotionally and mentally strong?,1564
How do I become successful in my life?,4611
How do I start selling on Amazon?,155
What is the best way to prepare for the theoretical part of the CA Final Exam?,631
Is the neutron star made up of only neutrons?,66
What would happen if the internet shut down and how could it happen?,957
Which are some of the funniest questions on Quora?,2657
Why does Quora mark most of the questions as needing improvement?,1425
How can I make money online with free of cost?,91
What is the best forex trading software?,3430
Which business is better to start in Hyderabad?,55
What are logical fallacies?,1380
What jobs have the highest turnover rates?,2483
What are words you most commonly associate with “your” children?,3153
Will there be a World War III soon?,1698
Question That Contains Assumptions: Why do good people suffer and evil people enjoy?,2712
Was Taj Mahal really an ancient Shiva temple before its recreation? What are those evidences which really prove it?,2941
When carrying out A/B tests how long should should one test for?,3705
How and Why did Donald Trump win the election?,2741
How do I pass a drug test for methamphetamine?,133
If time started because of the big bang happening then how could the big bang start because there was no time for the big bang to start?,195
How do I bake a cake in a microwave oven?,4446
Do you think that US funds ISIS?,2132
How do I learn deep learning in 1 month?,1333
What should one read to learn about philosophy?,511
What are the tips and best books for preparing NTSE?,2263
What is the best phone to buy below 15k?,115
Why is India failing so miserably at the Rio Olympics?,405
Why did Arnab Goswami quitted from Times Now?,467
How do I concentrate in studies?,4910
How can I make bigger my arms?,3936
What is a dynamo?,667
How do I survive in a long distance relationship?,1584
Is it possible for a dog to die from parasitic worms? How can this be prevented?,4883
What are the worst case scenarios if Donald Trump got his 4 years in office?,3040
What is the increase organic traffic of websites?,4720
Where can we get class 12 economic lectures?,4356
Who do you think would win the 2016 USA Election?,1025
Why is Barack Obama so important for the world?,212
What is the salary of an IIT professor?,2140
Is it possible that Jaime Lannister could be Azor Ahai?,3293
What movies would you recommend everyone to watch?,209
How do you become a good teacher?,554
To anyone who voted for President-Elect Donald Trump: What do you think about Trump's picks so far for his cabinet?,2126
What can natrully change your eye color?,3339
Do Greek gods exist? Why or why not?,1683
Where can I hire an email hacker?,1946
How can we optimize the website which has pages in millions?,1458
Why are police lights red and blue?,163
How many girls get rape in Delhi each day?,1844
Have you ever regretted your divorce?,139
What is the best thing to say when someone tells you they are a Trump supporter?,1832
What is the greatest evidence for the existence of ghosts?,1933
Has San Francisco lost its soul?,2571
What would happen if color were to disappear from the earth?,1905
Why do people say Dhanush (South Indian actor) is ugly? I don't think so.?,1367
What are the best ways to learn new things?,2636
How is Snoop Dogg related to Wiz Khalifa?,609
What is the best way to make your girlfriend happy when she is upset?,4033
When did you first realize that you were gay/lesbian/bi?,4052
What exactly is GST bill and how exactly will it affect the common people?,79
What are some good names for a thrift store business?,2659
How one should know that he/she completely prepare for CA final exam?,3806
How can I meet Modi?,383
Can you make one billion dollars in 10 years?,4473
What is the best romance anime?,738
Why should someone vote for Trump?,4431
What is molecular orbital?,1297
What is the meaning of a corporate company?,4066
What do I do to increase my height?,2991
How do I get rid of bedbugs?,3863
What is the difference between graphs and charts?,3659
What are the advantages and disadvantages of wearing contact lens?,3988
Is time travel possible and if yes can we travel only in past or future or both?,998
What is the best way to reduce weight fast?,1624
What does a mining engineer do?,1985
What is the best laptop I could buy under 20k?,492
Will you computers be able to have dreams or a subconscious mind in the future?,4338
How can I stop myself from grinding my teeth in my sleep?,4288
Have race relations improved or gotten worse during the past 8 years?,1245
How do you deal with existential depression?,4438
Leonardo da Vinci: Is Mona Lisa overrated?,1360
Who will win the 2016 U.S. presidential election and why?,353
Why did Sirius Black have to travel north in GOF?,538
Do you believe in the powers of witchcraft?,915
How do I avoid looking like a tourist in Paris?,450
Can God create a rock so big that even he cannot lift it?,2761
What is the requirement of modulation?,1238
How do I come out to my friends?,3270
What's the first thing you do after you wake up?,527
Has anyone's mom ever caught them masturbation?,1456
What are the best earphones under/around Rs.2000 ?,4903
Is there any way to recover an e-mail in Gmail after it's deleted from the trash?,754
How can I get rid of acne and scars?,1216
Why does a computer need Windows Firewall?,3604
Why do Quora users write very long answers to most of the questions? Is it not a skill to give answer very precisely and shortly?,1288
How can I open my Facebook account I forgot my password and Gmail?,4173
Did the Nazis kill Slavs to give the Jews free land?,2939
Would you consider teaching as a full time job?,3708
Is any thing faster than light?,3743
Are there any chances of growing height at the age of 20?,3766
How do I get more followers for my Quora?,2277
How to promote travel website?,3330
What is a good introductory computer science book?,2612
How do I come out to my family and friends?,3393
What is the cutoff for IIIT Hyderabad in 2016?,3515
What are the top 5 classic books of all time you have to read before you die?,4475
Why are there so many people using Quora to answer questions that can easily be found with a simple Google search?,4604
What are some great whisky mixers?,1140
What should I do if I witness a parent abuse child in public?,4511
Why is there a word limit for question details?,3502
How can I travel time?,3484
Does masturbation cause infertility?,2095
What is Oort cloud?,2473
What actually existed before the Big Bang?,1620
What are radio waves? What are some examples?,3368
How do I simplify my messed up life?,2160
Can we pay to clear VTU backlog papers?,4975
What is rice puller?,4145
Why should someone do MBA?,2882
How will demonetization of ‎₹1000 and ‎₹500 notes will help curb the rampant black currency in India?,1484
What can I do to practice my English?,941
What are the most interesting foods you have eaten in any country?,110
Is there any proof of the existence of aliens? Has anyone seen aliens?,3147
What's a good trombone and trumpet duet?,3674
What's the best used car for under 5k?,2751
How do I remove politics from my Quora feed?,4986
What is lean manufacturing?,3014
How do I lose weight faster?,4854
How can improve my English speaking?,2702
Which can be the best laptop under 30000?,1596
What is the meaning and purpose to life?,248
How do you send a private message to someone you're following on Quora?,239
What are some of the best animated movies?,3545
What is a list of good Indian art films?,3536
When is Trump going to sue all the women who accused him of sexual advances?,2127
Does masturbation cause infertility?,958
Why should I believe in God?,2666
What are the best charities to donate to?,2046
What are some of your favorite documentaries?,3549
How can I improve in English?,2029
What is the best software to use for video editing?,2232
Why are my questions always flagged as needing improvement?,2032
How can I start getting involved in politics?,4815
What do you feel is the purpose of life?,4559
What are the fundamental rights and duties of an Indian citizen?,3513
Which movies or TV shows would you recommend on Netflix?,1365
How do I program a Dish remote to my TV?,1791
What is an easy way to learn Adobe Lightroom?,2468
What programming language I should learn first?,748
If light has zero mass then why it can't escape from black hole gravitational force?,2044
What would you do if you could relive your teenage years?,1554
How can we scientifically falsify the theory of evolution?,4248
What are some of the best online tutorials on front end development?,4547
Which is the best QuickBooks proadvisor tech support number?,4171
How does Special K make you lose weight?,2955
How do I start programming?,3839
How can one get a fuller face?,204
Why is Arabic such a difficult language to learn?,3727
Why don't people worship Bramha?,1834
What is your favourite anime character and why?,190
How good and reliable are OYO rooms?,584
What are the ten best short stories written by Isaac Asimov?,393
What is Obama like as a person?,2974
What are some of the best jokes you've ever heard?,410
What is the recommended book to learn python for beginner?,1785
How can I get rid of facial hair?,3047
Why was my question marked as needing improvement?,4637
Are UFO sightings real? Why?,4400
What is your review of Tim Cook (Apple CEO)?,2540
How to be a billionaire in one day?,4766
How should I earn money online working from home?,1118
Why can't creationism and theory of evolution co-exist?,4193
What are the easy ways to earn money online?,1816
How can I gain weight naturally?,2592
Which are the best movies of 2016?,487
From where should a complete beginner (0 knowledge) start in learning robotics?,2985
What will be the resolution one should have for the year 2016?,258
What are life's simple pleasures?,3103
What is the expected cut off for KVPY SA 2016?,2161
Is ethics bullshit?,479
What is the best programming language ever and why?,2173
How can I learn to speak English fluently?,4960
For how long can the effects of weed last?,4821
Why do my questions on Quora need improving?,3312
Is there any way to recover e-mails that were deleted from a Gmail account?,2011
What do blind people think about when they masturbate?,3562
What are some ways to improve English?,3199
What would life be like on earth if we had two moons?,2736
What are you going to gift your brother/sister this Raksha Bandhan?,3796
What are the things to consider when buying a new laptop?,448
Which sex position do girls like?,1960
What is decanting? How is it used in chemistry?,2038
What is the use of GST bill?,4174
How is chief minister Jayalalitha's health condition?,699
How can I make a girl go wet?,2946
Where can I find affordable safety switch services in Sydney?,4813
What are the home remedies for piles or anal fissure?,274
How did you prepare for the Regional Mathematical Olympiad?,4254
What are some of the best online resources to take a mock test for the SBI or IBPS bank PO exam?,2524
Who will win IPL 2016?,2093
Why was Jayalalitha buried and not cremated?,1215
How can I draw myself as an anime character?,795
How do I contact a verified hacker?,4528
What are tips and hacks at finding cheap flights?,834
How will Trump supporters react once they realize he can't or won't keep his campaign promises?,200
In what ways can I grow taller?,1781
Where do composite volcanoes form? How are they formed?,4084
How do I stop my cravings for junk food?,3070
How can I hack another WhatsApp account?,186
What are some ways to encourage oneself to step out of their comfort zone?,3802
What's the difference between love and pity?,34
Why is functional programming good for concurrency?,4690
Who is stealing your time?,4803
Can I still track my iPhone even if the SIM card is taken out?,4384
Is wine good for the health?,2178
How can I cure a cold fast?,4785
How can you become a travel agent?,4887
Why do we need to use Quora when we have Google to search for answers?,4492
What is the most upvoted answer of all time on Quora?,4445
What are the best in the ear headphones under 2000?,3002
Is the neutron star made up of?,66
What is the quantum mechanical model of an atom?,4061
Will the planets eventually fall onto the sun?,3825
What are some interesting places to visit in Chennai?,2488
Why do girls moan during sex?,1738
What are some great snack ideas for a sleepover?,3135
Can we time travel?,3421
What are the safety precautions on handling shotguns proposed by the NRA in South Carolina?,2622
Why use Quora when Google answers almost everything?,3261
What are some of your best life coaching tips?,1806
Why was cyrus mistry removed?,2264
Why should I vote for Trump?,4431
What is the relation between linear and angular displacement?,2405
How can I increase traffic to my website using social media?,2752
What is your favorite ice cream brand and flavor?,954
Compare the powers of President and Prime Minister of India?,1707
Why is Salman Khan so overrated?,911
How do I improve my pronunciation in English?,1490
How much of unaccounted or black money in India is held in cash? How much help will we get from demonetisation?,2183
Which is the best coaching institute for CAT in Delhi?,3945
What is the stupidest thing you ever did?,3274
What are some applications for arithmetic progression?,2599
What factors affect crude oil rate?,4899
What should I do if I'm afraid of failure?,3246
How do I improve my English speaking?,1490
What were the main and most important political causes of World War 1?,289
When/how did you realize were not straight?,2291
Why do men love anal sex with women?,1644
Does Rahul Gandhi have chances to become next Pm of India after Modi?,166
What is the best Android tablet and why?,4601
How do I find peace of mind?,2722
Why some answers don't have comment option?,640
How can I stop watching porn?,201
How do I speak English fluently at an interview?,3551
How should I prepare for a campus interview?,1801
What is your view/opinion about Brexit?,1248
Are there any good free online astrologers?,243
How do we can remain satisfied in a long distance relationship?,2607
Why do I get a brown discharge before my menstrual cycle?,789
Who will win the power struggle between BCCI and the Lodha committee?,3544
What are some shows like Sons of Anarchy?,2169
What are some best ways to earn money online?,446
How we can travel faster than light?,151
Which is the creepiest song you have ever heard?,2506
How do you potty train a 6-month old Pit Bull?,3733
In how much time Quora answers any question?,3133
What are some meaningful new year resolutions for 2017?,1821
What are your views on ban of 500 and 1000 rupee notes in India?,147
Should people over 91 not be allowed to vote?,4643
What does Richard Muller think of Ed Witten?,4713
What movie have you watched that changed your life?,3363
Why do many Quora users ask questions they could look up online?,2580
How do I save money while online shopping?,4113
What causes black and white flashing dots in the vision? How do you treat it?,966
How do I overcome suicide thoughts?,535
How do I find the love of my life?,223
What is purpose of registering with dogs such as a Maltipoo at the AKC?,473
Can you find someone with a picture?,1711
What is the difference between muffin and cupcake?,2828
What do Russians who live in Russia think of Vladimir Putin?,4347
How are the new Indian currency notes of Rs 500 and Rs 2000 going to help in curbing corruption?,4573
What are the odds of dying if someone shot me in the chest with a 50 cal Desert eagle at close range?,1626
Can I become a CA without coaching?,3470
How do I stop my addiction to porn and masturbation?,876
Does long distance relationship work?,2977
How can I make healthy pizza? Is there any recipe for it?,510
How could I be fluent in English?,1593
Which is the best Harry Potter movie?,2602
How should I stop feeling guilty?,1565
How is culture important in life?,694
How can I lose post marriage weight?,1868
What is the most important lesson you have learned from life?,4128
How can I take my spoken English to a higher level when I speak good enough but not fluently?,2181
Is India developing in the right direction?,893
What are the best anime hentai sites?,4195
Why is the Prime Minister of India quiet on the cauvery issue?,3690
What's your favourite meal?,518
What do people think about Muslims?,1105
Which computer language is the most used?,4007
Why is YouTube not working on my iPhone?,1440
How do I improve my pronunciation of English?,3854
How can I get a list of my Gmail addresses?,2586
Which is the best way to learn data structures & algorithms from beginner to advanced level?,3479
Why is Kejriwal against Modi?,1159
How do you know if you're a psychopath and how do you change?,1986
What are the best ways to learn a foreign language by myself?,4804
What are some examples of Christian privilege in the US and around the world?,3533
Can I restore my deleted emails from a Gmail account?,2267
Why do people ask questions whose answer can be easily found on the internet?,3107
How can I add an Answer Wiki to a question on Quora?,4093
Why should i believe in astrology?,1337
How can I promote Udemy course?,942
How many girls are raped in Delhi in one day?,1844
How and why is perpetual motion impossible?,3689
How did Donald trump won US presidential election 2016?,3231
Where can I get variety of envelope printing services in Sydney?,2363
How do I invest money into stock market?,3805
Is it true that infinity is a number?,2109
What is best computer for cinema 4d?,2637
Which gaming console should I buy: PS4 or Xbox One?,3114
I'm 16 and 5'2.5. How can I ACTIVELY grow taller?,2928
What is the best short story related to Indian mythology you have come across?,4937
What should I do if someone has posted a porn video under my name?,268
Why is life so unfair to me?,2073
What are the 10 best episodes of Friends?,981
Has a presidential candidate ever been investigated by the FBI?,1758
How can I move my whatsapp account with the same number to a new phone?,2213
Tell a joke that the funniest you have heard?,4653
Who according to you is the most corrupt Indian politician ever?,3986
What are the best crossover settings for a subwoofer?,3134
What are the biggest lessons you have learned in the corporate world?,4124
How can I get a boyfriend at age 13?,323
Why is dividing by zero an error or undefined?,544
What was your first mobile phone? Its specificatons?,3489
What is the benefits of gst bill?,4378
Have the Ancient Chaldeans been scientifically tested?,3858
Will we ever find a cure for diabetes or is this condition with us to stay?,1988
I have vitiligo. Is there any cure for it or is there a medication for it?,1724
How many languages need for computer programming and which is the best?,813
Why does temperature decrease with increase in altitude?,409
How do I make crack?,3050
What are the most annoying questions that you feel ridiculous in Quora?,1956
Andrew Ng: Who or what lab is doing the most advanced research in machine learning?,3921
How will you justify that the rusting of iron is chemical change?,1811
How do I make myself more productive/?,4325
Why is Modi not attending the Parliament after demonetization?,2211
Is it a sin to have sex before marriage?,1765
How do I start an online store website?,4677
How is replacing 1000 rs notes with 2000 rs notes going to make black money hoarding a lot harder?,4573
How do I make my laptop work fast?,3227
What will Hillary Clinton do now?,144
Does alien life exist?,4129
Who won the vice presidential debate of 2016 between Tim Kaine and Mike Pence?,2848
How do I clear a clogged ear?,682
Is it possible to Increase height or get taller after 20?,3834
Which team will Win the Premier League this season 2016–17?,1330
Should I learn Node.js or Ruby on Rails?,977
What business should I start with 50 lacs?,689
What separates humans from other animals?,3024
What does gotra mean?,4175
What do we mean by human rights?,622
Coffee can interfere with sleep at night?,1246
When should I start preparing for the civil service exam?,196
How do I run a 800 metre race as fast as possible?,4472
How do I write C program to evaluate expressions like 78* (45-4) *852/2+458?,2846
How can I lose 25 pounds in a month?,3115
What is sampling in research methodology?,2440
Why does magnetic field produce when current flows in a conductor?,434
How do you explain stock market in layman terms?,4023
Why do people still believe the world is flat?,2708
Does women like oral pleasure?,1551
How can one earn money with a Facebook page?,4131
My questions are fine. Why does Quora keep saying they need improvement? It's frustrating.,3312
How do you delete a question you asked on Quora,3958
Which is the best institute in Mumbai for doing Financial Modeling certification course?,3672
Who names the cyclones and how it's done?,2192
Which is the best non-fiction book you have ever read?,850
How can I learn better in school/ How can I get better grades in school?,1252
Will the Americans actually vote Donald Trump?,4968
Who named earth?,1116
What are some good non-fiction books that I should read?,850
Why doesn't the US hold their elections on a weekend or declare election day to be a holiday?,2664
Is it possible to build muscles without using weights?,1925
How can I be famous in one day?,3625
What is the difference between white hat ASO and black hat ASO?,3703
How does teenage pregnancy affect education and society?,1695
What are some of your favourite paintings and why?,4663
How should I prepare for TCS interview?,2850
What are good resources for learning Software UI design.,828
What is Barack Obama like in person?,2974
Why is Saltwater taffy candy imported in Switzerland?,4104
How can we improve the UK NHS system?,2996
Should develop countries help poor countries?,2288
Can we travel in time?,4802
Why would someone become a porn star?,3333
Cardiology: Is it true that you can die from a broken heart?,1021
Can India increase it's technology as compared to Japan in less time without purchasing it?,4962
Which team will win the 2018 World Cup?,3993
Why Cyrus Mistry has been sacked all of a sudden?,3716
Is Syria the 'main stage' for a Third World War?,1901
What is primary purpose of life?,4613
How can I learn astronomy?,959
What are Texas' areas with a low level chance of tornadoes?,4037
What is the best key logger?,3314
What is the most interesting fact you know off the top of your head?,4619
Which is the best Test Series SSC CGL Tier 2 exam?,820
How do I cure stinginess?,2229
What is something you believe to be true that no one else does?,3206
How do I make my arms bigger?,3936
What can I do to hack snapchat on a mobile Phone?,2913
Why do I never have nightmares?,827
Are UFO sightings real? Why?,2157
How do you like sex?,4444
Should I swap my iPhone 6s for a Samsung Galaxy s7?,2986
When will Quora support multiple languages?,4578
What did the human genome project accomplish?,1481
Who is your favorite movie director and why?,2544
How can I increase organic search traffic for my blog?,4140
Which is the best site for HD mp3 download?,4306
How can I shoot a time lapse of a withering flower?,1835
Can Bad memories be nostalgic as well?,4447
What is next step after demonetization?,182
What should I do for my 16th birthday?,2704
How do they measure the height of a mountain?,1416
Have you ever seen someone die before your eyes?,1446
Did anyone experienced OYO rooms? Is it a good experience with OYO rooms?,584
How do I make personal assistant like jarvis?,1747
What can I do to make my skin whiter?,4845
How can I get more views on YouTube videos?,1699
What do you think about the first presidential debate between Hillary and Trump?,759
Which are the best wireless internet services in India?,1160
What are the main functions of the skeletal system?,1899
Why would you stop using Quora?,3106
What are some good mountaineering institutes for a beginner level mountaineering course?,160
Did anyone really go to the moon?,1412
Why do the Dubai Police have super cars?,369
Does the Preacher TV show have nudity?,1767
How do I use an oscilloscope?,4553
How can I become a charismatic person?,1180
Is corruption the root cause of all evil?,3223
What should I do when my friends betray me?,249
What are some interesting WhatsApp conversations?,4693
What do you need to do to get a job in Accenture?,3176
What is the way to increase the height at the age of 21 years?,2810
Why would Hillary Clinton be a better president than Donald Trump?,3423
What was the reason behind world war one and world war two ?,2174
Is Illuminati a real theory?,2798
Who are the best teachers of life?,421
What are programming languages?,4906
Do you desire to become great?,4550
What is the basic purpose of nuclear bomb?,832
What are the best ways to earn money from home?,4860
How should I increase my concentration power?,1588
What are some interesting facts about crows?,2389
How can one serve humanity?,257
Why are the oil prices decreasing?,804
What is the origin of the Hindu religion?,2384
How can medical doctors move into biotech?,817
What is the difference between an asteroid and a comet? What are the compound materials that make them?,4348
What is difference between faith and belief?,1264
Can I hack Wi-Fi?,2001
How do I write a song?,181
What is the difference between CSE and IT engg?,945
What conspiracy theory do you believe?,4349
Do you believe that people can change?,961
What is your favorite eye color?,1316
Is there any scientific evidence of life extending after death?,4481
What is the QuickBooks support phone number?,4329
How can we remove stretch marks from stomach?,1790
What was the hardest decision you have made in your life?,2347
Why doesn't Google buy Quora?,377
I want to improve my English?,3199
How can I be more social as an introvert?,4700
How we can make drones?,1702
What is it like to lose 30 pounds in one month?,2629
What sort of person brings out your fun side?,2315
What is the best answer to what you did in two years gap in a job interview?,104
How can I learn oral English well?,4267
How do I design my mobile app?,2826
Is eating meat and dairy okay?,537
How do you learn the most in the shortest time?,4381
What should I do to get an entry in the Google Summer of Code contest?,1051
What is the future for behaviour economics?,2504
How much does Adam D'Angelo make a year?,3531
Is I phone 5s 4G volte supported?,910
What makes you believe that Everything happens for a good reason?,360
Are there any tricks in complex numbers?,2217
What is your review of Elementary OS?,2447
Why are my Quora answers getting collapsed?,3494
Can we do sex during your pregnancy?,3521
At what point in life do you stop hating yourself?,2865
What are some of the best local places to visit in Goa?,4746
How can I become actor?,3638
What are some tips for writing a novel?,4617
What are the differences between archaeology and anthropology?,3503
What can be my new year resolution for 2017?,1821
How can I find all my old Gmail accounts?,993
Is Evernote useful?,131
How can I get AIR rank 1 in IIT -advance?,4258
What effects do Humans have on the water cycle?,1332
What are some of the best Pokemon Go hacks?,857
What is the possibility of getting back mobile phone lost in mumbai local trains?,643
Who is the most beautiful woman in the world?,4210
What is the best Antivirus software to be installed for my Android phone?,997
How do I become more mature?,3898
Is reservation necessary in jobs and other educational competitive exams in India?,3361
How do I to get rid of acne scars?,2131
Where do nuclear reactions occur in the sun? Why do they happen?,526
Is ice cream good to eat when you have a fever? Why or why not?,1577
How do I post here?,3267
How did Donald Trump win the 2016 Presidential Election?,2354
Why do some people believe everything has to happen for a reason?,3952
What is it like to be in love?,4020
How can I become more charismatic?,1180
What are some popular method to do suicide?,439
Can I fly to Mexico with valid H1B Visa?,2454
Where can I found long-lasting fire shutters in Sydney?,1327
Where can I buy special flavor cupcake at Gold Coast?,2508
Which are best movie in history?,3934
Do you believe there is life after death?,3300
Where do I find audiobooks for free?,1613
What is the most important thing to have in life?,2758
Is Donald Trump the 666 Antichrist?,2237
How will I contact a good hacker?,247
What is exactly wrong in Samsung Galaxy Note 7 battery causing it to explode?,4771
How do I avoid procrastinating?,4695
What is a meaning of life?,4304
What are some interesting facts or stories about crows?,2389
Can I get pregnant a week after my cycle?,3583
Why is ZEE News so anti-AAP?,512
What are the chances of a nuclear war between India and Pakistan?,3763
How do I increase organic traffic to website?,4720
How much extra would it cost if Apple manufactured the iPhone in the USA?,4213
Why did the Bantu migration occur?,2787
What is the funniest joke you know?,45
What exercise can help me to reduce my thigh fat?,4139
Who is the better candidate for being the President of the United States of America: Hillary Clinton or Donald Trump?,1100
What is Balaji Viswanathan's opinion on the Indian Prime Minister Modi's new policy about illegalization of 500 and 1000 currency notes?,982
How do I learn to play soccer?,2954
Why does some engineering students struggle to get job?,727
Why do electrons repel each other?,1188
What is the difference between a WD Element and a WD Passport?,1403
What does the term currency chest means?,4087
Does Saudi Arabia have nukes and or nuclear capabilities?,4586
How can I treat a dry throat and a runny nose?,3978
What are some of the most upvoted answers you came across on Quora?,4445
What are the best ways to study biology?,2740
Which is best mobile under 15000?,1193
What is the reason Pakistan supports terrorism?,213
How can I deactivate or delete my Gmail account?,1823
How do I recover hacked Instagram account?,3194
When and why was the 1st of January declared as the first day of the year?,2040
What are some of the most mind-blowing facts about Mumbai?,1958
What are the pros and cons of client server networks?,649
Is there life on other planets?,4238
Which books are the best to improve vocabulary skills?,3592
I smoked 3-4 hits of weed 6 weeks ago can I pass a hair follicle test?,4784
What scripting language is useful for web development?,2534
Is there any negative marking in PTE?,1778
How do I gain weight in naturally way?,1069
What should one do to find purpose of one's life?,3771
What are some of the best smartphones technology gadgets?,3307
How can the ban of 500 and 1000 rupee notes increase the Indian economy?,3143
How can I speak English like natives?,3383
How do you become an adjunct professor?,2505
How can Donald Trump win the elections when people hate him so much?,816
Where can I get professionally qualified & highly skilled painters in Sydney?,1883
Who will win if a war starts between India and Pakistan?,946
What is the things outside universe?,2271
What is the most delicious dish you've ever eaten and why?,110
What is mutual funds with examples?,486
Why Narendra Modi banned 500 and 1000 notes in India?,684
What should I consider before becoming a chef?,4634
How do I tell my mother that I don't believe in god and she is a god believer?,4708
Is the discovery of a time machine possible?,4161
Is it true that the new Rs. 2000 currency notes in India will have a nano GPS chip?,2877
What exactly is the Common Core Initiative/Standards and what are the pros and cons?,83
Why does India need the English language?,2874
Could I still be pregnant?,3112
Which attorneys located in New York City are recommended for general tech startup legal work?,1002
Can WhatsApp be hacked?,825
What would be a cool way to commit suicide?,343
How does starving help to lose weight?,4016
What is similar to 4shared but better?,159
I'm 18. How can I make money online?,4116
What is best career option for electronics & instrumentation engineering?,2541
What are good ways to find nth prime number in the fastest way?,901
What are the pros and cons of the Jan Dhan scheme?,3497
Why are so many people unhappy?,1576
How can I Transfer Music from iPhone to Mac without iTunes?,1126
How much does a business analyst make?,3603
How does score increase on Snapchat?,4053
Why do humans stop growing in height after a certain age?,3655
Why did MS Dhoni resign as ODI and T20 Captain?,2225
Why would Donald Trump make a good president?,3558
How can I teach my mom English?,1580
What medical condition is associated with a hard pea sized lump under my skin?,1715
Why is that Antarctica is considered both as an ocean as well as a continental landmass?,3285
How does someone get a job as a writer in the comic book industry?,1872
Why do people say God bless you?,1329
What makes The Hindu so special that it is the only newspaper which is recommended for UPSC aspirants?,2863
How can I specifically improve my English?,1932
How is telling someone they are going to hell (for their religious beliefs) an expression of love?,3278
How and where are proteins produced?,3668
How is telling a non-Christian they are going to hell an expression of love?,3278
How can I increase traffic on my blog?,3947
Can you die from a lack of sleep?,1266
Can everyone become good at math?,1046
How do i get started on machine learning?,3088
How has it been proven that we have souls?,4979
Do we have any good ways to stop global warming?,541
What is to be believed? Science or religion?,2107
Why do some people think Earth is flat?,4111
Which phone has the best camera?,4539
What are the options for doing courses in environmental studies after doing an MSc. in Biotechnology?,3688
Is textile engineering good or not?,245
Is learning Chinese difficult?,3054
What effect will the rupee 500 and 1000 currency note ban have on the Indian economy?,4461
How can I start learning about web development?,2101
What should I do for my 16th birthday as a male?,2704
How did Portugal become an independent country from Spain?,432
How do I hack a mobile phone remotely?,2594
What are the songs that make you feel happy?,428
How was November chosen for No-Shave November?,1921
How does a girl feel losing her virginity to her lover?,2628
Which wood glue would be best for repairing a cricket bat?,546
What are good programming language to start with before I advance?,1287
Is Quora an Island for left wing politics on the internet?,3319
How do I apply for commercial gas connection in Bangalore?,3530
How can I improve my concentration?,111
What makes a video go viral?,2671
Do your dreams have meanings?,1511
Do I need to watch Harry Potter before watching Fantastic Beasts and Where to Find Them?,726
How exactly does banning Rs 500 and Rs 1000 notes curb the problem of black money?,1319
What kind of questions are asked in the LinkedIn Placement Test?,3829
What are the best sources to learn programming?,1585
How do I unlove someone whom I love deeply?,3574
How can I get rid of pimples all over my face?,2131
Why do brothers hate sisters?,244
What should I do to earn money online?,3623
How can I learn to speak a fluent English?,766
Have you ever had sex with a teacher?,666
Daniel Ek: When will you launch Spotify in India?,1592
Which are the best websites to sell artwork?,3724
My ex-girlfriend is in my class and I am unable to face her. I feel emotionally tortured because I still have the same love for her. How do I face her? She hates me and I still love her?,1204
How do I develop the confidence to talk to girls?,4757
What do you think about banning 500 and 1000 rupee notes in India?,746
My sister has a weird habit of falling asleep at work. What should she do?,1559
How can I balance gaming and studying?,4855
Why does my DIRECTV guide read to be announced?,4593
What would happen if both Trump and Pence were assassinated before taking office?,861
How do I get rid of my belly fat without doing any abdomen exercises?,3554
What are the best places to stay in munnar?,1088
What is the difference between Public Sector Undertaking (PSU) jobs and government jobs in India?,821
What was the cause for World War 1?,4603
How real are soul mates?,2186
Is it too late to start preparing for the JEE Mains 2016 if I start right now?,773
Are there any tricks to be a great teacher?,1464
Why is the soul immortal?,275
Can a person realistically create multiple streams of income?,765
Do ghost actually exists?,1587
Who is the best prime minister of India?,1510
Can you get pregnant one day before ovulation?,4778
Where can I buy special flavor cupcake at Gold Coast?,2004
What information is stored on a black box?,1926
Should the student learn a craft?,4316
Have you ever had any paranormal experience?,4098
How do I recover my lost Gmail password if I don't have the same number and don't remember the recovery email?,1210
What is the most successful religion?,1830
What is the truth behind withdrawal of 1000 and 500 rs notes in India?,3066
Where can I found a leading manufacturer and supplier of ceramic porcelain tiles in Sydney?,3341
What are the best Web designing company's in USA?,2695
Should I switch to iPhone 7 Plus from iPhone 6S Plus?,3007
What's the deepest cut you can get with a table saw?,3291
Why is your favourite anime your favourite?,3334
Is the soul mate real?,2186
What can be a fitting first question to ask in Quora?,4069
What formats can be used when uploading videos to YouTube?,2669
Can we control our actions in a dream?,320
How important is SEO?,4060
What's the difference between front end and back end programming?,3867
What does the phrase sometimes there'a a line in between mean?,1648
How do I get to contact a hacker?,4528
What are some contemporary examples of cultural imperialism?,2648
What is your score in KVPY SA 2016 (aptitude test)? What is the expected cutoff?,1941
How do I become a good computer science engineer?,184
How do I change my phone number for my aadhar card?,3817
How is the life of an IES?,1737
What does Padfoot mean in Harry Potter?,547
What is difference between immortality and eternity?,1340
Which company offers good fire fighting tools?,1121
Should you tip your Lyft driver?,744
How was your solo trip to Goa?,2562
How will the passing of GST bill help Indian Economy?,3039
Is sex really that important in maintaining long term happy relationship?,4154
What is the most difficult decision you had to make in your life?,2347
Does smoking really cause cancer? Is it scientifically proven?,2525
What are the benefits of learning a third language?,373
What can burn body fat? Are natural supplements helpful for losing weight?,1362
Where can I get best DJs for School Discos in Sydney?,2995
Does money mean success?,1720
How can I get rid of bad habits?,3248
How can one get over a fear of flying?,4230
What will happen to international students in the US if Donald Trump becomes president?,2036
What has been the best decision you've made in your life?,465
What is NAFTA and why was it created?,2880
What is the significant difference between a supercharger and a turbocharger?,4247
What's the difference between a conductor and an insulator?,2709
How do Buddhists stay motivated? What practices or beliefs do they do?,1181
What is the Lewis dot diagram for CLO3?,4167
How do you know if someone is a psychopath?,1777
What is the best way to improve my writing skills?,3338
Which operator cannot be overloaded in C++ and why?,1011
Why do people say bless you whenever someone sneezes?,1134
How to calculate partial pressure of CO2?,3346
What is/are your New Year resolutions for 2017?,3837
How do I prepare for MBBS first year?,3845
Did Tywin sleep with Shae out of pure spite?,483
What's the best way to start learning robotics?,2985
Do colleges look at your freshman year grades?,4103
Why was Vimy Ridge important to Canada?,2092
How can I know who views my Instagram profile?,3207
Which is the most used programming language in the world?,4007
What are effective ways to remove or prevent stretch marks?,3764
What do Chinese people think of Indians?,3422
Do atheists who celebrate Christmas call it something different?,1057
Where can I find and pitch angel investors?,1242
Which is the best book for basic electronics?,4984
How do I start learning c language?,2145
What are the life lessons you can learn from the dark knight?,153
What would have happened if Ned Stark hadn't been beheaded?,4780
Why are rockets and boosters painted white?,7
How would the world be different if the Roman Empire never fell?,1209
What are the best available technology gadgets?,4525
How will Trump’s presidency affect international students in the US?,1207
what are the signs a guy likes you ?,866
How do I increase my height after 22?,1857
Where can I sell my unimplemented business idea?,734
What are some of the best ways to fight mental health issues?,3710
What is your new year resolution for 2017 or goal for 2017?,2756
Do I need to get an SSN card if I know my Social Security number?,1318
Why Muslims hate Modi government?,4582
What is the best way to study for GRE?,4590
Who were the three brothers in The Tale of Three Brothers in Harry Potter and the Deathly Hallows Part 1?,3475
How do I learn quickly?,4381
How do I communicate effectively?,3005
Will the Milky way ever collide with Andromeda?,3648
What is the legislative branch responsible for? What is the publication of the legislative branch?,4742
Where can I get all types of legal advisory services for property transaction in Sydney?,3342
What should you do if a cat scratches your eye?,481
What secrets have you kept from your partner?,3816
How many months does it take to gain knowledge in developing Android apps from scratch?,86
Why is the smell of my own poo not as hard to smell as that of others?,4228
How can someone control their anger?,1199
How can I prepare for interview?,1801
What are the strongest arguments for and against the war on drugs?,863
How do I overcome my fear of change?,4432
Is it possible to clear UPSC if I start preparing in Jan -17?,4587
How do you do an arm vibrato (NOT a wrist vibrato) on violin?,3738
Do animals commit suicide or is this uniquely a human trait?,2779
How to improve Financial Forecasting?,4351
What some best horror movies?,2266
Which university ranks first in the world?,970
What does page 57 contains from Chetan Bhagat's latest novel One Indian Girl?,3416
How can I make a girl fall truly in love with me?,1886
Why is tea naturally caffeinated?,4009
Did the void exist before the Big Bang?,2781
How would you convince someone who decided to commit suicide to live?,2165
What are some recipes to slow-cook a brisket in the oven?,4487
I am not comfortable with C++. Can I use JavaScript to learn competitive programming?,3476
What's the difference between monitors and reference headphones?,2760
What is the best way to treat a mouth ulcer?,3160
How can I increase my website organic search traffic?,1995
What is the best way to restore a Dell Inspiron 530 to factory settings?,614
What is the merits and Demerits of GST in India?,1304
What is one of life's simplest pleasures?,3103
How do I apply for PAN Card?,2788
What do you think about the first presidential debate between Hillary and Trump?,4830
Where do I publish my paper?,84
What is the proper way to run long distance compared to that of short distance?,2184
Is it necessary to have sex in relationship?,1847
How are girls being circumcised?,4775
What are some companies that conduct workshops in colleges?,4647
What's your favourite Horror movies?,1861
How does a girl know whether she's a virgin?,4840
What do teachers think of students?,1487
What's the most difficult problem/situation you faced and were you able to solve it?,3105
Are the answers provided by Quora users genuine and authenticated?,3653
Have you had a paranormal experience? What happened?,4098
What phone do you use right now?,887
What are the good novels to read for CAT preparation?,2754
What can you do in lucid dreams?,185
Can you get a list of individual telephone numbers?,278
Was british raj good or bad for India?,1915
Is there any possibility of a WW3?,349
What phone should I buy under Rs 15000?,1193
What is narcissistic personality disorder?,21
What should I do to not be bored with my job?,2368
What are your new year resolutions’2017?,1714
What's the best way to learn python on my own?,2324
What are the reasons why eradication of 1000 rs and 500 rs notes?,2289
How would you define the human being?,1132
Why do people ask questions whose answer can be easily found on the internet?,3865
How should I prepare for GATE?,1398
How can I pass a drug test for meth in two days?,4993
What are some mind-blowing vehicles tools that exist that most people don't know about?,2464
What are the places to visit in Kerala during September last and October 1st?,4335
What would be the best way to control anger?,2065
Why is it so hard to get over somebody?,2336
Where can I find DJ for teenage Birthday party in Sydney?,1354
Is the Deep Web dangerous to access?,4842
Can you get high even the slightest bit by smelling weed outside?,2112
What is the best way to learn Mathematics?,2124
Did matter exist before the big bang?,2781
Which are the best suspense and thriller movies?,1426
What is an intuitive explanation of projective schemes?,2784
How many mechanical engineers graduate per year in India?,191
What is the difference between monitor headphones and reference headphones?,2760
What are some arguments for getting married?,3586
What would be the procedure if a major party nominee died before a general election?,424
Why do different months have different number of days?,3027
What is the best way to decide what career to follow?,1617
What is the usual way to start learning Machine learning?,3088
Why do people want to earn more money?,4969
Why do some answers collapse in Quora?,849
I have forgotten my password for Facebook and no primary email and phone is added to my account. How can I get access to my account?,4183
What do you think of the first US presidential debate?,4830
How do I control my emotions and anger?,2065
Which is the worst Hollywood movie which released between July 2016 and December 2016?,2660
How can can I delete my yahoo email account?,703
What firearm would you recommend for concealed carry?,3097
How did you ruin your life?,2715
What do you think about the privatization of Air India?,1488
Has the 50AE Desert eagle a almost 99% kill chance with a headshot at close range?,1626
Why was Jayalalitha buried but not cremated as per Hindu tradition?,1215
What are the best movies of 2016?,3110
Which elements collision caused big bang?,2308
What is the ultimate way to serve humanity?,257
How do I impress my boss's boss?,1096
How can I reduce my belly fat taking into account the fact that I hardly get any time to exercise?,3554
What are some types of genetic drift? What are some examples?,4130
Why is Saltwater taffy candy imported in Mongolia?,4081
What will President-Elect Donald Trump do in his first 100 days in office?,2125
How do we make money online?,1816
What is the dumbest thing that you have ever done?,3274
How did you prepare for the GATE without any coaching?,476
How do I get rid of scalp acne?,1733
What Is an EDM?,4916
Why should wealthy countries help poor countries?,2288
How do I handle the fear of change?,1372
Which is the best way to learn data structures & algorithms from beginner to advanced level?,3308
How do I choose the best taxi services in Udaipur?,835
How do nested loops work?,1076
What are the best cruises for young adults?,2663
What is the Dying Light season pass?,1631
Is the Newton’s third law valid in non-inertial frame? Justify.,1386
What are some baby shower games that are actually fun?,1630
How do I make other people want to be around me?,1691
Why does gst bill is important?,1147
What are the best Healdsburg wineries?,606
How can I access Facebook in China?,1802
What is operation quality?,505
What are the character traits of a Pitbull/Chihuahua mix?,1970
What is the best way to prepare for CA final ISCA?,4362
Which is the best site to download movies?,2958
What are Microsoft's best and worst acquisitions?,3793
What is a way to become mentally stable and strong?,3458
What is the reason behind having one small testicle and b=one bigger comparatively?,947
What is your best experience on Quora?,2696
Should I become a chef?,4634
How to learn coding?,2572
How do I use a condom effectively?,2307
Why can't I delete my question on Quora?,3824
What is a good way to become a good software developer?,3372
Which is the best kids tablet available in the Indian market?,3481
Do animals (besides humans) kiss?,51
How do I forget someone whom I once loved deeply?,3574
How do you restore a Dell Inspiron 1525 to the factory settings?,614
Are we in another Great Depression?,2278
Does love exist anymore?,4422
What are some of the best coaching institutes for GMAT in Delhi/NCR?,1623
Which is the best phone below 15000?,1058
What gift should I give to my husband for our first anniversary?,1962
How can Activia yogurt aid with weight loss?,1974
How can you determine what the optimal CPU temperature is?,1807
Which is better The Walking Dead or Game of Thrones? What do you guys think?,1573
Are men really better drivers than women?,1472
What are the full implications of the Indian government's decision to withdraw all the old 500 and 1000 rupee notes from circulation?,2429
Is gross income before or after taxes?,2150
Is Ecuador right to limit Assange's internet?,1649
How do I increase my height?,2057
What are examples of literary devices?,4963
Which engineering stream has a good scope in future?,1858
What would be the cause of waking up with broken teeth?,2469
Who was the best military commander in US history?,3271
Is there a way to get Jake Williams off my feed?,2842
How it will be to take IP branch of SGSITS?,3467
Does it matter where I do my masters?,2006
What is JIRA used for?,4030
How do I tell the difference between all NASA's space shuttles?,778
Are at-home stomach wraps using the clear plastics wrap in your kitchen safe to use for weight loss?,589
How do I become like Sheldon Cooper?,3556
How can porn ruins one's sex life?,3646
How do we start a business?,3757
What can be done if I forgot to pay my traffic ticket?,4005
Which is the best one liner you've ever heard?,967
What is the best latest movie?,3022
Why should I vote for Hillary Clinton and not Trump?,3750
What's the oldest bridge in the world? How was it designed and built?,579
What do you think of the move of banning 500 and 1000 rupee notes in India (Nov 2016)?,4202
What should I do if I'm badly bored?,3992
How do I develop my presence of mind?,2021
How I can make money fast?,2634
Why is school so boring?,4583
How do I increase my concentration?,1688
What causes white spots in your field of vision?,966
What is going on between Kangana Ranaut and Hrithik Roshan these few days?,881
Why is Hillary Clinton a better choice than Donald Trump?,1519
What are Hillary's qualifications to be president?,1704
How do I get a list of all my Gmail accounts?,4514
How can a shy person improve his social life?,2075
Why do people bully others? Whats the point behind it?,1636
Does swimming increase your height in twenties?,1018
I forgot my Facebook password and email password. How can I log into Facebook?,3001
What is your favorite Christian privilege moment?,3533
What is the best resources for learning SAP Hana?,1609
How can I overcome porn addiction?,4560
What percentage of men have had sex with a man?,2561
Do vegetarians feed their dogs with meat?,1392
What is the best method of losing weight?,464
What is specific gravity?,2227
What is the best Final Fantasy game?,1123
Does AWA score increases after reviewing it?,3522
Who in the Earth named Earth?,1116
What is the best Home Cinema amplifier?,3758
What are the best iphone gadgets that you should buy?,824
What kind of programming language should I learn if I want to debug a game-making website like Zondle.com?,871
Who or what are the Illuminati?,1621
What is the best romantic movie you have ever seen?,29
How is MSc computer science in NIT Trichy?,2031
What are the best SEO techniques for off-page SEO?,2976
What is meant by overfitting?,1358
How can I improve my English speaking .?,4344
What is the different between Chinese wedding ceremony and western wedding ceremony?,128
How do we research in mbbs college?,4697
How do you factory reset a Toshiba laptop?,1523
How does concentric contractions differ from eccentric contractions?,98
How much does a MRI or CT scan of a head cost?,4040
How can changing 500 and 1000 rupee notes end the black money in India?,533
What does it take to deserve your upvote?,4529
Why do so many people ask questions on Quora.com when they could easily find the answers themselves online?,2451
Which phone is best below 1500?,983
Why is the speed of light fixed?,2427
How can I get an ISO certificate?,3870
What is the best combination of courses I can take up along with CA to enhance my career?,57
Is career launcher's study materials good for CLAT?,1696
Have mages been scientifically tested?,4499
What is the most common mistake people make?,4219
How do we live?,742
How do you live life without money?,4479
Is America likely to have a civil war?,3158
Why do Indian Muslims oppose the national anthem of India?,1524
How do eukaryotic and prokaryotic cells differ?,2341
What are some mind-blowing wallets gadgets that exist that most people don't know about?,4866
What I s the difference between mass and weight?,2723
Which is the best smartphone I can buy under 15000 in july 2016?,2593
How do I block annoying people on Quora?,4809
Is it possible that Donald Trump has a mental problem?,1234
How do I write questions on Quora?,3369
When and where did the term venture capital come to being?,4233
How do I get in touch with a hacker?,4429
How do I talk English fluently?,4126
What are some unique places to visit in Chennai?,1743
What is the best treatment to reduce puffy eyes?,1531
What is left and right in indian politics?,3995
What would happen if Google is hacked?,2639
What is the greatest mystery of all time?,2238
How can I increase the traffic to my website?,2099
What are some of the most moving pictures you have ever seen?,2805
How do I legitimately earn online?,4391
I'm 18 and want to learn the stock market how could I teach myself the basics?,3729
Can someone enlighten me on national payment corporation of India's initiative on Unified Payment Interface?,886
What is the greatest mystery in earth?,2238
What led Indian government to remove 500 and 1000 rs notes from circulation? Will be able to remove black economy?,2518
Is astrology true? Should we believe it or not?,1694
What makes a perfect cup of coffee?,232
How do I plan a bridal shower party?,452
How can I get out of my comfort zone and be myself at the same time?,921
What is the fastest way to lose weight successfully?,3411
Is there any way I can get a list of all of my Gmail accounts?,3537
What is the best way make extra money?,1205
What is a vision?,2351
Which are the oldest bridges in the world?,579
What are the best fruits to eat for weight loss?,4088
How would demonetizing 500 and 1000 rupee notes and introducing new 2000 rupee notes help curb black money and corruption?,679
What is the difference between the iPhone 6s and iPhone 6s Plus?,285
How do I get over somebody?,2336
Audio Equipment: What is the best Headphone under Rs 2K available in India?,1713
What is the Gujarat model?,4407
Why didn't the INA get integrated in the Indian Army after India got its independence?,2835
What are some good French songs?,716
How do I get a .edu email address?,1156
Doing excessive masturbation is a cause of less weight. How do I gain weight naturally?,2592
How do you know when it is true love?,3004
Why do humans have 5 fingers? Why not 4 or 6?,4125
Is energy in vacuum real? How do we know that this energy that can be borrowed and returned immediately is real if virtual particles didn't exist?,4615
What does Richard Muller think of Edward Witten?,4713
Why isn't Google Chrome playing YouTube videos?,2241
Who is going to win the presidential election?,3925
Who won the 2nd presidential Debate?,1163
Which are the best places to learn Spanish abroad?,1677
Do you/would you like to believe that people can change?,961
How can I learn to sing online?,3017
What would be the effect of Trump's presidency on international Master's students who plan to work in the US after completing the degree?,4927
What are top 5 things I should definitely not do when I am flying?,398
How can you seduce a girl for sex?,2421
Are these videos on YouTube about fake images of earth from NASA true?,2783
What is the very first thing you remember in your life?,3400
Do you think life abroad is better than in India?,4888
What is the story behind the black swan in Swan Lake?,455
Can we visit mexico with valid H1B Visa?,2454
Why do the United States prefer electing their presidents by electoral vote instead of popular vote?,4506
What is your New Year’s Resolution(s) for 2017?,4412
What courses must be taken along with CA course?,57
Could we use cherenkov atmosphere radiation (with gamma rays or similar) to image the surface of a planet from here with ground based telescopes?,344
How do you become comfortable being alone?,1230
What's the best near-death experience you've ever had?,117
What is your absolute favourite romance anime?,738
What is your view on the recent demonetization in India?,312
What's the difference between IT and COE at NSIT and DTU?,3429
How do I make green tea?,2135
Has there been any serious scientific study into unexplained phenomenon such as ghosts etc.?,685
Why did Malala Yousafzai win the Nobel Prize?,1544
What is the difference between a basis point and pip?,3376
What type of wildlife are native to Turkey?,494
Will there be a World War III soon?,4726
How can starving yourself to lose weight adversely affect your health?,4016
What are your views on banning 500 and 1000 rupee notes? How does it affect black money and is it really gonna work and expose all the black money?,2614
What is good advice for someone who wants to become a Top Writer?,3570
What are some tips to write a novel?,4617
What is the reason behind the Java logo being a cup of coffee?,2813
How do I increase body height?,3058
How do the astronauts practise for zero gravity on earth?,1603
What should I do if my washing machine won't spin?,4495
How do a calico cat and a tortoiseshell cat differ?,3351
Are dynamic allocations of array allowed in C?,2319
How was your experience using Tinder for dating?,4471
What are ways to commit suicide?,1756
What are some best horror movies of 2016?,534
What is the best joke you've ever heard? Please keep it clean.,1552
What is best investment option?,2251
Do you think of mathematics as art or science?,351
Can someone die from lack of sleep?,1266
Has anyone ever had a near-death experience?,117
How do I increase our height after 21?,1235
Acting: What is the difference between film and theatre actors?,1981
What as your reaction when your heard about the scraping currency notes of INR 500 and 1000?,1546
Is caffeine unhealthy or healthy?,4538
When does Aurora Borealis occur? What causes it?,2205
What can I do to access my Instagram account?,1877
What are the best rides at Universal Studios Hollywood?,4309
What is the lie you tell most often?,807
I have completed my MBBS from India and would like to do my post graduation from Canada. Which exams will I have to give?,1904
Why is Sion called Sheev in Hindi and Marathi?,3896
What would you do if you could be invisible for one day?,3042
What are the things going wrong in our education system?,2849
Is Mars definitely habitable?,3337
What shouldn't I do in India?,1744
Is it possible to export numpy arrays to Matlab?,1671
How do strong entity and weak entity sets differ in DBMS?,837
Why should one read books?,1191
How can we become rich soon?,2912
What do i do after my MBBS ?,1272
How should I prepare for the KVPY SA interview?,1066
How do I change the font style on the HTC Desire 816g?,1086
Why the Modi government ban the 500 and 1000 notes?,1662
What will be the impacts of gst on our economy?,3564
How girls can increase their height after 18 years?,926
How will I improve my spoken English?,4568
What are some books to expand your mind and increase intelligence?,3737
What is karma? What are some real life examples?,2904
What part time jobs can I do by sitting at home?,4683
Should I get a degree in psychology?,1517
Does smoking weed is bad for health?,4239
Why do so many people ask questions on Quora instead of searching the answers on Wikipedia?,4743
What is the best college major to get into any industry? Why?,3847
What are some good places to visit in Kerala on tour?,3528
Can a Lenovo K3 Note support VoLTE?,1029
Which is the best book by John green and why?,2819
How come i get bored so easily?,1902
What should I do at college?,3498
How do I make suicide look like an accident?,4168
What's the saddest book you've read or heard of?,4197
What kind of information is stored in a plane's black box?,1926
Are Americans legally required to pay income tax?,2335
When does the neocortex develop?,4918
What are some mind-blowing science magic tricks that exist that most people don't know about?,2081
How can I improve my communication effectively?,2015
What are the reasons behind the Bangalore incident on New Year’s Eve? Why did it happen?,2375
What are some of your favorite quotes?,1606
How can I kill myself?,3082
Which Alabama SEO company would be best for SEO services?,2641
What are black holes made of?,3633
Was Melania Trump website hacked?,4006
Would you like tea or coffee?,1326
What is the best lesson in life?,187
What's the best real life karma you've ever seen/experienced?,2904
How do Quora make money?,3930
Why are most Quora answers so long?,1288
Do we need to change the  education system of India? If yes then why?,252
Is Hillary Clinton Pro-War?,903
How can I stop my dog from chewing my shoes?,3553
What is the best way to start learning economics?,2393
Why is that Antarctica is considered both an ocean as well as a continent?,3285
How can you use the Gabor filter?,2905
How shall I get rid of hair fall?,2959
How do I overcome my fear of uncertainty in life?,1044
Why is my period four days late?,4360
What are some examples of positive and negative feedback?,4872
Who are the best pest control operators in Bangalore?,3862
What are the best and most effective openings in chess?,545
How is the word 'acquiesce' used in a sentence?,3714
What are some of the time tested ways to beat procrastination?,4448
What are the best ways to improve my writing skills in English?,1213
Which is the best way to learn hacking just as a hobby?,2621
How do I cure anal fissure permanently with home remedies?,274
How can I develop a sense of humour?,3487
Was Adolf Hitler a patriot?,3434
What is the need of a president in a country like India?,844
Are Mahabharata and Ramayana stories real?,4501
What are the best places in world to visit?,3985
What is rice puller? Are its properties real? Is it radioactive?,4145
As an engineering 3rd year student what should I start preparing for IAS exam?,4132
What is the best way to loose weight quickly?,636
What is it like to be a straight man who had had sex with another man?,2732
Was Akbar a great ruler?,2247
What is your favorite meal?,4319
Has Ancient Mesopotamia been scientifically tested?,2295
Which is the best online site for learning to play the guitar?,1201
Does porn ruin sex lives?,3646
What are some of the advantages and disadvantages of arranged marriages?,4869
What are some unusual hobbies you have?,2894
How should I start contributing to open source projects?,134
What do you most like about being a man?,3390
What is the fastest possible way to lose weight?,4207
Why do companies issue bonus shares?,300
How do you get deleted Instagram chats?,52
What are the credits in engineering?,2507
How do you cancel your Proactiv account?,3426
What are some of the high salary income jobs in the field of biotechnology?,26
What is the list of fruits for weight loss?,4411
What would happen if Trump doesn't concede to Clinton? Why is this issue all over the news right now?,3451
What are some books or videos for understanding how the Indian economy works?,1622
How do you know if you are in love with your crush?,3004
Why are dimples attractive?,3427
How secured is the new 2000 and 500 currency notes?,3401
How did Airbnb make its initial traction?,4973
How was your KVPY sa 2016?,1037
Why do we care for others' opinion and about what others think about us?,74
How can I use Google in China?,2994
How do I get ripped?,3213
Why isn't God mentioned in the Book of Esther?,4442
Can time travel ever be possible?,1855
What is the best way to prepare for CA final group1 papers?,631
What are the most important things in life? And why?,4142
What are some ways to lose 20 pounds in 3 weeks?,1664
I'm 18. What should I do?,317
Is Mars habitable?,3337
What are some best novels that every teenager should read?,3795
How do I contribute on GitHub?,2309
What are the best books for the JEE (Mains)?,1827
Why does the US lottery for diversity immigrant visa exist?,3092
How are long distance relationships maintained?,2977
How is the shape of a composite volcano formed?,4084
What is the best evidence for a historical Jesus?,262
Can Hillary Clinton pardon herself if she is elected as President?,4044
What would have happened if Hindi was made the sole official language in India after 1965?,1605
What are the best horror movies that will keep you up at night?,3195
Where can I buy designer suits online?,3683
How can one learn to scrap web data using Python?,3916
How can I find my all Gmail accounts?,1797
How do you recover your Gmail password?,2200
Why should one hate Shahrukh Khan?,129
What is the expected cut off for Neet 2016?,1979
What happens after we die?,4048
How can you enlarge your penis?,647
What does Balaji Vishwanathan think about Modi's new currency Idea?,2028
Is money demonetisation really working for black money?,3946
Are Ramayana and Mahabharata real?,4501
Why are there so many Anti-Semitic questions on Quora?,1273
Can I substitute white sugar for brown?,3029
When will the lottery reach the next billion dollar jackpot?,71
How should I start IAS preparation after graduation?,1399
What are black holes really made of?,3633
What are the top three cities to visit in Italy?,3552
What the meaning of this all life?,2255
How do I stop being insecure ?,1773
What would be some pros and cons of Donald Trump becoming president?,4301
What are the best ways to study/memorize things?,2018
Can you name 8-10 great works of art or music inspired by atheism?,4216
How do you improve your drawing?,697
What's the best thing you read on Quora?,4176
What if humans were nocturnal?,1007
What should I do if my washer will not spin?,4495
Will bernie sanders ever become president?,2310
How do I lose weight fast?,3919
Is C language compulsory for learning java?,3177
What is the meaning of relative humidity in concrete?,3353
What does it feel like for a male to date or marry someone who is older than you?,1912
How much sex is important in life?,4367
Which are the best apps for education?,3701
How long should you run an A/B test on your site before you declare one a winner?,3705
What are the safety precautions on handling shotguns proposed by the NRA in South Carolina?,1023
What are the languages we are using for web development?,3720
Can people see if you have viewed their instagram?,3444
What are the modern schools of thought in legal feminism theory?,2374
Who is best Indian hacker?,251
How do I increase traffic on my site?,4414
Which is best laptop under 40k?,4740
Who are the Rohingya people?,39
Can eigen values be negative?,3532
What are some good animated movies?,4358
What is your honest review of Dangal (2016 movie)?,356
What are the top 10 website that I should visit?,4017
How does a phase shift occur in common emitter transistor amplifier?,1760
Which are best Hollywood song?,4441
Why are elections regarded as important in a democracy?,4685
What are the advantages and disadvantages of registering a business as a LLC?,4122
Which is the best earphones to buy under Rs.600?,2654
What are some Cyanide and Happiness comics on countries?,517
What are the resolutions you are going to take for the upcoming New year 2017?,4377
Why do most people on Quora dislike Donald Trump?,4311
Who will disrupt Bloomberg?,78
What is the most read English wikipedia article?,2302
How one should know that he/she completely prepare for CA final exam?,8
Which are some of the best romantic movies?,1313
What is the easiest way to get a green card in the US?,2563
What is the average salary of a physician in india?,366
How do I gain emotional intelligence and control my emotions?,3871
What is Heisenberg's uncertainty principle?,2235
How can I overcome my depression and my fears?,4231
Where can I get wonderful flavors on cupcakes in Gold Coast?,590
How can I get rid of overthinking?,4535
Why does Kejriwal keep ranting about Modi?,2827
Why do gender inequalities exist?,4196
Is time travel possible? If yes how,2513
Which are the best engineering fields?,48
Should I ask my work colleague out for a drink?,3265
Which is the best laptop to buy under 40000?,4782
What is the oldest memory you can recall about your childhood?,1479
Is it illegal to sell oregano saying that it is weed?,2243
When will Twitter die?,4063
What would happen to British empire and its effect on whole Asia if Indian people had succeeded in their Mutiny 1857 to secure independence?,1351
How can I lose weight safely?,2982
How do people join ISIS?,1518
How do you activate a Verizon phone over the phone?,1305
What should be standard Deviation?,4337
What are the different types of computer viruses?,2360
How do I apply for a PAN card online?,2517
How Donald Trump will make Mexico pay for the wall?,3080
Why is Saltwater taffy candy imported in Laos?,2820
Is Ca tough?,1314
Is Planet Nine a real entity?,2370
How does one get over anxiety?,2777
What is the best book or book series you ever read and why?,4186
What's the ideal first car for teens?,2845
Is Donald Trump a covert operative for the Clintons?,3356
What are the requirements for selection into MIT?,136
What's your biggest regret in life?,3596
How can I break up with my girlfriend?,4320
How do I dispose my e-waste in India?,2197
How wine is good for health?,2178
What is the Syllabus of UPSC exams?,922
What would have happened if Krishna is not on the side of Pandavas?,691
Why do Indians think a lot about what others think?,3234
What are some best online coachings for SSC CGL?,3864
How can a person build his/her presence of mind?,3187
How does Dushka Zapata have so many stories to tell?,1038
Which is the best book of fluid mechanics and hydraulic machines?,1757
How become a scriptwriter? How explai my story?,1659
Why is sex before marriage a sin?,1765
Why is Modi government introducing Rs 2000? Will it not also be favorable for black money holders in the future?,4873
What made you vote for Trump?,1567
Do plants feel pain?,4736
Why don't North Korean army revolt against their dictator?,4765
What are the funniest jokes / stories you ever heard?,4787
Is it necessary to take AP classes to get in an ivy school?,4373
How can I pick myself back up after a failure?,3840
What do you do if you are lost and don't know what you want to do in life?,2536
Is there a working Nintendo 3DS emulator for PC?,183
What is the best way to familiarize myself with classical music?,2978
Can eigen values b negative?,3532
How come Indian and Mexican cuisines are somewhat similar?,4067
When will the best time for having sex?,206
Is scrapping old 500 and 1000 rupees notes and releasing new 500 and 2000 rupees notes a permanent solution for eradication of black money?,3841
How do I write a compiler?,4221
Will Hillary Clinton win the Presidential election?,2256
What is the best way to learn math? How can I learn math more effectively?,4413
What are some ways to get leaner?,1141
What is the hardest musical instrument to play?,3389
What makes someone truly intelligent?,2692
Is there a systematic way to learn about classical music?,2978
What could be the effect of GST bill on Indian economy?,2742
Is it legal to not report a crime?,1930
Should a TV series on the Shiva Trilogy be made?,1953
How do I become a big programmer?,2523
What should I do to be interesting?,3217
What is happening after death?,4674
Venture and Investor Pitches: How do I sell my product idea?,632
How does a fetus exhale in the womb?,137
How do I to score good marks in 12th boards?,2035
How does the HP OfficeJet 4620 Airprint compare to the HP LaserJet Enterprise M606x?,463
How do you edit your Quora profile?,392
How do you calculate elasticity of demand?,2755
My girlfriend has stopped talking to me. What should I do?,304
What's your favorite song now?,3664
Wine: What are the best wineries to visit in the Healdsburg area?,606
How can you train a Basenji/Chihuahua mix?,1618
What is LOOP?,2137
How do I transfer YouTube offline videos to SD card?,2898
How do I dress in Paris to avoid looking like a tourist?,450
How do you track someone by their cell phone number?,1150
What was your JEE Mains score?,4679
Why do people hate Hillary Clinton?,63
Does thinking burns calories?,556
Which is the better antivirus: Bitdefender 2013 or Norton 360?,2086
How unsafe the deep web is?,3640
What's the best method to control anger?,798
How does banning 500 & 1000 rupee notes solve black money problem?,4987
Which is the best team in ingress?,3084
What is your view on the move to scrap 500 and 1000 rupee notes? What will be its effects?,2359
Is a MacBook worth it?,2262
Why is Salman Khan so overrated in India?,911
What is the best way to outline a novel/story for a novice writer?,1151
What are Bollywood's best dialogues?,4068
Can the world's oil reserves ever be depleted?,1680
How do I learn strumming on the guitar?,1131
Where can I find a good vendor for products to sell online?,3614
Why am I always sleepy and how can I avoid it?,3884
How do I apply for jobs in Canada as a fresher?,4191
I forgot my Gmail password and I can't answer the Gmail recovery questions. What can I do?,4880
How can I stop biting my nails for good?,449
Why do we forget dreams so quickly?,2202
Why is Saltwater taffy candy imported in Japan?,3889
What open source project did you start contributing with?,2055
What are the best rock bands?,2832
What are the easiest ways to earn money online?,1363
What are the best website builders for 2013?,3472
What should you do if you can't remember your iCloud password?,576
What does the near future look like for Turkey?,4024
What do you think about Donald Trump pick?,1975
Is it possible to sustain life in other planets?,2568
How many matches on average does a man get on Tinder?,3662
Where is the largest black hole?,2371
Who is the most versatile but underrated actress in Bollywood?,1706
Should people over 93 not be allowed to vote?,2378
What is the craziest conspiracy theory that you have ever heard?,4424
Is Donald Trump secretly a Democrat?,3009
How can Indians end the reservation system in government education and jobs?,3994
How do I start a plant nursery?,549
How could I control my emotions and my negative thoughts?,2642
What makes us a good human being?,2000
Which is the most famous cave in Chhattisgarh?,1325
Why am I so angry?,1651
What is your philosophy of food?,4847
What is actually a data science?,3798
What are some mind-blowing bike inventions that exist that most people don't know about?,2703
Why do I have burps that taste like rotten eggs?,2376
Who were the most influential queens in history?,435
What are facts about the local train in Mumbai?,4395
What was the worst thing to happen to you for being rude?,1942
What are some of the best history podcasts?,396
What are some quick ways to control your anger?,2927
The real effective way to make $ 500 per month with the knowledge that I have no money to invest?,831
How much are protein shakes helpful for weight loss?,1218
Can you dream while awake?,370
What’s the best time to have sex?,206
Why do people hate Israel?,4856
How do I backup my pictures and music from my iPhone to iTunes?,885
What is the best time table for student of maths and science of class 11th?,3627
How come there are no depictions of the massacres inflicted by Islam on India.?,411
Why doesn't Apple launch a dual SIM iPhone?,4599
Is it legal to not pay income tax?,2335
Will upgrading to the 2016 MacBook Pro be worth it?,2185
Can World War 3 ever take place?,3396
Will Hindu girls marry Muslim boys?,2344
What is the all-time most viewed question on Quora?,3101
Should I use Vicks Vapor Rub for a stuffy nose?,145
Which is highest mountain peak of India?,2352
How do kill myself?,3082
How can I get over this existential depression?,4438
Why don't Chinese people revolt against communist rule and bring about democracy in China?,4781
Why was cyrus mistry removed?,313
How do I get rid of keratosis pilaris?,1410
What is an easy way make money online?,2071
What are some examples of a conjecture?,1394
How can I be a designer?,1152
Can non-profit organizations pay a salary?,2399
What do you think of Supreme Court's decision of playing National Anthem in all cinemas?,1093
Is it possible to hack fb?,4180
Why was Cyrus Mistry removed from the chairmanship of Tata Sons?,3716
Why do I need windows firewall?,3604
What are the different organ systems?,2327
How can one increase concentration?,111
How many people deal with mental health issues?,3710
How do I engage in chat with a girl?,4709
How have you simplified your life?,2160
Is there some painless way to suicide?,439
How do I break out of my comfort zone?,921
What is the best way to loose weight quickly?,1920
What are some dating sites that really work?,1122
What is reactance in a capacitor?,326
What are some interesting home science experiments that exist that most people don't know about?,4689
Which are the best songs/music that can be listen while working out?,1690
How are laws passed?,4102
How does one figure out what their purpose is?,3771
What if Earth were to shift to Mars’ orbit?,4229
Why do people find their birthday very special?,3200
How do you track someone with their cell phone?,1150
Where can I find a good hacker?,338
Which is the greatest theft that has happened in the history of the world?,1945
What is an example of yellow journalism?,2700
How can plan a trip for 3 and half days to Goa so as to explore the best of it?,1875
What are the good startup ideas?,3809
How can I lose weight quickly? Need serious help.,3510
Which book should I use for JEE organic chemistry?,1075
What is the difference between WD Elements and WD Passport external HD?,1403
Can someone help me solve this high-school math problem?,4616
What businesses are the easiest to start?,4419
Which coding language is best to start with?,1598
What are 10-20 random things about yourself?,4029
Why is liberal arts education bad?,1073
What does contributing to open source projects mean?,1315
How I develop thinking ability?,2595
What is the weirdest thing you seen?,1562
What evidence is there that there is something after death?,2343
How does the ban on 500/1000 denominations affect various domains of the Indian economy?,645
How do I preserve driftwood?,3410
What is the best CFA institute in India?,2076
Is the demand to shut down JNU by a section of the people post criminal Afzal Guru anniversary ruckus justified? Why or why not?,2196
Which one is best laptop under 40k?,1005
How can I maintain my long distance relationship to the best of my ability?,2054
What are some hilarious WhatsApp conversations?,4693
Why was my question marked as needs improvement?,164
What experience has most restored your faith in humanity?,1203
How do I increase sperm count?,2809
What are good books to self study calculus?,102
Which are the best SSC and banking coaching centers in Chandigarh?,297
How does one become more strategic?,1712
What is the purpose of existance?,919
Who is the most powerful person in earth and why?,2102
How hard is it to crack IES?,4357
How can I delete photos from my iPhone but keep them in iCloud?,4977
What causes a premature birth?,768
What is the difference of smoking unfiltered cigarettes from smoking filtered cigarettes?,2461
What are some examples of products that can be make from crude oil?,12
What is the world's best movie?,3934
What would a male Neanderthal think of a modern woman?,390
What's the difference between piece dyed and yarn dyed knit fabric? Is one better than the other?,4059
How safe is it to browse the dark web?,2716
What TV series are like Game of Thrones?,2222
what do people think of Chinese people?,3731
What are some effective ways to ward off depression?,4706
How I hack Facebook account?,4096
What does make a video go viral?,2671
What are some good anime movies?,2199
How do I lose 38 pounds in a year?,1350
Is there a way to prevent hair Loss?,1049
How do you get over an attitude problem?,805
What is the real reason that Hillary set up her own private email server as Secretary of State?,725
What are the ways in which I can improve my handwriting?,531
What do you like most about being a man?,3390
What do Americans think of cricket?,2640
What is the revenue model of Facebook?,1759
How do you say I love you in Farsi? Is there more than one way to say it?,4156
Why choose a non technical job when you are from a technical background? how shall I answer these type of question in an interview.,3937
How will you celebrate diwali?,4043
Why is the suicide rate high in Japan? Why do the Japanese take failure so negatively that they are driven to suicide?,1856
Why do people still believe in flat earth?,1505
What is the best custom essay writing services?,2840
Should I learn Russian or Spanish?,3385
How do you solve an attitude problem?,805
What is the best way to reduce face fat?,1098
What are your views on the new released iPhone 7 and iPhone 7 plus?,2887
What are the mission differences between an Army Ranger and Special Forces?,2812
How can I learn English well？?,1387
How I can improve my English communication?,2062
What is delusion?,4502
How do I become a sociopath?,3676
How do I get to my WhatsApp account using a new phone?,2213
How do I become emotionally detached from someone?,2358
Can a tier 4 visa be extended for genuine medical treatment?,2968
What's the difference between 'who' and 'whom'?,4990
Would strobe lights in a strange pattern in a dark hallway work at preventing and disorientating a school shooter?,1070
Which is the best state to live in India?,2776
How do I know if someone viewed my profile on Whatsapp?,2297
How Modi is different from Hitler?,612
What is the best book to learn about computer security?,4403
Will there really be any war between India and Pakistan over the Uri attack? What will be its effects?,32
What would happen if Miley Cyrus became the president of the United States?,3455
Why are PC games cheaper than that of Console?,4952
What evidence suggests there is life after death?,2343
Why does people get jealous of you?,4209
What are some of the best paid part time jobs that can be done from home?,263
How can I become a problem solver?,3613
How can I study for TOEFL exam?,4790
Where can I find best quality DJ for School Discos in Sydney?,2995
Why do humans have 5 fingers?,4125
What are some ways to get a girlfriend?,4926
Why is it so hard to learn a new language?,2697
What are some mind-blowing iPhone/Android gadgets that most people don't know about?,912
What doe Quora mean?,602
What app for music without wifi for iPod?,1589
Do I save more when I lease a car for 3 years or buy and sell after 3 years?,2617
What are Hillary Clinton’s plans on funding the space program?,2626
What are some ways to increase intuition?,4352
What are the best earphones under/around Rs.2000 ?,587
What should someone do to overcome anxiety?,124
How do I purify meth?,1993
What should be the first programming language learned to develop games?,3137
What are the pros and cons of client server network?,649
Why is Richard Muller so famous?,3326
What is the best black Friday deal for this year?,2608
How did Donald Trump win the 2016 Presidential Election?,4166
What should I do to join mit?,2910
How can I stop hairfall?,214
What are the dumbest Quora answers?,2416
Hw can I hack someone's WhatsApp messages?,3075
Why is public education failing?,1818
How can I log in Facebook without password?,4293
Why were the prediction polls in the U.S. Presidential election so wrong?,1851
Will the value of Indian rupee increase after the ban of 500 and 1000 rupee notes?,1984
How can I become a more attractive girl?,2377
How does an earthquake happen?,2143
Who are the most influential women who changed our world?,2924
What is git hub?,2585
What is the fastest tank in the world?,1924
What are the differences in life between Chinese and western cultures?,3167
What would today be like if hitler had won WWII?,3792
How do I increase my thinking skills?,2595
Would demonetization of 500 and 1000 rupee notes actually help in curbing black money in India?,1484
Can you help me with tips for a successful long distance relationship?,2607
How do you join a Human Rights Commission?,2410
Why should one vote for Donald Trump?,2603
How will Trump's presidency affect Indian students who are planning to do a PhD in the US?,4762
Replacing 500 and 1000 notes- how will this move reduce black money?,1357
How do I ask questions with pictures on Quora?,790
Jio bar code lost re generated?,3634
Why do many people call Hillary Clinton a crooked liar? What did she lie about?,4518
Does masturbation affect bodybuilding or muscle growth?,818
How can I earn money through Quora?,2214
How can I be a good geologist?,0
Will we ever become immortal?,4636
What is the difference between data science and data analysis?,3474
How do I improve my pronunciation of English?,1593
Why are 500 and 1000 notes being banned in India?,2289
How can I explain the fourth dimension to a teenager with little to no background information?,1528
Average CTR for Facebook ads?,3606
What is the best way to learn about stock markets?,1431
Can I recover my email if I forgot the password?,33
How can I see all my Youtube comments?,1
What is your purpose of life?,4613
What some things you would like to fix in high school public education?,4214
How does salt melt ice and snow so quickly?,1233
What would life be like on earth if we had two moons?,1237
What are top 5 guessing app games for 2 players or more?,2345
What is it that I should do after engineering in India?,1429
Is Electricity an invention or a discovery?,902
Can I still be pregnant?,3112
How could I control my emotions and my negative thoughts?,3016
Which is the best laptop under 20k today? Fast & smooth.,492
Why are there so many references to Indians on Friends?,2332
What are some of the world's greatest lies that most people believe in?,3593
What is difference between Modi and Hitler?,612
Did Mahabharata really happen?,162
Does superfluid DM ripple when galaxy clusters collide and wave in a double slit experiment even though physics is too screwed up to figure it out?,3122
What should you do if you want to lose a lot of weight?,1308
How do you stop your Boxer/Pitbull mix from humping your furniture?,1165
How do you log in to Facebook if you forgot your password?,4303
Is it possible to crack GATE with one year of preparation?,2952
What do you do when you are upset?,1418
What are best Hollywood movies?,1721
Which are the best one word/sentence answers on Quora?,4596
Why is Donald Trump so popular?,767
Who are the best hackers in India?,251
How were Internet cafés in the Philippines? Why did most of them disappear?,3694
How can I stop myself from being affected by what other people think about me?,3010
What is the most surreal question on Quora?,241
Which is the worst year of your life till now?,3693
What is your favorite meal ever?,4319
What are the differences between B+Tree and B-Tree?,490
How can I speed up my Internet connectionn?,642
What is the best/most memorable thing you've ever eaten and why?,15
How can I become a military pilot?,654
What is the best and quick way to lose weight?,636
Can you help me become fertile? Am 55 No periods Have Multiple Sclerocis Have pain relief,3157
How can I lose 5lbs in 2 weeks?,1033
How do I get rid of acne on my face? I workout daily and wash my face twice a day.,1216
How do prepare the prelims exam of IBPS PO?,501
How will the decision to illegalize the 500 and 1000 Rs notes help to get rid of black money in the Swiss bank or maybe in other foreign banks and currencies?,1556
Why is Hydrogen combustible?,2814
Should I buy the PS4 or XBOX One?,3114
How can I get entry in MIT?,136
What is it that we indians are doing collectively wrong?,1048
What is the maximum internet speed in India?,2002
What is it like to be pregnant?,3196
How can I make a suicide look like an accident?,4168
What will the real estate look like now after the 500 and 1000 scraping?,2672
What is the salary of a web designer (fresher) in India?,3957
Why do dogs pee on cars tyres?,1761
What's the algorithm with which random numbers are generated?,4410
What would be a good chronological order to watch all the Marvel MCU movies in?,809
What is your New Year’s Resolution(s) for 2017?,1129
How can I know that he is my soulmate?,334
Where can I learn web scraping using Python?,3292
What are good ways to promote a software?,2604
What is inside a bullet?,1469
Can I make money trading Bitcoin?,4001
Which is better - love or an arranged marriage?,1876
Where can I get the solutions for H.K. Dass Engineering Mathematics books?,2457
How do I kill rats?,4164
Are race relations better or worse under President Obama?,1245
How can I hack Clash of Clans for unlimited gems?,2496
How much I should study in a day in class 9?,3712
Why is Narendra Modi not attending the parliament on demonetization issue?,2211
A student multiplied a number by 3/5 instead of 5/3. What is the percentage error in the calculation?,1615
What are the advantages of an interface in java?,3635
How can I find out whether my partner is using dating sites?,1068
How can I find someone with a picture?,1863
Who is the most famous poets?,1154
Why is potential differential important?,1377
What never fails to make you smile?,3460
Does yoga really work?,1878
As an engineering 3rd year student what should I start preparing for IAS exam?,2973
What will be the effects of demonetisation of 500 and 1000 notes on the Indian economy?,3779
Aren't IIT alumni were supposed to work for the development of India rather than working for in abroad for money?,3877
Will the caste-based reservation system come to an end in India?,783
Why do some people enjoy a quick sniff of gasoline?,3788
How do I update my phone number on my Aadhar card?,3817
What are some good recipes for drinking Southern Comfort?,2625
How can I memorize my notes?,1774
Does age difference matter in love?,3144
What are good questions to ask when going on a tour of your child's potential daycare/day school?,2369
How do we allocate memory for a structure and array in C?,436
What do we mean by black hole?,3417
How do you become a freelance writer in India?,794
Who is the worst person you have ever met?,2833
How do I pick my self back up after failure?,3840
What's the best poem you've written?,2804
Why were my last few questions I asked marked as needing improvement?,3747
Where should I stay in Munnar?,1088
Which is the best buy earphone under Rs.600?,2654
How can I become a CFO?,1888
What's the coolest thing you can do with a computer?,475
Are dogs carnivorous animals?,109
Who is the laziest person ever?,4945
Has the Cold War really ended?,4080
Who would likely win in a battle between a Silverback gorilla or a lion?,3832
How long is 1 second? How is 1 second measured?,1919
How it is like to be a pornstar?,2763
What would happen if the presidential nominee died before the November election?,424
Is bungee jumping dangerous?,2259
Is it too late to go to medical school and become a doctor?,253
How do you become immortal?,2340
How can I fix a garbage disposal leak?,4283
Why cats scared by cucumbers?,3286
How did you overcome porn addiction?,3130
Which is the best and genuine immigration consultant in Bangalore?,2270
How do I clear backlog in VTU?,4975
Why do so many people post questions on Quora that could be easily and thoroughly answered by simply typing the question into any search engine?,3043
What are the safety precautions on handling shotguns proposed by the NRA in Washington?,4864
What is indian economy?,4399
What is the oldest memory you can recall?,1479
What is the best QuickBooks support number in Arkansas?,4171
Do girls date guys that are shorter than themselves?,1881
Why do we feel that some materials are colder than others?,2005
Are books better than tv?,4526
I lost my Jio barcode how can I regenerate?,3634
What should I do in dubai?,3257
What's the most overrated rock band of all time?,4859
What music app is free without wifi connection?,1589
How do I lose weight in a short time?,1973
What is the Best album ever?,2275
How much average answers a question get on Quora?,2582
What are your all time favorite TV series characters? Why?,4415
What people with huge amount of black money will do after today's bold decision by PM Narendra Modi to ban 500 and 1000 notes?,1650
What is the difference between humans and the other animals?,908
Why do some people today still believe that the Earth is flat? What evidence has convinced them that this is so?,2708
What are some high paying jobs for a fresher with an M.Tech in biotechnology?,26
How do I stop negative self-talk every time I go through something negative?,2318
How do I commit suicide and make it seem like an accident?,3078
How do I make friends in a foreign country?,3885
Do you have to wake up during REM sleep to remember your dreams?,279
What happens if presidential candidates cannot get the required amount of electoral votes?,2385
How long does it require to become a CA?,4644
What are five logical fallacies?,1380
How can you tell if you are a narcissist?,3778
What is the secret to success?,1055
What's your favorite place to visit in Bulgaria?,4289
What would happen if the anonymous features in Quora were removed and all identities were revealed?,2633
How can a foreigner get a job in South Korea?,638
Is it important to have love in life?,1328
How can I improve my English writing skills by myself?,1652
What do you think about the KVPY 2016 paper?,2293
How do I make money through YouTube?,194
What are the best Romanian songs?,2854
What is meaning of share market?,1571
Which is the best book for learning python for absolute beginners on their own?,2808
What is the best way to edit APK files?,4389
What is it like being the third or non-primary person in a polyamorous relationship?,484
Should I tell people that I have become a millionaire?,422
What is the salary of an engineer?,707
What are disaccharides? What are examples of disaccharides?,374
Why is Richard Muller famous?,3326
What are your views on Supreme Court decision of must National Anthem before movies?,1641
How can I get messages that have been deleted from my dm on Instagram back?,1031
How can I earn money online easily?,3520
Are there any competitive coders from Tamil Nadu?,256
How do I make an effective study plan?,4187
Who was Magenta in Blue's Clues?,2110
What are 3 uses of radioactive isotopes?,4904
What's the best way to learn Spanish?,2510
How will the ban on 500 and 1000 rupee note stop black money?,1319
What are the advantages of binary code?,3926
When and why did the jury system in the courts got demolished?,3599
Should I take differential equations or linear algebra?,4425
Do aliens exists?,4218
What are some ways to make stretch marks go away after losing weight?,3219
How dependent is programming on a strong background in math?,2650
What are the best top 10 movies of Hollywood ever?,480
What are some of the best Hindi short films?,2765
How do I keep myself from getting distracted?,1364
What workout clothes did guys wear in the summer back in the year 1990?,1236
Daniel Ek: When will you launch Spotify in India?,2328
What should you do if your girlfriend is not a virgin?,4004
What are some good tips for self study?,1227
Why there is so much nudity content in Game of Thrones?,308
The decision of Indian Government to demonetize ₹500 and ₹1000 notes? Is Right or wrong?,2419
Why do dogs urinate on car tyres?,4430
What are best job portals in india?,1231
What is the Deep Web?,1910
Where can I find a hacker for good cause?,338
Which one is the best Carrier Service Center in Hyderabad?,4459
How do I travel for cheap?,927
How do i avoid sleep?,1871
What are top 10 books to read before you die?,4475
Which is the best antivirus app for android mobiles?,997
Is it possible to cure social anxiety without the use of drugs or therapy?,3868
How did Donald Trump win despite projections that he would fail?,718
Who would win in a fight between Captain America and Batman?,3656
How can I get traffic in my website?,2084
Can someone increase their height naturally after 19?,1430
What was the most embarrassing moment in front of your girlfriend?,1434
What is the best way to learn a textbook?,1927
How do I improve my English with creative writing skills?,1652
What goes through your mind when you’re about to give a speech on television in front of millions of people?,2216
What are some interesting facts about ants?,709
Do you think the shape of Filipino consciousness is natural? Explain Briefly.,3440
Is there any proof for the existence of aliens? What about all the stories we heard about them?,3147
Should Edward Snowden be considered a hero?,4865
Why should we brush our teeth twice a day?,3073
When were cameras invented?,3699
Why are all my questions on Quora marked needing improvement?,1907
How do I get involved in open source?,1352
What would be a cool way to commit suicide?,1109
Why the greatest empire in Indian history is centered around Bihar?,3459
What are the best ways to learn how to draw?,4257
What is the best way to memorize notes?,1774
What would have happened if Krishna was not on the side of Pandavas?,691
What is the best certification course to learn digital marketing?,1317
What will be the syllabus for mechanical engineering in GATE 2017?,4630
What is Java programming? How To Learn Java Programming Language ?,18
How do I get rid of keratosis pilaris on my tricep areas?,1410
How do we make free energy?,207
What are the requirements to become a computer programmer?,2557
What are the ways to grow tall?,1781
What should I do to become a Top Writer on Quora in 2017?,2815
What are the differences between a PC and a Mac?,2529
What is your admission essay like?,1808
What is the best hilarious joke you have ever heard?,3914
What are signs of ultra smart people hiding their intelligence?,77
What is the reason behind having one small testicle and other is bigger comparatively?,947
Who are the most impressive US military commanders?,3271
What will happen to the money in foreign banks after demonetizing 500 and 1000 rupee notes?,3464
How is demonetizing the Rs 500 and 1000 currencies affects Indian economy? How this affect the black money in Swiss accounts?,1937
Which is the best digital camera on the market?,2710
How can I create a type writing effect on a template?,710
Where Can My Business Capital injection Come From?,2356
How can I come out to my family?,3270
How can one permanently delete files from a desktop computer?,3875
How do I recover my deleted email by my gmail account?,4905
What are your 5 favorite poems?,1222
Should President Obama pardon Hillary Clinton for her crimes?,2026
How do I write a post Quora?,4153
How can I copy music from iTunes to my computer?,2452
How did you stop your addiction towards playing video games?,1862
How do I survive in a long distance relationship?,2926
How do I learn to ask the right questions?,3037
How plausible is it that the electoral college electors might not appoint Trump?,2856
How do I actually lose weight?,2982
When did you realize that you've grown up?,4454
What should I do after Btech from CSE?,1980
Why do students find school boring?,4583
What is a back-end developer?,1496
What does it cost to develop an app like Zomato Order?,402
How long does crystal meth stay in your system?,3448
Are there any scientific reasons behind Hindu temples?,225
What martial art should I learn?,4393
How true are near death experiences?,1752
How did the Catholic Church respond to the Protestant Reformation?,4844
Can I grow shorter?,1375
What would Hillary Clinton do now that the election is over?,144
How do you remove pilling from a sweater?,3118
Who is Jordan?,3546
Is it bad to rev your engine in park?,1270
What if Germany won WWll?,3208
What is the best way to hire freelancers?,4608
How can I read someone else's WhatsApp messages without using his/her phone?,4794
How can I gain weight as an 18 year old girl?,761
Which one is better among KMC Manipal and KMC Mangalore?,126
How can I stop using a smartphone?,3942
What are the most interesting Wikipedia articles?,3170
How can I learn how to play the piano?,1909
What are the best things to do on Halloween?,299
How does Quora avoid duplicate questions?,3496
Is the Mona Lisa painting by Leonardo Da Vinci overhyped?,1360
Can anime exist in a multiverse?,1657
What is the future of the LGBT community in India?,1125
How do I convert NRE FD to RFC?,788
I want to participate in the next Google Summer of Code (GSoC). Where should I start from and what should I do?,1051
How do you view the Indian government's decision to fight black money by scrapping 500 rupee and 1000 rupee notes?,2359
What is the best Python learning book for beginners?,2911
What is the mitochondria? What is the main function?,2606
How do you know if your boyfriend actually loves you?,4332
What was your most embarrassing moment in childhood?,3982
How would I know if a guy has a crush on me?,3045
What are questions to ask a potential daycare provider?,2369
Is God really present?,2611
Which one is the best to choose: smart work or hard work?,3155
Is death a new end or begining?,1027
How do HAM Radio and a CB Radio differ?,623
Have you ever had sex with your teacher?,666
How should I begin learning Python?,730
How do I ask my girl friend to press her breasts?,3566
Should I buy one plus 3 or go with iPhone 6s?,4203
How do I promote business on Twitter?,1728
Will there ever be a Buddhist president of the USA?,4394
Is Donald Trump really a Democrat?,3009
What is psychology?,628
How is the story behind your country's national flag?,560
What is currently your favorite love song of all time?,3744
What is the most important life lesson you've learned so far?,4128
How did Pancho Villa die?,1961
What are a few classic horror novels?,1186
Can Donald Trump win this Tuesday?,1471
How long does meth stay in your system if you snorted 3 little lines?,3448
What kind of questions does HKU ask in their Skype interviews?,4092
What is the fastest way to find my account number of Chase?,4039
Which is the best mobile to buy under 5k?,2829
Does masturbation affects bodybuilding or muscles growth?,818
Can I please get a crown on musical.ly?,3879
What are the best electric shavers available on the market?,1788
Why did Donald Trump win the election?,4982
How much is the average monthly income required to live a reasonably comfortable life with a family of 4 in Mumbai?,4079
What is the most valuable programming language for the future to learn?,4901
How to make friends ?,13
